Datasheet,Image,DK Part #,Mfr Part #,Mfr,Supplier,Description,Stock,Price,@ qty,Min Qty, Package,Series,"Part Status","Capacitance","Tolerance","Voltage - Rated","Temperature Coefficient","Operating Temperature","Features","Ratings","Applications","Failure Rate","Mounting Type","Package / Case","Size / Dimension","Height - Seated (Max)","Thickness (Max)","Lead Spacing","Lead Style"
"-","//media.digikey.com/Renders/TDK%20Renders/C%20Series%203025(7563%20Metric)%203.jpg","445-172989-2-ND,445-172989-1-ND,445-172989-6-ND","CGADN3X7R1E476M230LE","TDK Corporation","TDK Corporation","CAP CER 47UF 25V X7R NONSTND","0","3.50625","0","1000","Tape & Reel (TR),Cut Tape (CT),Digi-Reel®","CGA","Active","47 µF","±20%","25V","X7R","-55°C ~ 125°C","Soft Termination","AEC-Q200","Automotive, Boardflex Sensitive","-","Surface Mount, MLCC","3025 (7563 Metric)","0.295"" L x 0.248"" W (7.50mm x 6.30mm)","-","0.098"" (2.50mm)","-","-"
"-","//media.digikey.com/Renders/TDK%20Renders/CGA-Series-1206-(3216-Metric).jpg","445-173686-2-ND,445-173686-1-ND,445-173686-6-ND","CGA5L1X7R0J226M160AE","TDK Corporation","TDK Corporation","CAP CER 22UF 6.3V X7R 1206","15,988","0.93","0","1","Tape & Reel (TR),Cut Tape (CT),Digi-Reel®","CGA","Active","22 µF","±20%","6.3V","X7R","-55°C ~ 125°C","Soft Termination","AEC-Q200","Automotive, Boardflex Sensitive","-","Surface Mount, MLCC","1206 (3216 Metric)","0.126"" L x 0.063"" W (3.20mm x 1.60mm)","-","0.075"" (1.90mm)","-","-"
"-","//media.digikey.com/Photos/TDK Photos/MFG_CGA6P3X7R1E226M250AE.jpg","445-CGA6P3X7R1E226M250AETR-ND,445-CGA6P3X7R1E226M250AECT-ND,445-CGA6P3X7R1E226M250AEDKR-ND","CGA6P3X7R1E226M250AE","TDK Corporation","TDK Corporation","AUTOMOTIVE GRADE SOFT TERMINATIO","0","1.87","0","1","Tape & Reel (TR),Cut Tape (CT),Digi-Reel®","CGA","Active","22 µF","±20%","25V","X7R","-55°C ~ 125°C","Soft Termination","AEC-Q200","Automotive, Boardflex Sensitive","-","Surface Mount, MLCC","1210 (3225 Metric)","0.126"" L x 0.098"" W (3.20mm x 2.50mm)","-","0.110"" (2.80mm)","-","-"
"-","//media.digikey.com/Renders/TDK%20Renders/CGA-Series-1206-(3216-Metric).jpg","445-7969-2-ND,445-7969-1-ND,445-7969-6-ND","CGA5L1X7R1E106M160AE","TDK Corporation","TDK Corporation","CAP CER 10UF 25V X7R 1206","143,703","0.95","0","1","Tape & Reel (TR),Cut Tape (CT),Digi-Reel®","CGA","Active","10 µF","±20%","25V","X7R","-55°C ~ 125°C","Soft Termination","AEC-Q200","Automotive, Boardflex Sensitive","-","Surface Mount, MLCC","1206 (3216 Metric)","0.126"" L x 0.063"" W (3.20mm x 1.60mm)","-","0.075"" (1.90mm)","-","-"
"-","//media.digikey.com/Renders/TDK%20Renders/CGA-Series-1206-(3216-Metric).jpg","445-172484-2-ND,445-172484-1-ND,445-172484-6-ND","CGA5L1X7R1V106M160AE","TDK Corporation","TDK Corporation","CAP CER 10UF 35V X7R 1206","0","1.08","0","1","Tape & Reel (TR),Cut Tape (CT),Digi-Reel®","CGA","Active","10 µF","±20%","35V","X7R","-55°C ~ 125°C","Soft Termination","AEC-Q200","Automotive, Boardflex Sensitive","-","Surface Mount, MLCC","1206 (3216 Metric)","0.126"" L x 0.063"" W (3.20mm x 1.60mm)","-","0.075"" (1.90mm)","-","-"
"-","//media.digikey.com/Renders/TDK%20Renders/CGA-Series-0805-(2012-Metric).jpg","445-173713-2-ND,445-173713-1-ND,445-173713-6-ND","CGA4J1X7R1E475M125AE","TDK Corporation","TDK Corporation","CAP CER 4.7UF 25V X7R 0805","68,668","0.53","0","1","Tape & Reel (TR),Cut Tape (CT),Digi-Reel®","CGA","Active","4.7 µF","±20%","25V","X7R","-55°C ~ 125°C","Soft Termination","AEC-Q200","Automotive, Boardflex Sensitive","-","Surface Mount, MLCC","0805 (2012 Metric)","0.079"" L x 0.049"" W (2.00mm x 1.25mm)","-","0.059"" (1.50mm)","-","-"
"-","//media.digikey.com/Renders/TDK%20Renders/CGA-Series-1206-(3216-Metric).jpg","445-172482-2-ND,445-172482-1-ND,445-172482-6-ND","CGA5L3X7R1H475M160AE","TDK Corporation","TDK Corporation","CAP CER 4.7UF 50V X7R 1206","104,250","0.74","0","1","Tape & Reel (TR),Cut Tape (CT),Digi-Reel®","CGA","Active","4.7 µF","±20%","50V","X7R","-55°C ~ 125°C","Soft Termination","AEC-Q200","Automotive, Boardflex Sensitive","-","Surface Mount, MLCC","1206 (3216 Metric)","0.126"" L x 0.063"" W (3.20mm x 1.60mm)","-","0.075"" (1.90mm)","-","-"
"-","//media.digikey.com/Renders/TDK%20Renders/CGA-Series-1206-(3216-Metric).jpg","445-7970-2-ND,445-7970-1-ND,445-7970-6-ND","CGA5L1X7R1V475M160AE","TDK Corporation","TDK Corporation","CAP CER 4.7UF 35V X7R 1206","2,004","0.79","0","1","Tape & Reel (TR),Cut Tape (CT),Digi-Reel®","CGA","Active","4.7 µF","±20%","35V","X7R","-55°C ~ 125°C","Soft Termination","AEC-Q200","Automotive, Boardflex Sensitive","-","Surface Mount, MLCC","1206 (3216 Metric)","0.126"" L x 0.063"" W (3.20mm x 1.60mm)","-","0.075"" (1.90mm)","-","-"
"-","//media.digikey.com/Renders/TDK%20Renders/CGA-Series-0805-(2012-Metric).jpg","445-172480-2-ND,445-172480-1-ND,445-172480-6-ND","CGA4J1X7R1V475M125AE","TDK Corporation","TDK Corporation","CAP CER 4.7UF 35V X7R 0805","0","0.67","0","1","Tape & Reel (TR),Cut Tape (CT),Digi-Reel®","CGA","Active","4.7 µF","±20%","35V","X7R","-55°C ~ 125°C","Soft Termination","AEC-Q200","Automotive, Boardflex Sensitive","-","Surface Mount, MLCC","0805 (2012 Metric)","0.079"" L x 0.049"" W (2.00mm x 1.25mm)","-","0.059"" (1.50mm)","-","-"
"-","//media.digikey.com/Renders/TDK%20Renders/CGA-Series-0805-(2012-Metric).jpg","445-7955-2-ND,445-7955-1-ND,445-7955-6-ND","CGA4J3X7R1C475M125AE","TDK Corporation","TDK Corporation","CAP CER 4.7UF 16V X7R 0805","2,880","0.52","0","1","Tape & Reel (TR),Cut Tape (CT),Digi-Reel®","CGA","Active","4.7 µF","±20%","16V","X7R","-55°C ~ 125°C","Soft Termination","AEC-Q200","Automotive, Boardflex Sensitive","-","Surface Mount, MLCC","0805 (2012 Metric)","0.079"" L x 0.049"" W (2.00mm x 1.25mm)","-","0.059"" (1.50mm)","-","-"
"-","//media.digikey.com/Renders/TDK%20Renders/CGA-Series-0805-(2012-Metric).jpg","445-7956-2-ND,445-7956-1-ND,445-7956-6-ND","CGA4J1X7R1V225M125AE","TDK Corporation","TDK Corporation","CAP CER 2.2UF 35V X7R 0805","142,145","0.77","0","1","Tape & Reel (TR),Cut Tape (CT),Digi-Reel®","CGA","Active","2.2 µF","±20%","35V","X7R","-55°C ~ 125°C","Soft Termination","AEC-Q200","Automotive, Boardflex Sensitive","-","Surface Mount, MLCC","0805 (2012 Metric)","0.079"" L x 0.049"" W (2.00mm x 1.25mm)","-","0.059"" (1.50mm)","-","-"
"-","//media.digikey.com/Renders/TDK%20Renders/CGA-Series-1206-(3216-Metric).jpg","445-7972-2-ND,445-7972-1-ND,445-7972-6-ND","CGA5L3X7R1H225M160AE","TDK Corporation","TDK Corporation","CAP CER 2.2UF 50V X7R 1206","19,817","0.97","0","1","Tape & Reel (TR),Cut Tape (CT),Digi-Reel®","CGA","Active","2.2 µF","±20%","50V","X7R","-55°C ~ 125°C","Soft Termination","AEC-Q200","Automotive, Boardflex Sensitive","-","Surface Mount, MLCC","1206 (3216 Metric)","0.126"" L x 0.063"" W (3.20mm x 1.60mm)","-","0.075"" (1.90mm)","-","-"
"-","//media.digikey.com/Renders/TDK%20Renders/1210%20(3225%20Metric)%202.5.jpg","445-7984-2-ND,445-7984-1-ND,445-7984-6-ND","CGA6N3X7R2A225M230AE","TDK Corporation","TDK Corporation","CAP CER 2.2UF 100V X7R 1210","5,046","1.09","0","1","Tape & Reel (TR),Cut Tape (CT),Digi-Reel®","CGA","Active","2.2 µF","±20%","100V","X7R","-55°C ~ 125°C","Soft Termination","AEC-Q200","Automotive, Boardflex Sensitive","-","Surface Mount, MLCC","1210 (3225 Metric)","0.126"" L x 0.098"" W (3.20mm x 2.50mm)","-","0.102"" (2.60mm)","-","-"
"-","//media.digikey.com/Renders/TDK%20Renders/CGA-Series-0805-(2012-Metric).jpg","445-172478-2-ND,445-172478-1-ND,445-172478-6-ND","CGA4J3X7R1H225M125AE","TDK Corporation","TDK Corporation","CAP CER 2.2UF 50V X7R 0805","495","0.57","0","1","Tape & Reel (TR),Cut Tape (CT),Digi-Reel®","CGA","Active","2.2 µF","±20%","50V","X7R","-55°C ~ 125°C","Soft Termination","AEC-Q200","Automotive, Boardflex Sensitive","-","Surface Mount, MLCC","0805 (2012 Metric)","0.079"" L x 0.049"" W (2.00mm x 1.25mm)","-","0.059"" (1.50mm)","-","-"
"-","//media.digikey.com/Renders/TDK%20Renders/CGA-Series-0805-(2012-Metric).jpg","445-173852-2-ND,445-173852-1-ND,445-173852-6-ND","CGA4J3X7R1E225M125AE","TDK Corporation","TDK Corporation","CAP CER 2.2UF 25V X7R 0805","614","0.56","0","1","Tape & Reel (TR),Cut Tape (CT),Digi-Reel®","CGA","Active","2.2 µF","±20%","25V","X7R","-55°C ~ 125°C","Soft Termination","AEC-Q200","Automotive, Boardflex Sensitive","-","Surface Mount, MLCC","0805 (2012 Metric)","0.079"" L x 0.049"" W (2.00mm x 1.25mm)","-","0.059"" (1.50mm)","-","-"
"-","//media.digikey.com/Renders/TDK%20Renders/CGA-Series-1206-(3216-Metric).jpg","CGA5L2X7R1E225M160AE-ND","CGA5L2X7R1E225M160AE","TDK Corporation","TDK Corporation","CAP CER 2.2UF 25V X7R 1206","0","0.1188","0","2000","Tape & Reel (TR)","CGA","Active","2.2 µF","±20%","25V","X7R","-55°C ~ 125°C","Soft Termination","AEC-Q200","Automotive, Boardflex Sensitive","-","Surface Mount, MLCC","1206 (3216 Metric)","0.126"" L x 0.063"" W (3.20mm x 1.60mm)","-","0.075"" (1.90mm)","-","-"
"-","//media.digikey.com/Renders/TDK%20Renders/1210%20(3225%20Metric)%202.5.jpg","CGA6M3X7R1H225M200AE-ND","CGA6M3X7R1H225M200AE","TDK Corporation","TDK Corporation","CAP CER 2.2UF 50V X7R 1210","0","0.2057","0","1000","Tape & Reel (TR)","CGA","Active","2.2 µF","±20%","50V","X7R","-55°C ~ 125°C","Soft Termination","AEC-Q200","Automotive, Boardflex Sensitive","-","Surface Mount, MLCC","1210 (3225 Metric)","0.126"" L x 0.098"" W (3.20mm x 2.50mm)","-","0.091"" (2.30mm)","-","-"
"-","//media.digikey.com/Renders/TDK%20Renders/CGA-Series-1206-(3216-Metric).jpg","CGA5L3X7R1V225M160AE-ND","CGA5L3X7R1V225M160AE","TDK Corporation","TDK Corporation","CAP CER 2.2UF 35V X7R 1206","0","0.2574","0","2000","Tape & Reel (TR)","CGA","Active","2.2 µF","±20%","35V","X7R","-55°C ~ 125°C","Soft Termination","AEC-Q200","Automotive, Boardflex Sensitive","-","Surface Mount, MLCC","1206 (3216 Metric)","0.126"" L x 0.063"" W (3.20mm x 1.60mm)","-","0.075"" (1.90mm)","-","-"
"-","//media.digikey.com/Renders/TDK%20Renders/CGA-Series-2220-(5750-Metric)-2.3.jpg","445-7996-2-ND,445-7996-1-ND,445-7996-6-ND","CGA9N3X7R2E105M230KE","TDK Corporation","TDK Corporation","CAP CER 1UF 250V X7R 2220","5,983","1.96","0","1","Tape & Reel (TR),Cut Tape (CT),Digi-Reel®","CGA","Active","1 µF","±20%","250V","X7R","-55°C ~ 125°C","Soft Termination","AEC-Q200","Automotive, Boardflex Sensitive","-","Surface Mount, MLCC","2220 (5750 Metric)","0.224"" L x 0.197"" W (5.70mm x 5.00mm)","-","0.102"" (2.60mm)","-","-"
"-","//media.digikey.com/Renders/TDK%20Renders/CGA-Series-1206-(3216-Metric).jpg","445-7971-2-ND,445-7971-1-ND,445-7971-6-ND","CGA5L3X7R1H105M160AE","TDK Corporation","TDK Corporation","CAP CER 1UF 50V X7R 1206","3,274","0.4","0","1","Tape & Reel (TR),Cut Tape (CT),Digi-Reel®","CGA","Active","1 µF","±20%","50V","X7R","-55°C ~ 125°C","Soft Termination","AEC-Q200","Automotive, Boardflex Sensitive","-","Surface Mount, MLCC","1206 (3216 Metric)","0.126"" L x 0.063"" W (3.20mm x 1.60mm)","-","0.075"" (1.90mm)","-","-"
"-","//media.digikey.com/Renders/TDK%20Renders/CGA-Series-1206-(3216-Metric).jpg","445-7974-2-ND,445-7974-1-ND,445-7974-6-ND","CGA5L2X7R2A105M160AE","TDK Corporation","TDK Corporation","CAP CER 1UF 100V X7R 1206","476","0.78","0","1","Tape & Reel (TR),Cut Tape (CT),Digi-Reel®","CGA","Active","1 µF","±20%","100V","X7R","-55°C ~ 125°C","Soft Termination","AEC-Q200","Automotive, Boardflex Sensitive","-","Surface Mount, MLCC","1206 (3216 Metric)","0.126"" L x 0.063"" W (3.20mm x 1.60mm)","-","0.075"" (1.90mm)","-","-"
"-","//media.digikey.com/Renders/TDK%20Renders/CGA-Series-0805-(2012-Metric).jpg","445-7958-2-ND,445-7958-1-ND,445-7958-6-ND","CGA4J3X7R1H105M125AE","TDK Corporation","TDK Corporation","CAP CER 1UF 50V X7R 0805","0","0.38","0","1","Tape & Reel (TR),Cut Tape (CT),Digi-Reel®","CGA","Active","1 µF","±20%","50V","X7R","-55°C ~ 125°C","Soft Termination","AEC-Q200","Automotive, Boardflex Sensitive","-","Surface Mount, MLCC","0805 (2012 Metric)","0.079"" L x 0.049"" W (2.00mm x 1.25mm)","-","0.059"" (1.50mm)","-","-"
"-","//media.digikey.com/Renders/TDK%20Renders/CGA-Series-0603-(1608-Metric).jpg","445-173717-2-ND,445-173717-1-ND,445-173717-6-ND","CGA3E1X7R1E105M080AE","TDK Corporation","TDK Corporation","CAP CER 1UF 25V X7R 0603","0","0.27","0","1","Tape & Reel (TR),Cut Tape (CT),Digi-Reel®","CGA","Active","1 µF","±20%","25V","X7R","-55°C ~ 125°C","Soft Termination","AEC-Q200","Automotive, Boardflex Sensitive","-","Surface Mount, MLCC","0603 (1608 Metric)","0.063"" L x 0.031"" W (1.60mm x 0.80mm)","-","0.037"" (0.95mm)","-","-"
"-","//media.digikey.com/Renders/TDK%20Renders/CGA-Series-0603-(1608-Metric).jpg","CGA3E1X7R1V105M080AE-ND","CGA3E1X7R1V105M080AE","TDK Corporation","TDK Corporation","CAP CER 1UF 35V X7R 0603","0","0.06105","0","4000","Tape & Reel (TR)","CGA","Active","1 µF","±20%","35V","X7R","-55°C ~ 125°C","Soft Termination","AEC-Q200","Automotive, Boardflex Sensitive","-","Surface Mount, MLCC","0603 (1608 Metric)","0.063"" L x 0.031"" W (1.60mm x 0.80mm)","-","0.037"" (0.95mm)","-","-"
"-","//media.digikey.com/Renders/TDK%20Renders/CGA-Series-0805-(2012-Metric).jpg","CGA4J3X7R1V105M125AE-ND","CGA4J3X7R1V105M125AE","TDK Corporation","TDK Corporation","CAP CER 1UF 35V X7R 0805","0","0.10158","0","2000","Tape & Reel (TR)","CGA","Active","1 µF","±20%","35V","X7R","-55°C ~ 125°C","Soft Termination","AEC-Q200","Automotive, Boardflex Sensitive","-","Surface Mount, MLCC","0805 (2012 Metric)","0.079"" L x 0.049"" W (2.00mm x 1.25mm)","-","0.059"" (1.50mm)","-","-"
"-","//media.digikey.com/Renders/TDK%20Renders/1210%20(3225%20Metric)%202.5.jpg","CGA6L2X7R1H105M160AE-ND","CGA6L2X7R1H105M160AE","TDK Corporation","TDK Corporation","CAP CER 1UF 50V X7R 1210","0","0.1089","0","2000","Tape & Reel (TR)","CGA","Active","1 µF","±20%","50V","X7R","-55°C ~ 125°C","Soft Termination","AEC-Q200","Automotive, Boardflex Sensitive","-","Surface Mount, MLCC","1210 (3225 Metric)","0.126"" L x 0.098"" W (3.20mm x 2.50mm)","-","0.075"" (1.90mm)","-","-"
"-","//media.digikey.com/Renders/TDK%20Renders/1210%20(3225%20Metric)%202.5.jpg","CGA6M2X7R2A105M200AE-ND","CGA6M2X7R2A105M200AE","TDK Corporation","TDK Corporation","CAP CER 1UF 100V X7R 1210","0","0.30976","0","1000","Tape & Reel (TR)","CGA","Active","1 µF","±20%","100V","X7R","-55°C ~ 125°C","Soft Termination","AEC-Q200","Automotive, Boardflex Sensitive","-","Surface Mount, MLCC","1210 (3225 Metric)","0.126"" L x 0.098"" W (3.20mm x 2.50mm)","-","0.091"" (2.30mm)","-","-"
"-","//media.digikey.com/Renders/TDK%20Renders/CGA-Series-1206-(3216-Metric).jpg","445-7973-2-ND,445-7973-1-ND,445-7973-6-ND","CGA5L2X7R2A474M160AE","TDK Corporation","TDK Corporation","CAP CER 0.47UF 100V X7R 1206","3,725","0.81","0","1","Tape & Reel (TR),Cut Tape (CT),Digi-Reel®","CGA","Active","0.47 µF","±20%","100V","X7R","-55°C ~ 125°C","Soft Termination","AEC-Q200","Automotive, Boardflex Sensitive","-","Surface Mount, MLCC","1206 (3216 Metric)","0.126"" L x 0.063"" W (3.20mm x 1.60mm)","-","0.075"" (1.90mm)","-","-"
"-","//media.digikey.com/Renders/TDK%20Renders/CGA-Series-0805-(2012-Metric).jpg","445-7957-2-ND,445-7957-1-ND,445-7957-6-ND","CGA4J3X7R1H474M125AE","TDK Corporation","TDK Corporation","CAP CER 0.47UF 50V X7R 0805","1,475","0.37","0","1","Tape & Reel (TR),Cut Tape (CT),Digi-Reel®","CGA","Active","0.47 µF","±20%","50V","X7R","-55°C ~ 125°C","Soft Termination","AEC-Q200","Automotive, Boardflex Sensitive","-","Surface Mount, MLCC","0805 (2012 Metric)","0.079"" L x 0.049"" W (2.00mm x 1.25mm)","-","0.059"" (1.50mm)","-","-"
"-","//media.digikey.com/Renders/TDK%20Renders/CGA-Series-1812-(4532-Metric)-2.2.jpg","445-7991-2-ND,445-7991-1-ND,445-7991-6-ND","CGA8N3X7R2E474M230KE","TDK Corporation","TDK Corporation","CAP CER 0.47UF 250V X7R 1812","519","1.13","0","1","Tape & Reel (TR),Cut Tape (CT),Digi-Reel®","CGA","Active","0.47 µF","±20%","250V","X7R","-55°C ~ 125°C","Soft Termination","AEC-Q200","Automotive, Boardflex Sensitive","-","Surface Mount, MLCC","1812 (4532 Metric)","0.177"" L x 0.126"" W (4.50mm x 3.20mm)","-","0.102"" (2.60mm)","-","-"
"-","//media.digikey.com/Renders/TDK%20Renders/CGA-Series-0603-(1608-Metric).jpg","445-172476-2-ND,445-172476-1-ND,445-172476-6-ND","CGA3E3X7R1H474M080AE","TDK Corporation","TDK Corporation","CAP CER 0.47UF 50V X7R 0603","9,337","0.36","0","1","Tape & Reel (TR),Cut Tape (CT),Digi-Reel®","CGA","Active","0.47 µF","±20%","50V","X7R","-55°C ~ 125°C","Soft Termination","AEC-Q200","Automotive, Boardflex Sensitive","-","Surface Mount, MLCC","0603 (1608 Metric)","0.063"" L x 0.031"" W (1.60mm x 0.80mm)","-","0.037"" (0.95mm)","-","-"
"-","//media.digikey.com/Renders/TDK%20Renders/CGA-Series-0603-(1608-Metric).jpg","CGA3E3X7R1E474M080AE-ND","CGA3E3X7R1E474M080AE","TDK Corporation","TDK Corporation","CAP CER 0.47UF 25V X7R 0603","0","0.05291","0","4000","Tape & Reel (TR)","CGA","Active","0.47 µF","±20%","25V","X7R","-55°C ~ 125°C","Soft Termination","AEC-Q200","Automotive, Boardflex Sensitive","-","Surface Mount, MLCC","0603 (1608 Metric)","0.063"" L x 0.031"" W (1.60mm x 0.80mm)","-","0.037"" (0.95mm)","-","-"
"-","//media.digikey.com/Renders/TDK%20Renders/CGA-Series-0603-(1608-Metric).jpg","CGA3E1X7R1V474M080AE-ND","CGA3E1X7R1V474M080AE","TDK Corporation","TDK Corporation","CAP CER 0.47UF 35V X7R 0603","0","0.06105","0","4000","Tape & Reel (TR)","CGA","Active","0.47 µF","±20%","35V","X7R","-55°C ~ 125°C","Soft Termination","AEC-Q200","Automotive, Boardflex Sensitive","-","Surface Mount, MLCC","0603 (1608 Metric)","0.063"" L x 0.031"" W (1.60mm x 0.80mm)","-","0.037"" (0.95mm)","-","-"
"-","//media.digikey.com/Renders/TDK%20Renders/1210%20(3225%20Metric)%202.5.jpg","CGA6M2X7R2A474M200AE-ND","CGA6M2X7R2A474M200AE","TDK Corporation","TDK Corporation","CAP CER 0.47UF 100V X7R 1210","0","0.27104","0","1000","Tape & Reel (TR)","CGA","Active","0.47 µF","±20%","100V","X7R","-55°C ~ 125°C","Soft Termination","AEC-Q200","Automotive, Boardflex Sensitive","-","Surface Mount, MLCC","1210 (3225 Metric)","0.126"" L x 0.098"" W (3.20mm x 2.50mm)","-","0.091"" (2.30mm)","-","-"
"-","//media.digikey.com/Renders/TDK%20Renders/CGA-Series-0402-(1005-Metric).jpg","445-CGA2B3X7R1E224M050BETR-ND,445-CGA2B3X7R1E224M050BECT-ND,445-CGA2B3X7R1E224M050BEDKR-ND","CGA2B3X7R1E224M050BE","TDK Corporation","TDK Corporation","CAP CER 0.22UF 25V X7R 0402","39,470","0.28","0","1","Tape & Reel (TR),Cut Tape (CT),Digi-Reel®","CGA","Active","0.22 µF","±20%","25V","X7R","-55°C ~ 125°C","Soft Termination","AEC-Q200","Automotive, Boardflex Sensitive","-","Surface Mount, MLCC","0402 (1005 Metric)","0.039"" L x 0.020"" W (1.00mm x 0.50mm)","-","0.024"" (0.60mm)","-","-"
"-","//media.digikey.com/Renders/TDK%20Renders/1210%20(3225%20Metric)%202.5.jpg","445-7987-2-ND,445-7987-1-ND,445-7987-6-ND","CGA6M3X7R2E224M200AE","TDK Corporation","TDK Corporation","CAP CER 0.22UF 250V X7R 1210","3,867","0.78","0","1","Tape & Reel (TR),Cut Tape (CT),Digi-Reel®","CGA","Active","0.22 µF","±20%","250V","X7R","-55°C ~ 125°C","Soft Termination","AEC-Q200","Automotive, Boardflex Sensitive","-","Surface Mount, MLCC","1210 (3225 Metric)","0.126"" L x 0.098"" W (3.20mm x 2.50mm)","-","0.091"" (2.30mm)","-","-"
"-","//media.digikey.com/Renders/TDK%20Renders/CGA-Series-0402-(1005-Metric).jpg","CGA2B2X7R1C224M050BE-ND","CGA2B2X7R1C224M050BE","TDK Corporation","TDK Corporation","CAP CER 0.22UF 16V X7R 0402","0","0.03804","0","10000","Tape & Reel (TR)","CGA","Active","0.22 µF","±20%","16V","X7R","-55°C ~ 125°C","Soft Termination","AEC-Q200","Automotive, Boardflex Sensitive","-","Surface Mount, MLCC","0402 (1005 Metric)","0.039"" L x 0.020"" W (1.00mm x 0.50mm)","-","0.024"" (0.60mm)","-","-"
"-","//media.digikey.com/Renders/TDK%20Renders/CGA-Series-0603-(1608-Metric).jpg","CGA3E3X7R1H224M080AE-ND","CGA3E3X7R1H224M080AE","TDK Corporation","TDK Corporation","CAP CER 0.22UF 50V X7R 0603","0","0.04356","0","4000","Tape & Reel (TR)","CGA","Active","0.22 µF","±20%","50V","X7R","-55°C ~ 125°C","Soft Termination","AEC-Q200","Automotive, Boardflex Sensitive","-","Surface Mount, MLCC","0603 (1608 Metric)","0.063"" L x 0.031"" W (1.60mm x 0.80mm)","-","0.037"" (0.95mm)","-","-"
"-","//media.digikey.com/Renders/TDK%20Renders/CGA-Series-0402-(1005-Metric).jpg","CGA2B1X7R1V224M050BE-ND","CGA2B1X7R1V224M050BE","TDK Corporation","TDK Corporation","CAP CER 0.22UF 35V X7R 0402","0","0.05016","0","10000","Tape & Reel (TR)","CGA","Active","0.22 µF","±20%","35V","X7R","-55°C ~ 125°C","Soft Termination","AEC-Q200","Automotive, Boardflex Sensitive","-","Surface Mount, MLCC","0402 (1005 Metric)","0.039"" L x 0.020"" W (1.00mm x 0.50mm)","-","0.024"" (0.60mm)","-","-"
"-","//media.digikey.com/Renders/TDK%20Renders/CGA-Series-0603-(1608-Metric).jpg","CGA3E3X7R1V224M080AE-ND","CGA3E3X7R1V224M080AE","TDK Corporation","TDK Corporation","CAP CER 0.22UF 35V X7R 0603","0","0.05088","0","4000","Tape & Reel (TR)","CGA","Active","0.22 µF","±20%","35V","X7R","-55°C ~ 125°C","Soft Termination","AEC-Q200","Automotive, Boardflex Sensitive","-","Surface Mount, MLCC","0603 (1608 Metric)","0.063"" L x 0.031"" W (1.60mm x 0.80mm)","-","0.037"" (0.95mm)","-","-"
"-","//media.digikey.com/Renders/TDK%20Renders/CGA-Series-0805-(2012-Metric).jpg","CGA4J2X7R1H224M125AE-ND","CGA4J2X7R1H224M125AE","TDK Corporation","TDK Corporation","CAP CER 0.22UF 50V X7R 0805","0","0.05808","0","2000","Tape & Reel (TR)","CGA","Active","0.22 µF","±20%","50V","X7R","-55°C ~ 125°C","Soft Termination","AEC-Q200","Automotive, Boardflex Sensitive","-","Surface Mount, MLCC","0805 (2012 Metric)","0.079"" L x 0.049"" W (2.00mm x 1.25mm)","-","0.059"" (1.50mm)","-","-"
"-","//media.digikey.com/Renders/TDK%20Renders/CGA-Series-1206-(3216-Metric).jpg","CGA5H2X7R2A224M115AE-ND","CGA5H2X7R2A224M115AE","TDK Corporation","TDK Corporation","CAP CER 0.22UF 100V X7R 1206","0","0.12672","0","2000","Tape & Reel (TR)","CGA","Active","0.22 µF","±20%","100V","X7R","-55°C ~ 125°C","Soft Termination","AEC-Q200","Automotive, Boardflex Sensitive","-","Surface Mount, MLCC","1206 (3216 Metric)","0.126"" L x 0.063"" W (3.20mm x 1.60mm)","-","0.051"" (1.30mm)","-","-"
"-","//media.digikey.com/Renders/TDK%20Renders/CGA-Series-2220-(5750-Metric)-2.8.jpg","CGA9N4X7R2J224M230KE-ND","CGA9N4X7R2J224M230KE","TDK Corporation","TDK Corporation","CAP CER 0.22UF 630V X7R 2220","0","0.6732","0","500","Tape & Reel (TR)","CGA","Active","0.22 µF","±20%","630V","X7R","-55°C ~ 125°C","Soft Termination","AEC-Q200","Automotive, Boardflex Sensitive","-","Surface Mount, MLCC","2220 (5750 Metric)","0.224"" L x 0.197"" W (5.70mm x 5.00mm)","-","0.102"" (2.60mm)","-","-"
"-","//media.digikey.com/Renders/TDK%20Renders/CGA-Series-0402-(1005-Metric).jpg","445-173793-2-ND,445-173793-1-ND,445-173793-6-ND","CGA2B3X7R1H104M050BE","TDK Corporation","TDK Corporation","CAP CER 0.1UF 50V X7R 0402","34,943","0.21","0","1","Tape & Reel (TR),Cut Tape (CT),Digi-Reel®","CGA","Active","0.1 µF","±20%","50V","X7R","-55°C ~ 125°C","Soft Termination","AEC-Q200","Automotive, Boardflex Sensitive","-","Surface Mount, MLCC","0402 (1005 Metric)","0.039"" L x 0.020"" W (1.00mm x 0.50mm)","-","0.024"" (0.60mm)","-","-"
"-","//media.digikey.com/Renders/TDK%20Renders/CGA-Series-0603-(1608-Metric).jpg","445-15958-2-ND,445-15958-1-ND,445-15958-6-ND","CGA3E2X7R1H104M080AE","TDK Corporation","TDK Corporation","CAP CER 0.1UF 50V X7R 0603","10,114","0.24","0","1","Tape & Reel (TR),Cut Tape (CT),Digi-Reel®","CGA","Active","0.1 µF","±20%","50V","X7R","-55°C ~ 125°C","Soft Termination","AEC-Q200","Automotive, Boardflex Sensitive","-","Surface Mount, MLCC","0603 (1608 Metric)","0.063"" L x 0.031"" W (1.60mm x 0.80mm)","-","0.037"" (0.95mm)","-","-"
"-","//media.digikey.com/Renders/TDK%20Renders/CGA-Series-0805-(2012-Metric).jpg","445-15962-2-ND,445-15962-1-ND,445-15962-6-ND","CGA4J2X7R2A104M125AE","TDK Corporation","TDK Corporation","CAP CER 0.1UF 100V X7R 0805","3,141","0.38","0","1","Tape & Reel (TR),Cut Tape (CT),Digi-Reel®","CGA","Active","0.1 µF","±20%","100V","X7R","-55°C ~ 125°C","Soft Termination","AEC-Q200","Automotive, Boardflex Sensitive","-","Surface Mount, MLCC","0805 (2012 Metric)","0.079"" L x 0.049"" W (2.00mm x 1.25mm)","-","0.059"" (1.50mm)","-","-"
"-","//media.digikey.com/Renders/TDK%20Renders/CGA-Series-1206-(3216-Metric).jpg","445-7976-2-ND,445-7976-1-ND,445-7976-6-ND","CGA5L3X7R2E104M160AE","TDK Corporation","TDK Corporation","CAP CER 0.1UF 250V X7R 1206","2,168","0.54","0","1","Tape & Reel (TR),Cut Tape (CT),Digi-Reel®","CGA","Active","0.1 µF","±20%","250V","X7R","-55°C ~ 125°C","Soft Termination","AEC-Q200","Automotive, Boardflex Sensitive","-","Surface Mount, MLCC","1206 (3216 Metric)","0.126"" L x 0.063"" W (3.20mm x 1.60mm)","-","0.075"" (1.90mm)","-","-"
"-","//media.digikey.com/Renders/TDK%20Renders/CGA-Series-1206-(3216-Metric).jpg","445-15964-2-ND,445-15964-1-ND,445-15964-6-ND","CGA5L2X7R2A104M160AE","TDK Corporation","TDK Corporation","CAP CER 0.1UF 100V X7R 1206","208","0.44","0","1","Tape & Reel (TR),Cut Tape (CT),Digi-Reel®","CGA","Active","0.1 µF","±20%","100V","X7R","-55°C ~ 125°C","Soft Termination","AEC-Q200","Automotive, Boardflex Sensitive","-","Surface Mount, MLCC","1206 (3216 Metric)","0.126"" L x 0.063"" W (3.20mm x 1.60mm)","-","0.075"" (1.90mm)","-","-"
"-","//media.digikey.com/Renders/TDK%20Renders/1210%20(3225%20Metric)%202.5.jpg","445-7986-2-ND,445-7986-1-ND,445-7986-6-ND","CGA6M3X7R2E104M200AE","TDK Corporation","TDK Corporation","CAP CER 0.1UF 250V X7R 1210","353","0.61","0","1","Tape & Reel (TR),Cut Tape (CT),Digi-Reel®","CGA","Active","0.1 µF","±20%","250V","X7R","-55°C ~ 125°C","Soft Termination","AEC-Q200","Automotive, Boardflex Sensitive","-","Surface Mount, MLCC","1210 (3225 Metric)","0.126"" L x 0.098"" W (3.20mm x 2.50mm)","-","0.091"" (2.30mm)","-","-"
"-","//media.digikey.com/Renders/TDK%20Renders/CGA-Series-0805-(2012-Metric).jpg","445-15960-2-ND,445-15960-1-ND,445-15960-6-ND","CGA4J2X7R1H104M125AE","TDK Corporation","TDK Corporation","CAP CER 0.1UF 50V X7R 0805","0","0.26","0","1","Tape & Reel (TR),Cut Tape (CT),Digi-Reel®","CGA","Active","0.1 µF","±20%","50V","X7R","-55°C ~ 125°C","Soft Termination","AEC-Q200","Automotive, Boardflex Sensitive","-","Surface Mount, MLCC","0805 (2012 Metric)","0.079"" L x 0.049"" W (2.00mm x 1.25mm)","-","0.059"" (1.50mm)","-","-"
"-","//media.digikey.com/Renders/TDK%20Renders/CGA-Series-1812-(4532-Metric)-2.6.jpg","CGA8N4X7R2J104M230KE-ND","CGA8N4X7R2J104M230KE","TDK Corporation","TDK Corporation","CAP CER 0.1UF 630V X7R 1812","0","0.4158","0","500","Tape & Reel (TR)","CGA","Active","0.1 µF","±20%","630V","X7R","-55°C ~ 125°C","Soft Termination","AEC-Q200","Automotive, Boardflex Sensitive","-","Surface Mount, MLCC","1812 (4532 Metric)","0.177"" L x 0.126"" W (4.50mm x 3.20mm)","-","0.102"" (2.60mm)","-","-"
"-","//media.digikey.com/Renders/TDK%20Renders/1210%20(3225%20Metric)%202.5.jpg","CGA6M4X7R2J683M200AE-ND","CGA6M4X7R2J683M200AE","TDK Corporation","TDK Corporation","CAP CER 0.068UF 630V X7R 1210","0","0.2904","0","1000","Tape & Reel (TR)","CGA","Active","0.068 µF","±20%","630V","X7R","-55°C ~ 125°C","Soft Termination","AEC-Q200","Automotive, Boardflex Sensitive","-","Surface Mount, MLCC","1210 (3225 Metric)","0.126"" L x 0.098"" W (3.20mm x 2.50mm)","-","0.091"" (2.30mm)","-","-"
"-","//media.digikey.com/Renders/TDK%20Renders/1210%20(3225%20Metric)%202.5.jpg","445-7989-2-ND,445-7989-1-ND,445-7989-6-ND","CGA6M4X7R2J473M200AE","TDK Corporation","TDK Corporation","CAP CER 0.047UF 630V X7R 1210","452","0.8","0","1","Tape & Reel (TR),Cut Tape (CT),Digi-Reel®","CGA","Active","0.047 µF","±20%","630V","X7R","-55°C ~ 125°C","Soft Termination","AEC-Q200","Automotive, Boardflex Sensitive","-","Surface Mount, MLCC","1210 (3225 Metric)","0.126"" L x 0.098"" W (3.20mm x 2.50mm)","-","0.091"" (2.30mm)","-","-"
"-","//media.digikey.com/Renders/TDK%20Renders/CGA-Series-0402-(1005-Metric).jpg","CGA2B3X7R1H473M050BE-ND","CGA2B3X7R1H473M050BE","TDK Corporation","TDK Corporation","CAP CER 0.047UF 50V X7R 0402","0","0.03449","0","10000","Tape & Reel (TR)","CGA","Active","0.047 µF","±20%","50V","X7R","-55°C ~ 125°C","Soft Termination","AEC-Q200","Automotive, Boardflex Sensitive","-","Surface Mount, MLCC","0402 (1005 Metric)","0.039"" L x 0.020"" W (1.00mm x 0.50mm)","-","0.024"" (0.60mm)","-","-"
"-","//media.digikey.com/Renders/TDK%20Renders/CGA-Series-0603-(1608-Metric).jpg","CGA3E2X7R1H473M080AE-ND","CGA3E2X7R1H473M080AE","TDK Corporation","TDK Corporation","CAP CER 0.047UF 50V X7R 0603","0","0.0396","0","4000","Tape & Reel (TR)","CGA","Active","0.047 µF","±20%","50V","X7R","-55°C ~ 125°C","Soft Termination","AEC-Q200","Automotive, Boardflex Sensitive","-","Surface Mount, MLCC","0603 (1608 Metric)","0.063"" L x 0.031"" W (1.60mm x 0.80mm)","-","0.037"" (0.95mm)","-","-"
"-","//media.digikey.com/Renders/TDK%20Renders/CGA-Series-0805-(2012-Metric).jpg","CGA4J2X7R2A473M125AE-ND","CGA4J2X7R2A473M125AE","TDK Corporation","TDK Corporation","CAP CER 0.047UF 100V X7R 0805","0","0.0748","0","2000","Tape & Reel (TR)","CGA","Active","0.047 µF","±20%","100V","X7R","-55°C ~ 125°C","Soft Termination","AEC-Q200","Automotive, Boardflex Sensitive","-","Surface Mount, MLCC","0805 (2012 Metric)","0.079"" L x 0.049"" W (2.00mm x 1.25mm)","-","0.059"" (1.50mm)","-","-"
"-","//media.digikey.com/Renders/TDK%20Renders/CGA-Series-1206-(3216-Metric).jpg","CGA5L3X7R2E473M160AE-ND","CGA5L3X7R2E473M160AE","TDK Corporation","TDK Corporation","CAP CER 0.047UF 250V X7R 1206","0","0.1089","0","2000","Tape & Reel (TR)","CGA","Active","0.047 µF","±20%","250V","X7R","-55°C ~ 125°C","Soft Termination","AEC-Q200","Automotive, Boardflex Sensitive","-","Surface Mount, MLCC","1206 (3216 Metric)","0.126"" L x 0.063"" W (3.20mm x 1.60mm)","-","0.075"" (1.90mm)","-","-"
"-","//media.digikey.com/Renders/TDK%20Renders/CGA-Series-1206-(3216-Metric).jpg","CGA5L4X7R2J333M160AE-ND","CGA5L4X7R2J333M160AE","TDK Corporation","TDK Corporation","CAP CER 0.033UF 630V X7R 1206","0","0.14256","0","2000","Tape & Reel (TR)","CGA","Active","0.033 µF","±20%","630V","X7R","-55°C ~ 125°C","Soft Termination","AEC-Q200","Automotive, Boardflex Sensitive","-","Surface Mount, MLCC","1206 (3216 Metric)","0.126"" L x 0.063"" W (3.20mm x 1.60mm)","-","0.075"" (1.90mm)","-","-"
"-","//media.digikey.com/Renders/TDK%20Renders/CGA-Series-0805-(2012-Metric).jpg","445-7963-2-ND,445-7963-1-ND,445-7963-6-ND","CGA4J3X7R2E223M125AE","TDK Corporation","TDK Corporation","CAP CER 0.022UF 250V X7R 0805","1,109","0.24","0","1","Tape & Reel (TR),Cut Tape (CT),Digi-Reel®","CGA","Active","0.022 µF","±20%","250V","X7R","-55°C ~ 125°C","Soft Termination","AEC-Q200","Automotive, Boardflex Sensitive","-","Surface Mount, MLCC","0805 (2012 Metric)","0.079"" L x 0.049"" W (2.00mm x 1.25mm)","-","0.059"" (1.50mm)","-","-"
"-","//media.digikey.com/Renders/TDK%20Renders/CGA-Series-1206-(3216-Metric).jpg","445-7980-2-ND,445-7980-1-ND,445-7980-6-ND","CGA5K4X7R2J223M130AE","TDK Corporation","TDK Corporation","CAP CER 0.022UF 630V X7R 1206","0","0.47","0","1","Tape & Reel (TR),Cut Tape (CT),Digi-Reel®","CGA","Active","0.022 µF","±20%","630V","X7R","-55°C ~ 125°C","Soft Termination","AEC-Q200","Automotive, Boardflex Sensitive","-","Surface Mount, MLCC","1206 (3216 Metric)","0.126"" L x 0.063"" W (3.20mm x 1.60mm)","-","0.059"" (1.50mm)","-","-"
"-","//media.digikey.com/Renders/TDK%20Renders/CGA-Series-0402-(1005-Metric).jpg","CGA2B3X7R1H223M050BE-ND","CGA2B3X7R1H223M050BE","TDK Corporation","TDK Corporation","CAP CER 0.022UF 50V X7R 0402","0","0.03344","0","10000","Tape & Reel (TR)","CGA","Active","0.022 µF","±20%","50V","X7R","-55°C ~ 125°C","Soft Termination","AEC-Q200","Automotive, Boardflex Sensitive","-","Surface Mount, MLCC","0402 (1005 Metric)","0.039"" L x 0.020"" W (1.00mm x 0.50mm)","-","0.024"" (0.60mm)","-","-"
"-","//media.digikey.com/Renders/TDK%20Renders/CGA-Series-0603-(1608-Metric).jpg","CGA3E2X7R1H223M080AE-ND","CGA3E2X7R1H223M080AE","TDK Corporation","TDK Corporation","CAP CER 0.022UF 50V X7R 0603","0","0.0374","0","4000","Tape & Reel (TR)","CGA","Active","0.022 µF","±20%","50V","X7R","-55°C ~ 125°C","Soft Termination","AEC-Q200","Automotive, Boardflex Sensitive","-","Surface Mount, MLCC","0603 (1608 Metric)","0.063"" L x 0.031"" W (1.60mm x 0.80mm)","-","0.037"" (0.95mm)","-","-"
"-","//media.digikey.com/Renders/TDK%20Renders/CGA-Series-0603-(1608-Metric).jpg","CGA3E2X7R2A223M080AE-ND","CGA3E2X7R2A223M080AE","TDK Corporation","TDK Corporation","CAP CER 0.022UF 100V X7R 0603","0","0.0484","0","4000","Tape & Reel (TR)","CGA","Active","0.022 µF","±20%","100V","X7R","-55°C ~ 125°C","Soft Termination","AEC-Q200","Automotive, Boardflex Sensitive","-","Surface Mount, MLCC","0603 (1608 Metric)","0.063"" L x 0.031"" W (1.60mm x 0.80mm)","-","0.037"" (0.95mm)","-","-"
"-","//media.digikey.com/Renders/TDK%20Renders/CGA-Series-0805-(2012-Metric).jpg","CGA4J2X7R2A223M125AE-ND","CGA4J2X7R2A223M125AE","TDK Corporation","TDK Corporation","CAP CER 0.022UF 100V X7R 0805","0","0.066","0","2000","Tape & Reel (TR)","CGA","Active","0.022 µF","±20%","100V","X7R","-55°C ~ 125°C","Soft Termination","AEC-Q200","Automotive, Boardflex Sensitive","-","Surface Mount, MLCC","0805 (2012 Metric)","0.079"" L x 0.049"" W (2.00mm x 1.25mm)","-","0.059"" (1.50mm)","-","-"
"-","//media.digikey.com/Renders/TDK%20Renders/CGA-Series-1206-(3216-Metric).jpg","CGA5H3X7R2E223M115AE-ND","CGA5H3X7R2E223M115AE","TDK Corporation","TDK Corporation","CAP CER 0.022UF 250V X7R 1206","0","0.09801","0","2000","Tape & Reel (TR)","CGA","Active","0.022 µF","±20%","250V","X7R","-55°C ~ 125°C","Soft Termination","AEC-Q200","Automotive, Boardflex Sensitive","-","Surface Mount, MLCC","1206 (3216 Metric)","0.126"" L x 0.063"" W (3.20mm x 1.60mm)","-","0.051"" (1.30mm)","-","-"
"-","//media.digikey.com/Renders/TDK%20Renders/CGA-Series-0603-(1608-Metric).jpg","445-15956-2-ND,445-15956-1-ND,445-15956-6-ND","CGA3E2X7R1H103M080AE","TDK Corporation","TDK Corporation","CAP CER 10000PF 50V X7R 0603","3,630","0.22","0","1","Tape & Reel (TR),Cut Tape (CT),Digi-Reel®","CGA","Active","10000 pF","±20%","50V","X7R","-55°C ~ 125°C","Soft Termination","AEC-Q200","Automotive, Boardflex Sensitive","-","Surface Mount, MLCC","0603 (1608 Metric)","0.063"" L x 0.031"" W (1.60mm x 0.80mm)","-","0.037"" (0.95mm)","-","-"
"-","//media.digikey.com/Renders/TDK%20Renders/CGA-Series-0805-(2012-Metric).jpg","445-7962-2-ND,445-7962-1-ND,445-7962-6-ND","CGA4J3X7R2E103M125AE","TDK Corporation","TDK Corporation","CAP CER 10000PF 250V X7R 0805","478","0.23","0","1","Tape & Reel (TR),Cut Tape (CT),Digi-Reel®","CGA","Active","10000 pF","±20%","250V","X7R","-55°C ~ 125°C","Soft Termination","AEC-Q200","Automotive, Boardflex Sensitive","-","Surface Mount, MLCC","0805 (2012 Metric)","0.079"" L x 0.049"" W (2.00mm x 1.25mm)","-","0.059"" (1.50mm)","-","-"
"-","//media.digikey.com/Renders/TDK%20Renders/CGA-Series-0805-(2012-Metric).jpg","445-173756-2-ND,445-173756-1-ND,445-173756-6-ND","CGA4F2X7R2A103M085AE","TDK Corporation","TDK Corporation","CAP CER 10000PF 100V X7R 0805","237","0.24","0","1","Tape & Reel (TR),Cut Tape (CT),Digi-Reel®","CGA","Active","10000 pF","±20%","100V","X7R","-55°C ~ 125°C","Soft Termination","AEC-Q200","Automotive, Boardflex Sensitive","-","Surface Mount, MLCC","0805 (2012 Metric)","0.079"" L x 0.049"" W (2.00mm x 1.25mm)","-","0.039"" (1.00mm)","-","-"
"-","//media.digikey.com/Renders/TDK%20Renders/CGA-Series-1206-(3216-Metric).jpg","445-7979-2-ND,445-7979-1-ND,445-7979-6-ND","CGA5H4X7R2J103M115AE","TDK Corporation","TDK Corporation","CAP CER 10000PF 630V X7R 1206","327","0.37","0","1","Tape & Reel (TR),Cut Tape (CT),Digi-Reel®","CGA","Active","10000 pF","±20%","630V","X7R","-55°C ~ 125°C","Soft Termination","AEC-Q200","Automotive, Boardflex Sensitive","-","Surface Mount, MLCC","1206 (3216 Metric)","0.126"" L x 0.063"" W (3.20mm x 1.60mm)","-","0.051"" (1.30mm)","-","-"
"-","//media.digikey.com/Renders/TDK%20Renders/CGA-Series-0402-(1005-Metric).jpg","445-173804-2-ND,445-173804-1-ND,445-173804-6-ND","CGA2B3X7R1H103M050BE","TDK Corporation","TDK Corporation","CAP CER 10000PF 50V X7R 0402","3","0.18","0","1","Tape & Reel (TR),Cut Tape (CT),Digi-Reel®","CGA","Active","10000 pF","±20%","50V","X7R","-55°C ~ 125°C","Soft Termination","AEC-Q200","Automotive, Boardflex Sensitive","-","Surface Mount, MLCC","0402 (1005 Metric)","0.039"" L x 0.020"" W (1.00mm x 0.50mm)","-","0.024"" (0.60mm)","-","-"
"-","//media.digikey.com/Renders/TDK%20Renders/CGA-Series-0603-(1608-Metric).jpg","CGA3E2X7R2A103M080AE-ND","CGA3E2X7R2A103M080AE","TDK Corporation","TDK Corporation","CAP CER 10000PF 100V X7R 0603","0","0.0374","0","4000","Tape & Reel (TR)","CGA","Active","10000 pF","±20%","100V","X7R","-55°C ~ 125°C","Soft Termination","AEC-Q200","Automotive, Boardflex Sensitive","-","Surface Mount, MLCC","0603 (1608 Metric)","0.063"" L x 0.031"" W (1.60mm x 0.80mm)","-","0.037"" (0.95mm)","-","-"
"-","//media.digikey.com/Renders/TDK%20Renders/CGA-Series-0603-(1608-Metric).jpg","445-173851-2-ND,445-173851-1-ND,445-173851-6-ND","CGA3E2X7R1H472M080AE","TDK Corporation","TDK Corporation","CAP CER 4700PF 50V X7R 0603","17,591","0.2","0","1","Tape & Reel (TR),Cut Tape (CT),Digi-Reel®","CGA","Active","4700 pF","±20%","50V","X7R","-55°C ~ 125°C","Soft Termination","AEC-Q200","Automotive, Boardflex Sensitive","-","Surface Mount, MLCC","0603 (1608 Metric)","0.063"" L x 0.031"" W (1.60mm x 0.80mm)","-","0.037"" (0.95mm)","-","-"
"-","//media.digikey.com/Renders/TDK%20Renders/CGA-Series-0805-(2012-Metric).jpg","445-173807-2-ND,445-173807-1-ND,445-173807-6-ND","CGA4F3X7R2E472M085AE","TDK Corporation","TDK Corporation","CAP CER 4700PF 250V X7R 0805","5,475","0.26","0","1","Tape & Reel (TR),Cut Tape (CT),Digi-Reel®","CGA","Active","4700 pF","±20%","250V","X7R","-55°C ~ 125°C","Soft Termination","AEC-Q200","Automotive, Boardflex Sensitive","-","Surface Mount, MLCC","0805 (2012 Metric)","0.079"" L x 0.049"" W (2.00mm x 1.25mm)","-","0.039"" (1.00mm)","-","-"
"-","//media.digikey.com/Renders/TDK%20Renders/CGA-Series-0402-(1005-Metric).jpg","CGA2B2X7R1H472M050BE-ND","CGA2B2X7R1H472M050BE","TDK Corporation","TDK Corporation","CAP CER 4700PF 50V X7R 0402","0","0.0264","0","10000","Tape & Reel (TR)","CGA","Active","4700 pF","±20%","50V","X7R","-55°C ~ 125°C","Soft Termination","AEC-Q200","Automotive, Boardflex Sensitive","-","Surface Mount, MLCC","0402 (1005 Metric)","0.039"" L x 0.020"" W (1.00mm x 0.50mm)","-","0.024"" (0.60mm)","-","-"
"-","//media.digikey.com/Renders/TDK%20Renders/CGA-Series-0603-(1608-Metric).jpg","CGA3E2X7R2A472M080AE-ND","CGA3E2X7R2A472M080AE","TDK Corporation","TDK Corporation","CAP CER 4700PF 100V X7R 0603","0","0.0374","0","4000","Tape & Reel (TR)","CGA","Active","4700 pF","±20%","100V","X7R","-55°C ~ 125°C","Soft Termination","AEC-Q200","Automotive, Boardflex Sensitive","-","Surface Mount, MLCC","0603 (1608 Metric)","0.063"" L x 0.031"" W (1.60mm x 0.80mm)","-","0.037"" (0.95mm)","-","-"
"-","//media.digikey.com/Renders/TDK%20Renders/CGA-Series-0805-(2012-Metric).jpg","CGA4F2X7R2A472M085AE-ND","CGA4F2X7R2A472M085AE","TDK Corporation","TDK Corporation","CAP CER 4700PF 100V X7R 0805","0","0.05088","0","4000","Tape & Reel (TR)","CGA","Active","4700 pF","±20%","100V","X7R","-55°C ~ 125°C","Soft Termination","AEC-Q200","Automotive, Boardflex Sensitive","-","Surface Mount, MLCC","0805 (2012 Metric)","0.079"" L x 0.049"" W (2.00mm x 1.25mm)","-","0.039"" (1.00mm)","-","-"
"-","//media.digikey.com/Renders/TDK%20Renders/CGA-Series-1206-(3216-Metric).jpg","CGA5H4X7R2J472M115AE-ND","CGA5H4X7R2J472M115AE","TDK Corporation","TDK Corporation","CAP CER 4700PF 630V X7R 1206","0","0.09504","0","2000","Tape & Reel (TR)","CGA","Active","4700 pF","±20%","630V","X7R","-55°C ~ 125°C","Soft Termination","AEC-Q200","Automotive, Boardflex Sensitive","-","Surface Mount, MLCC","1206 (3216 Metric)","0.126"" L x 0.063"" W (3.20mm x 1.60mm)","-","0.051"" (1.30mm)","-","-"
"-","//media.digikey.com/Renders/TDK%20Renders/CGA-Series-1206-(3216-Metric).jpg","CGA5H4X7R2J332M115AE-ND","CGA5H4X7R2J332M115AE","TDK Corporation","TDK Corporation","CAP CER 3300PF 630V X7R 1206","0","0.09108","0","2000","Tape & Reel (TR)","CGA","Not For New Designs","3300 pF","±20%","630V","X7R","-55°C ~ 125°C","Soft Termination","AEC-Q200","Automotive, Boardflex Sensitive","-","Surface Mount, MLCC","1206 (3216 Metric)","0.126"" L x 0.063"" W (3.20mm x 1.60mm)","-","0.051"" (1.30mm)","-","-"
"-","//media.digikey.com/Renders/TDK%20Renders/CGA-Series-1812-(4532-Metric)-1.6.jpg","445-13173-2-ND,445-13173-1-ND,445-13173-6-ND","CGA8K1X7R3D222M130KE","TDK Corporation","TDK Corporation","CAP CER 2200PF 2KV X7R 1812","850","1.09","0","1","Tape & Reel (TR),Cut Tape (CT),Digi-Reel®","CGA","Active","2200 pF","±20%","2000V (2kV)","X7R","-55°C ~ 125°C","Soft Termination, High Voltage","AEC-Q200","Automotive, Boardflex Sensitive","-","Surface Mount, MLCC","1812 (4532 Metric)","0.177"" L x 0.126"" W (4.50mm x 3.20mm)","-","0.059"" (1.50mm)","-","-"
"-","//media.digikey.com/Renders/TDK%20Renders/CGA-Series-0402-(1005-Metric).jpg","CGA2B2X7R1H222M050BE-ND","CGA2B2X7R1H222M050BE","TDK Corporation","TDK Corporation","CAP CER 2200PF 50V X7R 0402","0","0.0264","0","10000","Tape & Reel (TR)","CGA","Active","2200 pF","±20%","50V","X7R","-55°C ~ 125°C","Soft Termination","AEC-Q200","Automotive, Boardflex Sensitive","-","Surface Mount, MLCC","0402 (1005 Metric)","0.039"" L x 0.020"" W (1.00mm x 0.50mm)","-","0.024"" (0.60mm)","-","-"
"-","//media.digikey.com/Renders/TDK%20Renders/CGA-Series-0603-(1608-Metric).jpg","CGA3E2X7R1H222M080AE-ND","CGA3E2X7R1H222M080AE","TDK Corporation","TDK Corporation","CAP CER 2200PF 50V X7R 0603","0","0.03311","0","4000","Tape & Reel (TR)","CGA","Active","2200 pF","±20%","50V","X7R","-55°C ~ 125°C","Soft Termination","AEC-Q200","Automotive, Boardflex Sensitive","-","Surface Mount, MLCC","0603 (1608 Metric)","0.063"" L x 0.031"" W (1.60mm x 0.80mm)","-","0.037"" (0.95mm)","-","-"
"-","//media.digikey.com/Renders/TDK%20Renders/CGA-Series-0603-(1608-Metric).jpg","CGA3E2X7R2A222M080AE-ND","CGA3E2X7R2A222M080AE","TDK Corporation","TDK Corporation","CAP CER 2200PF 100V X7R 0603","0","0.0352","0","4000","Tape & Reel (TR)","CGA","Active","2200 pF","±20%","100V","X7R","-55°C ~ 125°C","Soft Termination","AEC-Q200","Automotive, Boardflex Sensitive","-","Surface Mount, MLCC","0603 (1608 Metric)","0.063"" L x 0.031"" W (1.60mm x 0.80mm)","-","0.037"" (0.95mm)","-","-"
"-","//media.digikey.com/Renders/TDK%20Renders/CGA-Series-0805-(2012-Metric).jpg","CGA4F2X7R2A222M085AE-ND","CGA4F2X7R2A222M085AE","TDK Corporation","TDK Corporation","CAP CER 2200PF 100V X7R 0805","0","0.05088","0","4000","Tape & Reel (TR)","CGA","Active","2200 pF","±20%","100V","X7R","-55°C ~ 125°C","Soft Termination","AEC-Q200","Automotive, Boardflex Sensitive","-","Surface Mount, MLCC","0805 (2012 Metric)","0.079"" L x 0.049"" W (2.00mm x 1.25mm)","-","0.039"" (1.00mm)","-","-"
"-","//media.digikey.com/Renders/TDK%20Renders/CGA-Series-0805-(2012-Metric).jpg","CGA4F3X7R2E222M085AE-ND","CGA4F3X7R2E222M085AE","TDK Corporation","TDK Corporation","CAP CER 2200PF 250V X7R 0805","0","0.05291","0","4000","Tape & Reel (TR)","CGA","Active","2200 pF","±20%","250V","X7R","-55°C ~ 125°C","Soft Termination","AEC-Q200","Automotive, Boardflex Sensitive","-","Surface Mount, MLCC","0805 (2012 Metric)","0.079"" L x 0.049"" W (2.00mm x 1.25mm)","-","0.039"" (1.00mm)","-","-"
"-","//media.digikey.com/Renders/TDK%20Renders/CGA-Series-1206-(3216-Metric).jpg","CGA5H4X7R2J222M115AE-ND","CGA5H4X7R2J222M115AE","TDK Corporation","TDK Corporation","CAP CER 2200PF 630V X7R 1206","0","0.09108","0","2000","Tape & Reel (TR)","CGA","Active","2200 pF","±20%","630V","X7R","-55°C ~ 125°C","Soft Termination","AEC-Q200","Automotive, Boardflex Sensitive","-","Surface Mount, MLCC","1206 (3216 Metric)","0.126"" L x 0.063"" W (3.20mm x 1.60mm)","-","0.051"" (1.30mm)","-","-"
"-","//media.digikey.com/Renders/TDK%20Renders/CGA-Series-0402-(1005-Metric).jpg","445-173850-2-ND,445-173850-1-ND,445-173850-6-ND","CGA2B2X7R1H102M050BE","TDK Corporation","TDK Corporation","CAP CER 1000PF 50V X7R 0402","6,136","0.17","0","1","Tape & Reel (TR),Cut Tape (CT),Digi-Reel®","CGA","Active","1000 pF","±20%","50V","X7R","-55°C ~ 125°C","Soft Termination","AEC-Q200","Automotive, Boardflex Sensitive","-","Surface Mount, MLCC","0402 (1005 Metric)","0.039"" L x 0.020"" W (1.00mm x 0.50mm)","-","0.024"" (0.60mm)","-","-"
"-","//media.digikey.com/Renders/TDK%20Renders/CGA-Series-1808-(4520-Metric)-1.3.jpg","445-13170-2-ND,445-13170-1-ND,445-13170-6-ND","CGA7K1X7R3D102M130KE","TDK Corporation","TDK Corporation","CAP CER 1000PF 2KV X7R 1808","1,149","1.03","0","1","Tape & Reel (TR),Cut Tape (CT),Digi-Reel®","CGA","Active","1000 pF","±20%","2000V (2kV)","X7R","-55°C ~ 125°C","Soft Termination, High Voltage","AEC-Q200","Automotive, Boardflex Sensitive","-","Surface Mount, MLCC","1808 (4520 Metric)","0.177"" L x 0.079"" W (4.50mm x 2.00mm)","-","0.059"" (1.50mm)","-","-"
"-","//media.digikey.com/Renders/TDK%20Renders/CGA-Series-0603-(1608-Metric).jpg","445-15954-2-ND,445-15954-1-ND,445-15954-6-ND","CGA3E2X7R1H102M080AE","TDK Corporation","TDK Corporation","CAP CER 1000PF 50V X7R 0603","5","0.23","0","1","Tape & Reel (TR),Cut Tape (CT),Digi-Reel®","CGA","Active","1000 pF","±20%","50V","X7R","-55°C ~ 125°C","Soft Termination","AEC-Q200","Automotive, Boardflex Sensitive","-","Surface Mount, MLCC","0603 (1608 Metric)","0.063"" L x 0.031"" W (1.60mm x 0.80mm)","-","0.037"" (0.95mm)","-","-"
"-","//media.digikey.com/Renders/TDK%20Renders/CGA-Series-0805-(2012-Metric).jpg","445-173755-2-ND,445-173755-1-ND,445-173755-6-ND","CGA4F2X7R2A102M085AE","TDK Corporation","TDK Corporation","CAP CER 1000PF 100V X7R 0805","75","0.24","0","1","Tape & Reel (TR),Cut Tape (CT),Digi-Reel®","CGA","Active","1000 pF","±20%","100V","X7R","-55°C ~ 125°C","Soft Termination","AEC-Q200","Automotive, Boardflex Sensitive","-","Surface Mount, MLCC","0805 (2012 Metric)","0.079"" L x 0.049"" W (2.00mm x 1.25mm)","-","0.039"" (1.00mm)","-","-"
"-","//media.digikey.com/Renders/TDK%20Renders/CGA-Series-0603-(1608-Metric).jpg","CGA3E2X7R2A102M080AE-ND","CGA3E2X7R2A102M080AE","TDK Corporation","TDK Corporation","CAP CER 1000PF 100V X7R 0603","0","0.0352","0","4000","Tape & Reel (TR)","CGA","Active","1000 pF","±20%","100V","X7R","-55°C ~ 125°C","Soft Termination","AEC-Q200","Automotive, Boardflex Sensitive","-","Surface Mount, MLCC","0603 (1608 Metric)","0.063"" L x 0.031"" W (1.60mm x 0.80mm)","-","0.037"" (0.95mm)","-","-"
"-","//media.digikey.com/Renders/TDK%20Renders/CGA-Series-0805-(2012-Metric).jpg","CGA4F3X7R2E102M085AE-ND","CGA4F3X7R2E102M085AE","TDK Corporation","TDK Corporation","CAP CER 1000PF 250V X7R 0805","0","0.0528","0","4000","Tape & Reel (TR)","CGA","Active","1000 pF","±20%","250V","X7R","-55°C ~ 125°C","Soft Termination","AEC-Q200","Automotive, Boardflex Sensitive","-","Surface Mount, MLCC","0805 (2012 Metric)","0.079"" L x 0.049"" W (2.00mm x 1.25mm)","-","0.039"" (1.00mm)","-","-"
"-","//media.digikey.com/Renders/TDK%20Renders/CGA-Series-1206-(3216-Metric).jpg","CGA5H4X7R2J102M115AE-ND","CGA5H4X7R2J102M115AE","TDK Corporation","TDK Corporation","CAP CER 1000PF 630V X7R 1206","0","0.09108","0","2000","Tape & Reel (TR)","CGA","Active","1000 pF","±20%","630V","X7R","-55°C ~ 125°C","Soft Termination","AEC-Q200","Automotive, Boardflex Sensitive","-","Surface Mount, MLCC","1206 (3216 Metric)","0.126"" L x 0.063"" W (3.20mm x 1.60mm)","-","0.051"" (1.30mm)","-","-"
