Datasheet,Image,DK Part #,Mfr Part #,Mfr,Supplier,Description,Stock,Price,@ qty,Min Qty, Package,Series,Part Status,Capacitance,Tolerance,Voltage - Rated,Temperature Coefficient,Operating Temperature,Features,Ratings,Applications,Failure Rate,Mounting Type,Package / Case,Size / Dimension,Height - Seated (Max),Thickness (Max),Lead Spacing,Lead Style,,nf,size,,technology -*;,attribute size constant;,attribute value constant;,attribute tolerance constant;,attribute rated_v constant;,attribute series constant;,attribute Coefficient constant;,attribute operating_temp constant;,attribute marking constant;,attribute aec-q200 constant;,attribute mfg constant;,attribute mpn constant;
-,//media.digikey.com/Renders/TDK%20Renders/CGA-Series-0402-(1005-Metric).jpg,"445-173670-2-ND,445-173670-1-ND,445-173670-6-ND",CGA2B2X7R1H102K050BE,TDK Corporation,TDK Corporation,CAP CER 1000PF 50V X7R 0402,"307,036",0.17,0,1,"Tape & Reel (TR),Cut Tape (CT),Digi-Reel®",CGA,Active,1000 pF,±10%,50V,X7R,-55°C ~ 125°C,Soft Termination,AEC-Q200,"Automotive, Boardflex Sensitive",-,"Surface Mount, MLCC",0402 (1005 Metric),"0.039"" L x 0.020"" W (1.00mm x 0.50mm)",-,"0.024"" (0.60mm)",-,-,,1.00,0402,,technology 1nf-50V;,attribute size '0402';,attribute value '1 nf';,attribute tolerance '10%';,attribute rated_v '50V';,attribute series 'X7R';,attribute Coefficient '15% ppm/C';,attribute operating_temp '-55 to +125C';,attribute marking '102';,attribute aec-q200 'Y';,attribute mfg 'TDK';,attribute mpn 'CGA2B2X7R1H102K050BE';
-,//media.digikey.com/Renders/TDK%20Renders/CGA-Series-0402-(1005-Metric).jpg,"445-173728-2-ND,445-173728-1-ND,445-173728-6-ND",CGA2B2X7R1H222K050BE,TDK Corporation,TDK Corporation,CAP CER 2200PF 50V X7R 0402,"14,113",0.17,0,1,"Tape & Reel (TR),Cut Tape (CT),Digi-Reel®",CGA,Active,2200 pF,±10%,50V,X7R,-55°C ~ 125°C,Soft Termination,AEC-Q200,"Automotive, Boardflex Sensitive",-,"Surface Mount, MLCC",0402 (1005 Metric),"0.039"" L x 0.020"" W (1.00mm x 0.50mm)",-,"0.024"" (0.60mm)",-,-,,2.20,0402,,technology 2.2nf-50V;,attribute size '0402';,attribute value '2.2 nf';,attribute tolerance '10%';,attribute rated_v '50V';,attribute series 'X7R';,attribute Coefficient '15% ppm/C';,attribute operating_temp '-55 to +125C';,attribute marking '222';,attribute aec-q200 'Y';,attribute mfg 'TDK';,attribute mpn 'CGA2B2X7R1H222K050BE';
-,//media.digikey.com/Renders/TDK%20Renders/CGA-Series-0402-(1005-Metric).jpg,"445-173711-2-ND,445-173711-1-ND,445-173711-6-ND",CGA2B2X7R1H472K050BE,TDK Corporation,TDK Corporation,CAP CER 4700PF 50V X7R 0402,0,0.17,0,1,"Tape & Reel (TR),Cut Tape (CT),Digi-Reel®",CGA,Active,4700 pF,±10%,50V,X7R,-55°C ~ 125°C,Soft Termination,AEC-Q200,"Automotive, Boardflex Sensitive",-,"Surface Mount, MLCC",0402 (1005 Metric),"0.039"" L x 0.020"" W (1.00mm x 0.50mm)",-,"0.024"" (0.60mm)",-,-,,4.70,0402,,technology 4.7nf-50V;,attribute size '0402';,attribute value '4.7 nf';,attribute tolerance '10%';,attribute rated_v '50V';,attribute series 'X7R';,attribute Coefficient '15% ppm/C';,attribute operating_temp '-55 to +125C';,attribute marking '472';,attribute aec-q200 'Y';,attribute mfg 'TDK';,attribute mpn 'CGA2B2X7R1H472K050BE';
-,//media.digikey.com/Renders/TDK%20Renders/CGA-Series-0402-(1005-Metric).jpg,"445-173650-2-ND,445-173650-1-ND,445-173650-6-ND",CGA2B3X7R1H103K050BE,TDK Corporation,TDK Corporation,CAP CER 10000PF 50V X7R 0402,"132,494",0.18,0,1,"Tape & Reel (TR),Cut Tape (CT),Digi-Reel®",CGA,Active,10000 pF,±10%,50V,X7R,-55°C ~ 125°C,Soft Termination,AEC-Q200,"Automotive, Boardflex Sensitive",-,"Surface Mount, MLCC",0402 (1005 Metric),"0.039"" L x 0.020"" W (1.00mm x 0.50mm)",-,"0.024"" (0.60mm)",-,-,,10.00,0402,,technology 10nf-50V;,attribute size '0402';,attribute value '10 nf';,attribute tolerance '10%';,attribute rated_v '50V';,attribute series 'X7R';,attribute Coefficient '15% ppm/C';,attribute operating_temp '-55 to +125C';,attribute marking '103';,attribute aec-q200 'Y';,attribute mfg 'TDK';,attribute mpn 'CGA2B3X7R1H103K050BE';
-,//media.digikey.com/Renders/TDK%20Renders/CGA-Series-0402-(1005-Metric).jpg,"445-173693-2-ND,445-173693-1-ND,445-173693-6-ND",CGA2B3X7R1H223K050BE,TDK Corporation,TDK Corporation,CAP CER 0.022UF 50V X7R 0402,"35,990",0.19,0,1,"Tape & Reel (TR),Cut Tape (CT),Digi-Reel®",CGA,Active,0.022 µF,±10%,50V,X7R,-55°C ~ 125°C,Soft Termination,AEC-Q200,"Automotive, Boardflex Sensitive",-,"Surface Mount, MLCC",0402 (1005 Metric),"0.039"" L x 0.020"" W (1.00mm x 0.50mm)",-,"0.024"" (0.60mm)",-,-,,22.00,0402,,technology 22nf-50V;,attribute size '0402';,attribute value '22 nf';,attribute tolerance '10%';,attribute rated_v '50V';,attribute series 'X7R';,attribute Coefficient '15% ppm/C';,attribute operating_temp '-55 to +125C';,attribute marking '223';,attribute aec-q200 'Y';,attribute mfg 'TDK';,attribute mpn 'CGA2B3X7R1H223K050BE';
-,//media.digikey.com/Renders/TDK%20Renders/CGA-Series-0402-(1005-Metric).jpg,"445-173647-2-ND,445-173647-1-ND,445-173647-6-ND",CGA2B3X7R1H473K050BE,TDK Corporation,TDK Corporation,CAP CER 0.047UF 50V X7R 0402,0,0.2,0,1,"Tape & Reel (TR),Cut Tape (CT),Digi-Reel®",CGA,Active,0.047 µF,±10%,50V,X7R,-55°C ~ 125°C,Soft Termination,AEC-Q200,"Automotive, Boardflex Sensitive",-,"Surface Mount, MLCC",0402 (1005 Metric),"0.039"" L x 0.020"" W (1.00mm x 0.50mm)",-,"0.024"" (0.60mm)",-,-,,47.00,0402,,technology 47nf-50V;,attribute size '0402';,attribute value '47 nf';,attribute tolerance '10%';,attribute rated_v '50V';,attribute series 'X7R';,attribute Coefficient '15% ppm/C';,attribute operating_temp '-55 to +125C';,attribute marking '473';,attribute aec-q200 'Y';,attribute mfg 'TDK';,attribute mpn 'CGA2B3X7R1H473K050BE';
-,//media.digikey.com/Renders/TDK%20Renders/CGA-Series-0402-(1005-Metric).jpg,"445-173614-2-ND,445-173614-1-ND,445-173614-6-ND",CGA2B3X7R1H104K050BE,TDK Corporation,TDK Corporation,CAP CER 0.1UF 50V X7R 0402,0,0.21,0,1,"Tape & Reel (TR),Cut Tape (CT),Digi-Reel®",CGA,Active,0.1 µF,±10%,50V,X7R,-55°C ~ 125°C,Soft Termination,AEC-Q200,"Automotive, Boardflex Sensitive",-,"Surface Mount, MLCC",0402 (1005 Metric),"0.039"" L x 0.020"" W (1.00mm x 0.50mm)",-,"0.024"" (0.60mm)",-,-,,100.00,0402,,technology 100nf-50V;,attribute size '0402';,attribute value '100 nf';,attribute tolerance '10%';,attribute rated_v '50V';,attribute series 'X7R';,attribute Coefficient '15% ppm/C';,attribute operating_temp '-55 to +125C';,attribute marking '104';,attribute aec-q200 'Y';,attribute mfg 'TDK';,attribute mpn 'CGA2B3X7R1H104K050BE';
-,//media.digikey.com/Renders/TDK%20Renders/CGA-Series-0402-(1005-Metric).jpg,"445-173767-2-ND,445-173767-1-ND,445-173767-6-ND",CGA2B1X7R1V224K050BE,TDK Corporation,TDK Corporation,CAP CER 0.22UF 35V X7R 0402,"172,244",0.29,0,1,"Tape & Reel (TR),Cut Tape (CT),Digi-Reel®",CGA,Active,0.22 µF,±10%,35V,X7R,-55°C ~ 125°C,Soft Termination,AEC-Q200,"Automotive, Boardflex Sensitive",-,"Surface Mount, MLCC",0402 (1005 Metric),"0.039"" L x 0.020"" W (1.00mm x 0.50mm)",-,"0.024"" (0.60mm)",-,-,,220.00,0402,,technology 220nf-35V;,attribute size '0402';,attribute value '220 nf';,attribute tolerance '10%';,attribute rated_v '35V';,attribute series 'X7R';,attribute Coefficient '15% ppm/C';,attribute operating_temp '-55 to +125C';,attribute marking '224';,attribute aec-q200 'Y';,attribute mfg 'TDK';,attribute mpn 'CGA2B1X7R1V224K050BE';
-,//media.digikey.com/Renders/TDK%20Renders/CGA-Series-0402-(1005-Metric).jpg,"445-175567-2-ND,445-175567-1-ND,445-175567-6-ND",CGA2B2X7R1C224K050BE,TDK Corporation,TDK Corporation,CAP CER 0.22UF 16V X7R 0402,"3,063",0.22,0,1,"Tape & Reel (TR),Cut Tape (CT),Digi-Reel®",CGA,Active,0.22 µF,±10%,16V,X7R,-55°C ~ 125°C,Soft Termination,AEC-Q200,"Automotive, Boardflex Sensitive",-,"Surface Mount, MLCC",0402 (1005 Metric),"0.039"" L x 0.020"" W (1.00mm x 0.50mm)",-,"0.024"" (0.60mm)",-,-,,220.00,0402,,technology 220nf-16V;,attribute size '0402';,attribute value '220 nf';,attribute tolerance '10%';,attribute rated_v '16V';,attribute series 'X7R';,attribute Coefficient '15% ppm/C';,attribute operating_temp '-55 to +125C';,attribute marking '224';,attribute aec-q200 'Y';,attribute mfg 'TDK';,attribute mpn 'CGA2B2X7R1C224K050BE';
-,//media.digikey.com/Renders/TDK%20Renders/CGA-Series-0402-(1005-Metric).jpg,"445-175568-2-ND,445-175568-1-ND,445-175568-6-ND",CGA2B3X7R1E224K050BE,TDK Corporation,TDK Corporation,CAP CER 0.22UF 25V X7R 0402,0,0.28,0,1,"Tape & Reel (TR),Cut Tape (CT),Digi-Reel®",CGA,Active,0.22 µF,±10%,25V,X7R,-55°C ~ 125°C,Soft Termination,AEC-Q200,"Automotive, Boardflex Sensitive",-,"Surface Mount, MLCC",0402 (1005 Metric),"0.039"" L x 0.020"" W (1.00mm x 0.50mm)",-,"0.024"" (0.60mm)",-,-,,220.00,0402,,technology 220nf-25V;,attribute size '0402';,attribute value '220 nf';,attribute tolerance '10%';,attribute rated_v '25V';,attribute series 'X7R';,attribute Coefficient '15% ppm/C';,attribute operating_temp '-55 to +125C';,attribute marking '224';,attribute aec-q200 'Y';,attribute mfg 'TDK';,attribute mpn 'CGA2B3X7R1E224K050BE';
-,//media.digikey.com/Renders/TDK%20Renders/CGA-Series-0603-(1608-Metric).jpg,"445-15953-2-ND,445-15953-1-ND,445-15953-6-ND",CGA3E2X7R1H102K080AE,TDK Corporation,TDK Corporation,CAP CER 1000PF 50V X7R 0603,"50,420",0.21,0,1,"Tape & Reel (TR),Cut Tape (CT),Digi-Reel®",CGA,Active,1000 pF,±10%,50V,X7R,-55°C ~ 125°C,Soft Termination,AEC-Q200,"Automotive, Boardflex Sensitive",-,"Surface Mount, MLCC",0603 (1608 Metric),"0.063"" L x 0.031"" W (1.60mm x 0.80mm)",-,"0.037"" (0.95mm)",-,-,,1.00,0603,,technology 1nf-50V;,attribute size '0603';,attribute value '1 nf';,attribute tolerance '10%';,attribute rated_v '50V';,attribute series 'X7R';,attribute Coefficient '15% ppm/C';,attribute operating_temp '-55 to +125C';,attribute marking '102';,attribute aec-q200 'Y';,attribute mfg 'TDK';,attribute mpn 'CGA3E2X7R1H102K080AE';
-,//media.digikey.com/Renders/TDK%20Renders/CGA-Series-0603-(1608-Metric).jpg,"445-173744-2-ND,445-173744-1-ND,445-173744-6-ND",CGA3E2X7R2A102K080AE,TDK Corporation,TDK Corporation,CAP CER 1000PF 100V X7R 0603,"1,122",0.19,0,1,"Tape & Reel (TR),Cut Tape (CT),Digi-Reel®",CGA,Active,1000 pF,±10%,100V,X7R,-55°C ~ 125°C,Soft Termination,AEC-Q200,"Automotive, Boardflex Sensitive",-,"Surface Mount, MLCC",0603 (1608 Metric),"0.063"" L x 0.031"" W (1.60mm x 0.80mm)",-,"0.037"" (0.95mm)",-,-,,1.00,0603,,technology 1nf-100V;,attribute size '0603';,attribute value '1 nf';,attribute tolerance '10%';,attribute rated_v '100V';,attribute series 'X7R';,attribute Coefficient '15% ppm/C';,attribute operating_temp '-55 to +125C';,attribute marking '102';,attribute aec-q200 'Y';,attribute mfg 'TDK';,attribute mpn 'CGA3E2X7R2A102K080AE';
-,//media.digikey.com/Renders/TDK%20Renders/CGA-Series-0603-(1608-Metric).jpg,"445-173761-2-ND,445-173761-1-ND,445-173761-6-ND",CGA3E2X7R2A222K080AE,TDK Corporation,TDK Corporation,CAP CER 2200PF 100V X7R 0603,"6,890",0.19,0,1,"Tape & Reel (TR),Cut Tape (CT),Digi-Reel®",CGA,Active,2200 pF,±10%,100V,X7R,-55°C ~ 125°C,Soft Termination,AEC-Q200,"Automotive, Boardflex Sensitive",-,"Surface Mount, MLCC",0603 (1608 Metric),"0.063"" L x 0.031"" W (1.60mm x 0.80mm)",-,"0.037"" (0.95mm)",-,-,,2.20,0603,,technology 2.2nf-100V;,attribute size '0603';,attribute value '2.2 nf';,attribute tolerance '10%';,attribute rated_v '100V';,attribute series 'X7R';,attribute Coefficient '15% ppm/C';,attribute operating_temp '-55 to +125C';,attribute marking '222';,attribute aec-q200 'Y';,attribute mfg 'TDK';,attribute mpn 'CGA3E2X7R2A222K080AE';
-,//media.digikey.com/Renders/TDK%20Renders/CGA-Series-0603-(1608-Metric).jpg,"445-173665-2-ND,445-173665-1-ND,445-173665-6-ND",CGA3E2X7R1H222K080AE,TDK Corporation,TDK Corporation,CAP CER 2200PF 50V X7R 0603,47,0.2,0,1,"Tape & Reel (TR),Cut Tape (CT),Digi-Reel®",CGA,Active,2200 pF,±10%,50V,X7R,-55°C ~ 125°C,Soft Termination,AEC-Q200,"Automotive, Boardflex Sensitive",-,"Surface Mount, MLCC",0603 (1608 Metric),"0.063"" L x 0.031"" W (1.60mm x 0.80mm)",-,"0.037"" (0.95mm)",-,-,,2.20,0603,,technology 2.2nf-50V;,attribute size '0603';,attribute value '2.2 nf';,attribute tolerance '10%';,attribute rated_v '50V';,attribute series 'X7R';,attribute Coefficient '15% ppm/C';,attribute operating_temp '-55 to +125C';,attribute marking '222';,attribute aec-q200 'Y';,attribute mfg 'TDK';,attribute mpn 'CGA3E2X7R1H222K080AE';
-,//media.digikey.com/Renders/TDK%20Renders/CGA-Series-0603-(1608-Metric).jpg,"445-173691-2-ND,445-173691-1-ND,445-173691-6-ND",CGA3E2X7R1H472K080AE,TDK Corporation,TDK Corporation,CAP CER 4700PF 50V X7R 0603,10,0.2,0,1,"Tape & Reel (TR),Cut Tape (CT),Digi-Reel®",CGA,Active,4700 pF,±10%,50V,X7R,-55°C ~ 125°C,Soft Termination,AEC-Q200,"Automotive, Boardflex Sensitive",-,"Surface Mount, MLCC",0603 (1608 Metric),"0.063"" L x 0.031"" W (1.60mm x 0.80mm)",-,"0.037"" (0.95mm)",-,-,,4.70,0603,,technology 4.7nf-50V;,attribute size '0603';,attribute value '4.7 nf';,attribute tolerance '10%';,attribute rated_v '50V';,attribute series 'X7R';,attribute Coefficient '15% ppm/C';,attribute operating_temp '-55 to +125C';,attribute marking '472';,attribute aec-q200 'Y';,attribute mfg 'TDK';,attribute mpn 'CGA3E2X7R1H472K080AE';
-,//media.digikey.com/Renders/TDK%20Renders/CGA-Series-0603-(1608-Metric).jpg,"445-173746-2-ND,445-173746-1-ND,445-173746-6-ND",CGA3E2X7R2A472K080AE,TDK Corporation,TDK Corporation,CAP CER 4700PF 100V X7R 0603,0,0.21,0,1,"Tape & Reel (TR),Cut Tape (CT),Digi-Reel®",CGA,Active,4700 pF,±10%,100V,X7R,-55°C ~ 125°C,Soft Termination,AEC-Q200,"Automotive, Boardflex Sensitive",-,"Surface Mount, MLCC",0603 (1608 Metric),"0.063"" L x 0.031"" W (1.60mm x 0.80mm)",-,"0.037"" (0.95mm)",-,-,,4.70,0603,,technology 4.7nf-100V;,attribute size '0603';,attribute value '4.7 nf';,attribute tolerance '10%';,attribute rated_v '100V';,attribute series 'X7R';,attribute Coefficient '15% ppm/C';,attribute operating_temp '-55 to +125C';,attribute marking '472';,attribute aec-q200 'Y';,attribute mfg 'TDK';,attribute mpn 'CGA3E2X7R2A472K080AE';
-,//media.digikey.com/Renders/TDK%20Renders/CGA-Series-0603-(1608-Metric).jpg,"445-15955-2-ND,445-15955-1-ND,445-15955-6-ND",CGA3E2X7R1H103K080AE,TDK Corporation,TDK Corporation,CAP CER 10000PF 50V X7R 0603,"443,641",0.22,0,1,"Tape & Reel (TR),Cut Tape (CT),Digi-Reel®",CGA,Active,10000 pF,±10%,50V,X7R,-55°C ~ 125°C,Soft Termination,AEC-Q200,"Automotive, Boardflex Sensitive",-,"Surface Mount, MLCC",0603 (1608 Metric),"0.063"" L x 0.031"" W (1.60mm x 0.80mm)",-,"0.037"" (0.95mm)",-,-,,10.00,0603,,technology 10nf-50V;,attribute size '0603';,attribute value '10 nf';,attribute tolerance '10%';,attribute rated_v '50V';,attribute series 'X7R';,attribute Coefficient '15% ppm/C';,attribute operating_temp '-55 to +125C';,attribute marking '103';,attribute aec-q200 'Y';,attribute mfg 'TDK';,attribute mpn 'CGA3E2X7R1H103K080AE';
-,//media.digikey.com/Renders/TDK%20Renders/CGA-Series-0603-(1608-Metric).jpg,"445-173673-2-ND,445-173673-1-ND,445-173673-6-ND",CGA3E2X7R2A103K080AE,TDK Corporation,TDK Corporation,CAP CER 10000PF 100V X7R 0603,"12,589",0.21,0,1,"Tape & Reel (TR),Cut Tape (CT),Digi-Reel®",CGA,Active,10000 pF,±10%,100V,X7R,-55°C ~ 125°C,Soft Termination,AEC-Q200,"Automotive, Boardflex Sensitive",-,"Surface Mount, MLCC",0603 (1608 Metric),"0.063"" L x 0.031"" W (1.60mm x 0.80mm)",-,"0.037"" (0.95mm)",-,-,,10.00,0603,,technology 10nf-100V;,attribute size '0603';,attribute value '10 nf';,attribute tolerance '10%';,attribute rated_v '100V';,attribute series 'X7R';,attribute Coefficient '15% ppm/C';,attribute operating_temp '-55 to +125C';,attribute marking '103';,attribute aec-q200 'Y';,attribute mfg 'TDK';,attribute mpn 'CGA3E2X7R2A103K080AE';
-,//media.digikey.com/Renders/TDK%20Renders/CGA-Series-0603-(1608-Metric).jpg,"445-173696-2-ND,445-173696-1-ND,445-173696-6-ND",CGA3E2X7R1H223K080AE,TDK Corporation,TDK Corporation,CAP CER 0.022UF 50V X7R 0603,"1,200",0.21,0,1,"Tape & Reel (TR),Cut Tape (CT),Digi-Reel®",CGA,Active,0.022 µF,±10%,50V,X7R,-55°C ~ 125°C,Soft Termination,AEC-Q200,"Automotive, Boardflex Sensitive",-,"Surface Mount, MLCC",0603 (1608 Metric),"0.063"" L x 0.031"" W (1.60mm x 0.80mm)",-,"0.037"" (0.95mm)",-,-,,22.00,0603,,technology 22nf-50V;,attribute size '0603';,attribute value '22 nf';,attribute tolerance '10%';,attribute rated_v '50V';,attribute series 'X7R';,attribute Coefficient '15% ppm/C';,attribute operating_temp '-55 to +125C';,attribute marking '223';,attribute aec-q200 'Y';,attribute mfg 'TDK';,attribute mpn 'CGA3E2X7R1H223K080AE';
-,//media.digikey.com/Renders/TDK%20Renders/CGA-Series-0603-(1608-Metric).jpg,"445-173709-2-ND,445-173709-1-ND,445-173709-6-ND",CGA3E2X7R2A223K080AE,TDK Corporation,TDK Corporation,CAP CER 0.022UF 100V X7R 0603,"2,084",0.27,0,1,"Tape & Reel (TR),Cut Tape (CT),Digi-Reel®",CGA,Active,0.022 µF,±10%,100V,X7R,-55°C ~ 125°C,Soft Termination,AEC-Q200,"Automotive, Boardflex Sensitive",-,"Surface Mount, MLCC",0603 (1608 Metric),"0.063"" L x 0.031"" W (1.60mm x 0.80mm)",-,"0.037"" (0.95mm)",-,-,,22.00,0603,,technology 22nf-100V;,attribute size '0603';,attribute value '22 nf';,attribute tolerance '10%';,attribute rated_v '100V';,attribute series 'X7R';,attribute Coefficient '15% ppm/C';,attribute operating_temp '-55 to +125C';,attribute marking '223';,attribute aec-q200 'Y';,attribute mfg 'TDK';,attribute mpn 'CGA3E2X7R2A223K080AE';
-,//media.digikey.com/Renders/TDK%20Renders/CGA-Series-0603-(1608-Metric).jpg,"445-173687-2-ND,445-173687-1-ND,445-173687-6-ND",CGA3E2X7R1H473K080AE,TDK Corporation,TDK Corporation,CAP CER 0.047UF 50V X7R 0603,"47,853",0.22,0,1,"Tape & Reel (TR),Cut Tape (CT),Digi-Reel®",CGA,Active,0.047 µF,±10%,50V,X7R,-55°C ~ 125°C,Soft Termination,AEC-Q200,"Automotive, Boardflex Sensitive",-,"Surface Mount, MLCC",0603 (1608 Metric),"0.063"" L x 0.031"" W (1.60mm x 0.80mm)",-,"0.037"" (0.95mm)",-,-,,47.00,0603,,technology 47nf-50V;,attribute size '0603';,attribute value '47 nf';,attribute tolerance '10%';,attribute rated_v '50V';,attribute series 'X7R';,attribute Coefficient '15% ppm/C';,attribute operating_temp '-55 to +125C';,attribute marking '473';,attribute aec-q200 'Y';,attribute mfg 'TDK';,attribute mpn 'CGA3E2X7R1H473K080AE';
-,//media.digikey.com/Renders/TDK%20Renders/CGA-Series-0603-(1608-Metric).jpg,"445-15957-2-ND,445-15957-1-ND,445-15957-6-ND",CGA3E2X7R1H104K080AE,TDK Corporation,TDK Corporation,CAP CER 0.1UF 50V X7R 0603,"983,959",0.14,0,1,"Tape & Reel (TR),Cut Tape (CT),Digi-Reel®",CGA,Active,0.1 µF,±10%,50V,X7R,-55°C ~ 125°C,Soft Termination,AEC-Q200,"Automotive, Boardflex Sensitive",-,"Surface Mount, MLCC",0603 (1608 Metric),"0.063"" L x 0.031"" W (1.60mm x 0.80mm)",-,"0.037"" (0.95mm)",-,-,,100.00,0603,,technology 100nf-50V;,attribute size '0603';,attribute value '100 nf';,attribute tolerance '10%';,attribute rated_v '50V';,attribute series 'X7R';,attribute Coefficient '15% ppm/C';,attribute operating_temp '-55 to +125C';,attribute marking '104';,attribute aec-q200 'Y';,attribute mfg 'TDK';,attribute mpn 'CGA3E2X7R1H104K080AE';
-,//media.digikey.com/Renders/TDK%20Renders/CGA-Series-0603-(1608-Metric).jpg,"445-173635-2-ND,445-173635-1-ND,445-173635-6-ND",CGA3E3X7R1H224K080AE,TDK Corporation,TDK Corporation,CAP CER 0.22UF 50V X7R 0603,"204,484",0.24,0,1,"Tape & Reel (TR),Cut Tape (CT),Digi-Reel®",CGA,Active,0.22 µF,±10%,50V,X7R,-55°C ~ 125°C,Soft Termination,AEC-Q200,"Automotive, Boardflex Sensitive",-,"Surface Mount, MLCC",0603 (1608 Metric),"0.063"" L x 0.031"" W (1.60mm x 0.80mm)",-,"0.037"" (0.95mm)",-,-,,220.00,0603,,technology 220nf-50V;,attribute size '0603';,attribute value '220 nf';,attribute tolerance '10%';,attribute rated_v '50V';,attribute series 'X7R';,attribute Coefficient '15% ppm/C';,attribute operating_temp '-55 to +125C';,attribute marking '224';,attribute aec-q200 'Y';,attribute mfg 'TDK';,attribute mpn 'CGA3E3X7R1H224K080AE';
-,//media.digikey.com/Renders/TDK%20Renders/CGA-Series-0603-(1608-Metric).jpg,"445-173820-2-ND,445-173820-1-ND,445-173820-6-ND",CGA3E3X7R1V224K080AE,TDK Corporation,TDK Corporation,CAP CER 0.22UF 35V X7R 0603,"4,052",0.24,0,1,"Tape & Reel (TR),Cut Tape (CT),Digi-Reel®",CGA,Active,0.22 µF,±10%,35V,X7R,-55°C ~ 125°C,Soft Termination,AEC-Q200,"Automotive, Boardflex Sensitive",-,"Surface Mount, MLCC",0603 (1608 Metric),"0.063"" L x 0.031"" W (1.60mm x 0.80mm)",-,"0.037"" (0.95mm)",-,-,,220.00,0603,,technology 220nf-35V;,attribute size '0603';,attribute value '220 nf';,attribute tolerance '10%';,attribute rated_v '35V';,attribute series 'X7R';,attribute Coefficient '15% ppm/C';,attribute operating_temp '-55 to +125C';,attribute marking '224';,attribute aec-q200 'Y';,attribute mfg 'TDK';,attribute mpn 'CGA3E3X7R1V224K080AE';
-,//media.digikey.com/Renders/TDK%20Renders/CGA-Series-0603-(1608-Metric).jpg,"445-173660-2-ND,445-173660-1-ND,445-173660-6-ND",CGA3E3X7R1E474K080AE,TDK Corporation,TDK Corporation,CAP CER 0.47UF 25V X7R 0603,"4,011",0.25,0,1,"Tape & Reel (TR),Cut Tape (CT),Digi-Reel®",CGA,Active,0.47 µF,±10%,25V,X7R,-55°C ~ 125°C,Soft Termination,AEC-Q200,"Automotive, Boardflex Sensitive",-,"Surface Mount, MLCC",0603 (1608 Metric),"0.063"" L x 0.031"" W (1.60mm x 0.80mm)",-,"0.037"" (0.95mm)",-,-,,470.00,0603,,technology 470nf-25V;,attribute size '0603';,attribute value '470 nf';,attribute tolerance '10%';,attribute rated_v '25V';,attribute series 'X7R';,attribute Coefficient '15% ppm/C';,attribute operating_temp '-55 to +125C';,attribute marking '474';,attribute aec-q200 'Y';,attribute mfg 'TDK';,attribute mpn 'CGA3E3X7R1E474K080AE';
-,//media.digikey.com/Renders/TDK%20Renders/CGA-Series-0603-(1608-Metric).jpg,"445-173706-2-ND,445-173706-1-ND,445-173706-6-ND",CGA3E1X7R1V474K080AE,TDK Corporation,TDK Corporation,CAP CER 0.47UF 35V X7R 0603,"1,030",0.29,0,1,"Tape & Reel (TR),Cut Tape (CT),Digi-Reel®",CGA,Active,0.47 µF,±10%,35V,X7R,-55°C ~ 125°C,Soft Termination,AEC-Q200,"Automotive, Boardflex Sensitive",-,"Surface Mount, MLCC",0603 (1608 Metric),"0.063"" L x 0.031"" W (1.60mm x 0.80mm)",-,"0.037"" (0.95mm)",-,-,,470.00,0603,,technology 470nf-35V;,attribute size '0603';,attribute value '470 nf';,attribute tolerance '10%';,attribute rated_v '35V';,attribute series 'X7R';,attribute Coefficient '15% ppm/C';,attribute operating_temp '-55 to +125C';,attribute marking '474';,attribute aec-q200 'Y';,attribute mfg 'TDK';,attribute mpn 'CGA3E1X7R1V474K080AE';
-,//media.digikey.com/Renders/TDK%20Renders/CGA-Series-0603-(1608-Metric).jpg,"445-172475-2-ND,445-172475-1-ND,445-172475-6-ND",CGA3E3X7R1H474K080AE,TDK Corporation,TDK Corporation,CAP CER 0.47UF 50V X7R 0603,0,0.36,0,1,"Tape & Reel (TR),Cut Tape (CT),Digi-Reel®",CGA,Active,0.47 µF,±10%,50V,X7R,-55°C ~ 125°C,Soft Termination,AEC-Q200,"Automotive, Boardflex Sensitive",-,"Surface Mount, MLCC",0603 (1608 Metric),"0.063"" L x 0.031"" W (1.60mm x 0.80mm)",-,"0.037"" (0.95mm)",-,-,,470.00,0603,,technology 470nf-50V;,attribute size '0603';,attribute value '470 nf';,attribute tolerance '10%';,attribute rated_v '50V';,attribute series 'X7R';,attribute Coefficient '15% ppm/C';,attribute operating_temp '-55 to +125C';,attribute marking '474';,attribute aec-q200 'Y';,attribute mfg 'TDK';,attribute mpn 'CGA3E3X7R1H474K080AE';
-,//media.digikey.com/Renders/TDK%20Renders/CGA-Series-0603-(1608-Metric).jpg,"445-173628-2-ND,445-173628-1-ND,445-173628-6-ND",CGA3E1X7R1E105K080AE,TDK Corporation,TDK Corporation,CAP CER 1UF 25V X7R 0603,"173,219",0.27,0,1,"Tape & Reel (TR),Cut Tape (CT),Digi-Reel®",CGA,Active,1 µF,±10%,25V,X7R,-55°C ~ 125°C,Soft Termination,AEC-Q200,"Automotive, Boardflex Sensitive",-,"Surface Mount, MLCC",0603 (1608 Metric),"0.063"" L x 0.031"" W (1.60mm x 0.80mm)",-,"0.037"" (0.95mm)",-,-,,"1,000.00",0603,,technology 1000nf-25V;,attribute size '0603';,attribute value '1000 nf';,attribute tolerance '10%';,attribute rated_v '25V';,attribute series 'X7R';,attribute Coefficient '15% ppm/C';,attribute operating_temp '-55 to +125C';,attribute marking '105';,attribute aec-q200 'Y';,attribute mfg 'TDK';,attribute mpn 'CGA3E1X7R1E105K080AE';
-,//media.digikey.com/Renders/TDK%20Renders/CGA-Series-0603-(1608-Metric).jpg,"445-174339-2-ND,445-174339-1-ND,445-174339-6-ND",CGA3E1X7R1V105K080AE,TDK Corporation,TDK Corporation,CAP CER 1UF 35V X7R 0603,"8,853",0.29,0,1,"Tape & Reel (TR),Cut Tape (CT),Digi-Reel®",CGA,Active,1 µF,±10%,35V,X7R,-55°C ~ 125°C,Soft Termination,AEC-Q200,"Automotive, Boardflex Sensitive",-,"Surface Mount, MLCC",0603 (1608 Metric),"0.063"" L x 0.031"" W (1.60mm x 0.80mm)",-,"0.037"" (0.95mm)",-,-,,"1,000.00",0603,,technology 1000nf-35V;,attribute size '0603';,attribute value '1000 nf';,attribute tolerance '10%';,attribute rated_v '35V';,attribute series 'X7R';,attribute Coefficient '15% ppm/C';,attribute operating_temp '-55 to +125C';,attribute marking '105';,attribute aec-q200 'Y';,attribute mfg 'TDK';,attribute mpn 'CGA3E1X7R1V105K080AE';
-,//media.digikey.com/Renders/TDK%20Renders/CGA-Series-0805-(2012-Metric).jpg,"445-173649-2-ND,445-173649-1-ND,445-173649-6-ND",CGA4F2X7R2A102K085AE,TDK Corporation,TDK Corporation,CAP CER 1000PF 100V X7R 0805,"9,885",0.24,0,1,"Tape & Reel (TR),Cut Tape (CT),Digi-Reel®",CGA,Active,1000 pF,±10%,100V,X7R,-55°C ~ 125°C,Soft Termination,AEC-Q200,"Automotive, Boardflex Sensitive",-,"Surface Mount, MLCC",0805 (2012 Metric),"0.079"" L x 0.049"" W (2.00mm x 1.25mm)",-,"0.039"" (1.00mm)",-,-,,1.00,0805,,technology 1nf-100V;,attribute size '0805';,attribute value '1 nf';,attribute tolerance '10%';,attribute rated_v '100V';,attribute series 'X7R';,attribute Coefficient '15% ppm/C';,attribute operating_temp '-55 to +125C';,attribute marking '102';,attribute aec-q200 'Y';,attribute mfg 'TDK';,attribute mpn 'CGA4F2X7R2A102K085AE';
-,//media.digikey.com/Renders/TDK%20Renders/CGA-Series-0805-(2012-Metric).jpg,"445-173680-2-ND,445-173680-1-ND,445-173680-6-ND",CGA4F3X7R2E102K085AE,TDK Corporation,TDK Corporation,CAP CER 1000PF 250V X7R 0805,4,0.29,0,1,"Tape & Reel (TR),Cut Tape (CT),Digi-Reel®",CGA,Active,1000 pF,±10%,250V,X7R,-55°C ~ 125°C,Soft Termination,AEC-Q200,"Automotive, Boardflex Sensitive",-,"Surface Mount, MLCC",0805 (2012 Metric),"0.079"" L x 0.049"" W (2.00mm x 1.25mm)",-,"0.039"" (1.00mm)",-,-,,1.00,0805,,technology 1nf-250V;,attribute size '0805';,attribute value '1 nf';,attribute tolerance '10%';,attribute rated_v '250V';,attribute series 'X7R';,attribute Coefficient '15% ppm/C';,attribute operating_temp '-55 to +125C';,attribute marking '102';,attribute aec-q200 'Y';,attribute mfg 'TDK';,attribute mpn 'CGA4F3X7R2E102K085AE';
-,//media.digikey.com/Renders/TDK%20Renders/CGA-Series-0805-(2012-Metric).jpg,"445-173754-2-ND,445-173754-1-ND,445-173754-6-ND",CGA4F3X7R2E222K085AE,TDK Corporation,TDK Corporation,CAP CER 2200PF 250V X7R 0805,"7,654",0.25,0,1,"Tape & Reel (TR),Cut Tape (CT),Digi-Reel®",CGA,Active,2200 pF,±10%,250V,X7R,-55°C ~ 125°C,Soft Termination,AEC-Q200,"Automotive, Boardflex Sensitive",-,"Surface Mount, MLCC",0805 (2012 Metric),"0.079"" L x 0.049"" W (2.00mm x 1.25mm)",-,"0.039"" (1.00mm)",-,-,,2.20,0805,,technology 2.2nf-250V;,attribute size '0805';,attribute value '2.2 nf';,attribute tolerance '10%';,attribute rated_v '250V';,attribute series 'X7R';,attribute Coefficient '15% ppm/C';,attribute operating_temp '-55 to +125C';,attribute marking '222';,attribute aec-q200 'Y';,attribute mfg 'TDK';,attribute mpn 'CGA4F3X7R2E222K085AE';
-,//media.digikey.com/Renders/TDK%20Renders/CGA-Series-0805-(2012-Metric).jpg,"445-173672-2-ND,445-173672-1-ND,445-173672-6-ND",CGA4F2X7R2A222K085AE,TDK Corporation,TDK Corporation,CAP CER 2200PF 100V X7R 0805,80,0.24,0,1,"Tape & Reel (TR),Cut Tape (CT),Digi-Reel®",CGA,Active,2200 pF,±10%,100V,X7R,-55°C ~ 125°C,Soft Termination,AEC-Q200,"Automotive, Boardflex Sensitive",-,"Surface Mount, MLCC",0805 (2012 Metric),"0.079"" L x 0.049"" W (2.00mm x 1.25mm)",-,"0.039"" (1.00mm)",-,-,,2.20,0805,,technology 2.2nf-100V;,attribute size '0805';,attribute value '2.2 nf';,attribute tolerance '10%';,attribute rated_v '100V';,attribute series 'X7R';,attribute Coefficient '15% ppm/C';,attribute operating_temp '-55 to +125C';,attribute marking '222';,attribute aec-q200 'Y';,attribute mfg 'TDK';,attribute mpn 'CGA4F2X7R2A222K085AE';
-,//media.digikey.com/Renders/TDK%20Renders/CGA-Series-0805-(2012-Metric).jpg,"445-173663-2-ND,445-173663-1-ND,445-173663-6-ND",CGA4F2X7R2A472K085AE,TDK Corporation,TDK Corporation,CAP CER 4700PF 100V X7R 0805,85,0.24,0,1,"Tape & Reel (TR),Cut Tape (CT),Digi-Reel®",CGA,Active,4700 pF,±10%,100V,X7R,-55°C ~ 125°C,Soft Termination,AEC-Q200,"Automotive, Boardflex Sensitive",-,"Surface Mount, MLCC",0805 (2012 Metric),"0.079"" L x 0.049"" W (2.00mm x 1.25mm)",-,"0.039"" (1.00mm)",-,-,,4.70,0805,,technology 4.7nf-100V;,attribute size '0805';,attribute value '4.7 nf';,attribute tolerance '10%';,attribute rated_v '100V';,attribute series 'X7R';,attribute Coefficient '15% ppm/C';,attribute operating_temp '-55 to +125C';,attribute marking '472';,attribute aec-q200 'Y';,attribute mfg 'TDK';,attribute mpn 'CGA4F2X7R2A472K085AE';
-,//media.digikey.com/Renders/TDK%20Renders/CGA-Series-0805-(2012-Metric).jpg,"445-173730-2-ND,445-173730-1-ND,445-173730-6-ND",CGA4F3X7R2E472K085AE,TDK Corporation,TDK Corporation,CAP CER 4700PF 250V X7R 0805,0,0.26,0,1,"Tape & Reel (TR),Cut Tape (CT),Digi-Reel®",CGA,Active,4700 pF,±10%,250V,X7R,-55°C ~ 125°C,Soft Termination,AEC-Q200,"Automotive, Boardflex Sensitive",-,"Surface Mount, MLCC",0805 (2012 Metric),"0.079"" L x 0.049"" W (2.00mm x 1.25mm)",-,"0.039"" (1.00mm)",-,-,,4.70,0805,,technology 4.7nf-250V;,attribute size '0805';,attribute value '4.7 nf';,attribute tolerance '10%';,attribute rated_v '250V';,attribute series 'X7R';,attribute Coefficient '15% ppm/C';,attribute operating_temp '-55 to +125C';,attribute marking '472';,attribute aec-q200 'Y';,attribute mfg 'TDK';,attribute mpn 'CGA4F3X7R2E472K085AE';
-,//media.digikey.com/Renders/TDK%20Renders/CGA-Series-0805-(2012-Metric).jpg,"445-8781-2-ND,445-8781-1-ND,445-8781-6-ND",CGA4J3X7R2E103K125AE,TDK Corporation,TDK Corporation,CAP CER 10000PF 250V X7R 0805,"12,411",0.23,0,1,"Tape & Reel (TR),Cut Tape (CT),Digi-Reel®",CGA,Active,10000 pF,±10%,250V,X7R,-55°C ~ 125°C,Soft Termination,AEC-Q200,"Automotive, Boardflex Sensitive",-,"Surface Mount, MLCC",0805 (2012 Metric),"0.079"" L x 0.049"" W (2.00mm x 1.25mm)",-,"0.059"" (1.50mm)",-,-,,10.00,0805,,technology 10nf-250V;,attribute size '0805';,attribute value '10 nf';,attribute tolerance '10%';,attribute rated_v '250V';,attribute series 'X7R';,attribute Coefficient '15% ppm/C';,attribute operating_temp '-55 to +125C';,attribute marking '103';,attribute aec-q200 'Y';,attribute mfg 'TDK';,attribute mpn 'CGA4J3X7R2E103K125AE';
-,//media.digikey.com/Renders/TDK%20Renders/CGA-Series-0805-(2012-Metric).jpg,"445-173643-2-ND,445-173643-1-ND,445-173643-6-ND",CGA4F2X7R2A103K085AE,TDK Corporation,TDK Corporation,CAP CER 10000PF 100V X7R 0805,"12,400",0.26,0,1,"Tape & Reel (TR),Cut Tape (CT),Digi-Reel®",CGA,Active,10000 pF,±10%,100V,X7R,-55°C ~ 125°C,Soft Termination,AEC-Q200,"Automotive, Boardflex Sensitive",-,"Surface Mount, MLCC",0805 (2012 Metric),"0.079"" L x 0.049"" W (2.00mm x 1.25mm)",-,"0.039"" (1.00mm)",-,-,,10.00,0805,,technology 10nf-100V;,attribute size '0805';,attribute value '10 nf';,attribute tolerance '10%';,attribute rated_v '100V';,attribute series 'X7R';,attribute Coefficient '15% ppm/C';,attribute operating_temp '-55 to +125C';,attribute marking '103';,attribute aec-q200 'Y';,attribute mfg 'TDK';,attribute mpn 'CGA4F2X7R2A103K085AE';
-,//media.digikey.com/Renders/TDK%20Renders/CGA-Series-0805-(2012-Metric).jpg,"445-173795-2-ND,445-173795-1-ND,445-173795-6-ND",CGA4J2X7R2A223K125AE,TDK Corporation,TDK Corporation,CAP CER 0.022UF 100V X7R 0805,"1,866",0.29,0,1,"Tape & Reel (TR),Cut Tape (CT),Digi-Reel®",CGA,Active,0.022 µF,±10%,100V,X7R,-55°C ~ 125°C,Soft Termination,AEC-Q200,"Automotive, Boardflex Sensitive",-,"Surface Mount, MLCC",0805 (2012 Metric),"0.079"" L x 0.049"" W (2.00mm x 1.25mm)",-,"0.059"" (1.50mm)",-,-,,22.00,0805,,technology 22nf-100V;,attribute size '0805';,attribute value '22 nf';,attribute tolerance '10%';,attribute rated_v '100V';,attribute series 'X7R';,attribute Coefficient '15% ppm/C';,attribute operating_temp '-55 to +125C';,attribute marking '223';,attribute aec-q200 'Y';,attribute mfg 'TDK';,attribute mpn 'CGA4J2X7R2A223K125AE';
-,//media.digikey.com/Renders/TDK%20Renders/CGA-Series-0805-(2012-Metric).jpg,"445-8780-2-ND,445-8780-1-ND,445-8780-6-ND",CGA4J3X7R2E223K125AE,TDK Corporation,TDK Corporation,CAP CER 0.022UF 250V X7R 0805,0,0.25,0,1,"Tape & Reel (TR),Cut Tape (CT),Digi-Reel®",CGA,Active,0.022 µF,±10%,250V,X7R,-55°C ~ 125°C,Soft Termination,AEC-Q200,"Automotive, Boardflex Sensitive",-,"Surface Mount, MLCC",0805 (2012 Metric),"0.079"" L x 0.049"" W (2.00mm x 1.25mm)",-,"0.057"" (1.45mm)",-,-,,22.00,0805,,technology 22nf-250V;,attribute size '0805';,attribute value '22 nf';,attribute tolerance '10%';,attribute rated_v '250V';,attribute series 'X7R';,attribute Coefficient '15% ppm/C';,attribute operating_temp '-55 to +125C';,attribute marking '223';,attribute aec-q200 'Y';,attribute mfg 'TDK';,attribute mpn 'CGA4J3X7R2E223K125AE';
-,//media.digikey.com/Renders/TDK%20Renders/CGA-Series-0805-(2012-Metric).jpg,"445-173759-2-ND,445-173759-1-ND,445-173759-6-ND",CGA4J2X7R2A473K125AE,TDK Corporation,TDK Corporation,CAP CER 0.047UF 100V X7R 0805,0,0.33,0,1,"Tape & Reel (TR),Cut Tape (CT),Digi-Reel®",CGA,Active,0.047 µF,±10%,100V,X7R,-55°C ~ 125°C,Soft Termination,AEC-Q200,"Automotive, Boardflex Sensitive",-,"Surface Mount, MLCC",0805 (2012 Metric),"0.079"" L x 0.049"" W (2.00mm x 1.25mm)",-,"0.059"" (1.50mm)",-,-,,47.00,0805,,technology 47nf-100V;,attribute size '0805';,attribute value '47 nf';,attribute tolerance '10%';,attribute rated_v '100V';,attribute series 'X7R';,attribute Coefficient '15% ppm/C';,attribute operating_temp '-55 to +125C';,attribute marking '473';,attribute aec-q200 'Y';,attribute mfg 'TDK';,attribute mpn 'CGA4J2X7R2A473K125AE';
-,//media.digikey.com/Renders/TDK%20Renders/CGA-Series-0805-(2012-Metric).jpg,"445-15961-2-ND,445-15961-1-ND,445-15961-6-ND",CGA4J2X7R2A104K125AE,TDK Corporation,TDK Corporation,CAP CER 0.1UF 100V X7R 0805,"410,534",0.33,0,1,"Tape & Reel (TR),Cut Tape (CT),Digi-Reel®",CGA,Active,0.1 µF,±10%,100V,X7R,-55°C ~ 125°C,Soft Termination,AEC-Q200,"Automotive, Boardflex Sensitive",-,"Surface Mount, MLCC",0805 (2012 Metric),"0.079"" L x 0.049"" W (2.00mm x 1.25mm)",-,"0.059"" (1.50mm)",-,-,,100.00,0805,,technology 100nf-100V;,attribute size '0805';,attribute value '100 nf';,attribute tolerance '10%';,attribute rated_v '100V';,attribute series 'X7R';,attribute Coefficient '15% ppm/C';,attribute operating_temp '-55 to +125C';,attribute marking '104';,attribute aec-q200 'Y';,attribute mfg 'TDK';,attribute mpn 'CGA4J2X7R2A104K125AE';
-,//media.digikey.com/Renders/TDK%20Renders/CGA-Series-0805-(2012-Metric).jpg,"445-15959-2-ND,445-15959-1-ND,445-15959-6-ND",CGA4J2X7R1H104K125AE,TDK Corporation,TDK Corporation,CAP CER 0.1UF 50V X7R 0805,"31,204",0.26,0,1,"Tape & Reel (TR),Cut Tape (CT),Digi-Reel®",CGA,Active,0.1 µF,±10%,50V,X7R,-55°C ~ 125°C,Soft Termination,AEC-Q200,"Automotive, Boardflex Sensitive",-,"Surface Mount, MLCC",0805 (2012 Metric),"0.079"" L x 0.049"" W (2.00mm x 1.25mm)",-,"0.059"" (1.50mm)",-,-,,100.00,0805,,technology 100nf-50V;,attribute size '0805';,attribute value '100 nf';,attribute tolerance '10%';,attribute rated_v '50V';,attribute series 'X7R';,attribute Coefficient '15% ppm/C';,attribute operating_temp '-55 to +125C';,attribute marking '104';,attribute aec-q200 'Y';,attribute mfg 'TDK';,attribute mpn 'CGA4J2X7R1H104K125AE';
-,//media.digikey.com/Renders/TDK%20Renders/CGA-Series-0805-(2012-Metric).jpg,"445-173771-2-ND,445-173771-1-ND,445-173771-6-ND",CGA4J2X7R1H224K125AE,TDK Corporation,TDK Corporation,CAP CER 0.22UF 50V X7R 0805,"2,859",0.29,0,1,"Tape & Reel (TR),Cut Tape (CT),Digi-Reel®",CGA,Active,0.22 µF,±10%,50V,X7R,-55°C ~ 125°C,Soft Termination,AEC-Q200,"Automotive, Boardflex Sensitive",-,"Surface Mount, MLCC",0805 (2012 Metric),"0.079"" L x 0.049"" W (2.00mm x 1.25mm)",-,"0.059"" (1.50mm)",-,-,,220.00,0805,,technology 220nf-50V;,attribute size '0805';,attribute value '220 nf';,attribute tolerance '10%';,attribute rated_v '50V';,attribute series 'X7R';,attribute Coefficient '15% ppm/C';,attribute operating_temp '-55 to +125C';,attribute marking '224';,attribute aec-q200 'Y';,attribute mfg 'TDK';,attribute mpn 'CGA4J2X7R1H224K125AE';
-,//media.digikey.com/Renders/TDK%20Renders/CGA-Series-0805-(2012-Metric).jpg,"445-8786-2-ND,445-8786-1-ND,445-8786-6-ND",CGA4J3X7R1H474K125AE,TDK Corporation,TDK Corporation,CAP CER 0.47UF 50V X7R 0805,0,0.38,0,1,"Tape & Reel (TR),Cut Tape (CT),Digi-Reel®",CGA,Active,0.47 µF,±10%,50V,X7R,-55°C ~ 125°C,Soft Termination,AEC-Q200,"Automotive, Boardflex Sensitive",-,"Surface Mount, MLCC",0805 (2012 Metric),"0.079"" L x 0.049"" W (2.00mm x 1.25mm)",-,"0.059"" (1.50mm)",-,-,,470.00,0805,,technology 470nf-50V;,attribute size '0805';,attribute value '470 nf';,attribute tolerance '10%';,attribute rated_v '50V';,attribute series 'X7R';,attribute Coefficient '15% ppm/C';,attribute operating_temp '-55 to +125C';,attribute marking '474';,attribute aec-q200 'Y';,attribute mfg 'TDK';,attribute mpn 'CGA4J3X7R1H474K125AE';
-,//media.digikey.com/Renders/TDK%20Renders/CGA-Series-0805-(2012-Metric).jpg,"445-8785-2-ND,445-8785-1-ND,445-8785-6-ND",CGA4J3X7R1H105K125AE,TDK Corporation,TDK Corporation,CAP CER 1UF 50V X7R 0805,"420,438",0.48,0,1,"Tape & Reel (TR),Cut Tape (CT),Digi-Reel®",CGA,Active,1 µF,±10%,50V,X7R,-55°C ~ 125°C,Soft Termination,AEC-Q200,"Automotive, Boardflex Sensitive",-,"Surface Mount, MLCC",0805 (2012 Metric),"0.079"" L x 0.049"" W (2.00mm x 1.25mm)",-,"0.059"" (1.50mm)",-,-,,"1,000.00",0805,,technology 1000nf-50V;,attribute size '0805';,attribute value '1000 nf';,attribute tolerance '10%';,attribute rated_v '50V';,attribute series 'X7R';,attribute Coefficient '15% ppm/C';,attribute operating_temp '-55 to +125C';,attribute marking '105';,attribute aec-q200 'Y';,attribute mfg 'TDK';,attribute mpn 'CGA4J3X7R1H105K125AE';
-,//media.digikey.com/Renders/TDK%20Renders/CGA-Series-0805-(2012-Metric).jpg,"445-173710-2-ND,445-173710-1-ND,445-173710-6-ND",CGA4J3X7R1V105K125AE,TDK Corporation,TDK Corporation,CAP CER 1UF 35V X7R 0805,0,0.41,0,1,"Tape & Reel (TR),Cut Tape (CT),Digi-Reel®",CGA,Active,1 µF,±10%,35V,X7R,-55°C ~ 125°C,Soft Termination,AEC-Q200,"Automotive, Boardflex Sensitive",-,"Surface Mount, MLCC",0805 (2012 Metric),"0.079"" L x 0.049"" W (2.00mm x 1.25mm)",-,"0.059"" (1.50mm)",-,-,,"1,000.00",0805,,technology 1000nf-35V;,attribute size '0805';,attribute value '1000 nf';,attribute tolerance '10%';,attribute rated_v '35V';,attribute series 'X7R';,attribute Coefficient '15% ppm/C';,attribute operating_temp '-55 to +125C';,attribute marking '105';,attribute aec-q200 'Y';,attribute mfg 'TDK';,attribute mpn 'CGA4J3X7R1V105K125AE';
-,//media.digikey.com/Renders/TDK%20Renders/CGA-Series-0805-(2012-Metric).jpg,"445-172477-2-ND,445-172477-1-ND,445-172477-6-ND",CGA4J3X7R1H225K125AE,TDK Corporation,TDK Corporation,CAP CER 2.2UF 50V X7R 0805,0,0.57,0,1,"Tape & Reel (TR),Cut Tape (CT),Digi-Reel®",CGA,Active,2.2 µF,±10%,50V,X7R,-55°C ~ 125°C,Soft Termination,AEC-Q200,"Automotive, Boardflex Sensitive",-,"Surface Mount, MLCC",0805 (2012 Metric),"0.079"" L x 0.049"" W (2.00mm x 1.25mm)",-,"0.059"" (1.50mm)",-,-,,"2,200.00",0805,,technology 2.2uf-50V;,attribute size '0805';,attribute value '2.2 uf';,attribute tolerance '10%';,attribute rated_v '50V';,attribute series 'X7R';,attribute Coefficient '15% ppm/C';,attribute operating_temp '-55 to +125C';,attribute marking '225';,attribute aec-q200 'Y';,attribute mfg 'TDK';,attribute mpn 'CGA4J3X7R1H225K125AE';
-,//media.digikey.com/Renders/TDK%20Renders/CGA-Series-0805-(2012-Metric).jpg,"445-8787-2-ND,445-8787-1-ND,445-8787-6-ND",CGA4J1X7R1V225K125AE,TDK Corporation,TDK Corporation,CAP CER 2.2UF 35V X7R 0805,67,0.77,0,1,"Tape & Reel (TR),Cut Tape (CT),Digi-Reel®",CGA,Active,2.2 µF,±10%,35V,X7R,-55°C ~ 125°C,Soft Termination,AEC-Q200,"Automotive, Boardflex Sensitive",-,"Surface Mount, MLCC",0805 (2012 Metric),"0.079"" L x 0.049"" W (2.00mm x 1.25mm)",-,"0.059"" (1.50mm)",-,-,,"2,200.00",0805,,technology 2.2uf-35V;,attribute size '0805';,attribute value '2.2 uf';,attribute tolerance '10%';,attribute rated_v '35V';,attribute series 'X7R';,attribute Coefficient '15% ppm/C';,attribute operating_temp '-55 to +125C';,attribute marking '225';,attribute aec-q200 'Y';,attribute mfg 'TDK';,attribute mpn 'CGA4J1X7R1V225K125AE';
-,//media.digikey.com/Renders/TDK%20Renders/CGA-Series-0805-(2012-Metric).jpg,"445-173707-2-ND,445-173707-1-ND,445-173707-6-ND",CGA4J3X7R1E225K125AE,TDK Corporation,TDK Corporation,CAP CER 2.2UF 25V X7R 0805,0,0.56,0,1,"Tape & Reel (TR),Cut Tape (CT),Digi-Reel®",CGA,Active,2.2 µF,±10%,25V,X7R,-55°C ~ 125°C,Soft Termination,AEC-Q200,"Automotive, Boardflex Sensitive",-,"Surface Mount, MLCC",0805 (2012 Metric),"0.079"" L x 0.049"" W (2.00mm x 1.25mm)",-,"0.059"" (1.50mm)",-,-,,"2,200.00",0805,,technology 2.2uf-25V;,attribute size '0805';,attribute value '2.2 uf';,attribute tolerance '10%';,attribute rated_v '25V';,attribute series 'X7R';,attribute Coefficient '15% ppm/C';,attribute operating_temp '-55 to +125C';,attribute marking '225';,attribute aec-q200 'Y';,attribute mfg 'TDK';,attribute mpn 'CGA4J3X7R1E225K125AE';
-,//media.digikey.com/Renders/TDK%20Renders/CGA-Series-0805-(2012-Metric).jpg,"445-173644-2-ND,445-173644-1-ND,445-173644-6-ND",CGA4J1X7R1E475K125AE,TDK Corporation,TDK Corporation,CAP CER 4.7UF 25V X7R 0805,"50,235",0.53,0,1,"Tape & Reel (TR),Cut Tape (CT),Digi-Reel®",CGA,Active,4.7 µF,±10%,25V,X7R,-55°C ~ 125°C,Soft Termination,AEC-Q200,"Automotive, Boardflex Sensitive",-,"Surface Mount, MLCC",0805 (2012 Metric),"0.079"" L x 0.049"" W (2.00mm x 1.25mm)",-,"0.059"" (1.50mm)",-,-,,"4,700.00",0805,,technology 4.7uf-25V;,attribute size '0805';,attribute value '4.7 uf';,attribute tolerance '10%';,attribute rated_v '25V';,attribute series 'X7R';,attribute Coefficient '15% ppm/C';,attribute operating_temp '-55 to +125C';,attribute marking '475';,attribute aec-q200 'Y';,attribute mfg 'TDK';,attribute mpn 'CGA4J1X7R1E475K125AE';
-,//media.digikey.com/Renders/TDK%20Renders/CGA-Series-0805-(2012-Metric).jpg,"445-8788-2-ND,445-8788-1-ND,445-8788-6-ND",CGA4J3X7R1C475K125AE,TDK Corporation,TDK Corporation,CAP CER 4.7UF 16V X7R 0805,"333,354",0.51,0,1,"Tape & Reel (TR),Cut Tape (CT),Digi-Reel®",CGA,Active,4.7 µF,±10%,16V,X7R,-55°C ~ 125°C,Soft Termination,AEC-Q200,"Automotive, Boardflex Sensitive",-,"Surface Mount, MLCC",0805 (2012 Metric),"0.079"" L x 0.049"" W (2.00mm x 1.25mm)",-,"0.059"" (1.50mm)",-,-,,"4,700.00",0805,,technology 4.7uf-16V;,attribute size '0805';,attribute value '4.7 uf';,attribute tolerance '10%';,attribute rated_v '16V';,attribute series 'X7R';,attribute Coefficient '15% ppm/C';,attribute operating_temp '-55 to +125C';,attribute marking '475';,attribute aec-q200 'Y';,attribute mfg 'TDK';,attribute mpn 'CGA4J3X7R1C475K125AE';
-,//media.digikey.com/Renders/TDK%20Renders/CGA-Series-0805-(2012-Metric).jpg,"445-172479-2-ND,445-172479-1-ND,445-172479-6-ND",CGA4J1X7R1V475K125AE,TDK Corporation,TDK Corporation,CAP CER 4.7UF 35V X7R 0805,0,0.67,0,1,"Tape & Reel (TR),Cut Tape (CT),Digi-Reel®",CGA,Active,4.7 µF,±10%,35V,X7R,-55°C ~ 125°C,Soft Termination,AEC-Q200,"Automotive, Boardflex Sensitive",-,"Surface Mount, MLCC",0805 (2012 Metric),"0.079"" L x 0.049"" W (2.00mm x 1.25mm)",-,"0.059"" (1.50mm)",-,-,,"4,700.00",0805,,technology 4.7uf-35V;,attribute size '0805';,attribute value '4.7 uf';,attribute tolerance '10%';,attribute rated_v '35V';,attribute series 'X7R';,attribute Coefficient '15% ppm/C';,attribute operating_temp '-55 to +125C';,attribute marking '475';,attribute aec-q200 'Y';,attribute mfg 'TDK';,attribute mpn 'CGA4J1X7R1V475K125AE';
-,//media.digikey.com/Renders/TDK%20Renders/CGA-Series-0805-(2012-Metric).jpg,"445-181410-2-ND,445-181410-1-ND,445-181410-6-ND",CGA4J1X7R1H475K125AE,TDK Corporation,TDK Corporation,CAP CER 4.7UF 50V X7R 0805,"19,945",0.73,0,1,"Tape & Reel (TR),Cut Tape (CT),Digi-Reel®",CGA,Active,4.7 µF,±10%,50V,X7R,-55°C ~ 125°C,Soft Termination,AEC-Q200,"Automotive, Boardflex Sensitive",-,"Surface Mount, MLCC",0805 (2012 Metric),"0.079"" L x 0.049"" W (2.00mm x 1.25mm)",-,"0.059"" (1.50mm)",-,-,,"4,700.00",0805,,technology 4.7uf-50V;,attribute size '0805';,attribute value '4.7 uf';,attribute tolerance '10%';,attribute rated_v '50V';,attribute series 'X7R';,attribute Coefficient '15% ppm/C';,attribute operating_temp '-55 to +125C';,attribute marking '475';,attribute aec-q200 'Y';,attribute mfg 'TDK';,attribute mpn 'CGA4J1X7R1H475K125AE';
-,//media.digikey.com/Renders/TDK%20Renders/CGA-Series-1206-(3216-Metric).jpg,"445-173808-2-ND,445-173808-1-ND,445-173808-6-ND",CGA5H4X7R2J102K115AE,TDK Corporation,TDK Corporation,CAP CER 1000PF 630V X7R 1206,"1,390",0.4,0,1,"Tape & Reel (TR),Cut Tape (CT),Digi-Reel®",CGA,Active,1000 pF,±10%,630V,X7R,-55°C ~ 125°C,Soft Termination,AEC-Q200,"Automotive, Boardflex Sensitive",-,"Surface Mount, MLCC",1206 (3216 Metric),"0.126"" L x 0.063"" W (3.20mm x 1.60mm)",-,"0.051"" (1.30mm)",-,-,,1.00,1206,,technology 1nf-630V;,attribute size '1206';,attribute value '1 nf';,attribute tolerance '10%';,attribute rated_v '630V';,attribute series 'X7R';,attribute Coefficient '15% ppm/C';,attribute operating_temp '-55 to +125C';,attribute marking '102';,attribute aec-q200 'Y';,attribute mfg 'TDK';,attribute mpn 'CGA5H4X7R2J102K115AE';
-,//media.digikey.com/Renders/TDK%20Renders/CGA-Series-1206-(3216-Metric).jpg,"445-173796-2-ND,445-173796-1-ND,445-173796-6-ND",CGA5H4X7R2J222K115AE,TDK Corporation,TDK Corporation,CAP CER 2200PF 630V X7R 1206,785,0.4,0,1,"Tape & Reel (TR),Cut Tape (CT),Digi-Reel®",CGA,Active,2200 pF,±10%,630V,X7R,-55°C ~ 125°C,Soft Termination,AEC-Q200,"Automotive, Boardflex Sensitive",-,"Surface Mount, MLCC",1206 (3216 Metric),"0.126"" L x 0.063"" W (3.20mm x 1.60mm)",-,"0.051"" (1.30mm)",-,-,,2.20,1206,,technology 2.2nf-630V;,attribute size '1206';,attribute value '2.2 nf';,attribute tolerance '10%';,attribute rated_v '630V';,attribute series 'X7R';,attribute Coefficient '15% ppm/C';,attribute operating_temp '-55 to +125C';,attribute marking '222';,attribute aec-q200 'Y';,attribute mfg 'TDK';,attribute mpn 'CGA5H4X7R2J222K115AE';
-,//media.digikey.com/Renders/TDK%20Renders/CGA-Series-1206-(3216-Metric).jpg,CGA5H4X7R2J332K115AE-ND,CGA5H4X7R2J332K115AE,TDK Corporation,TDK Corporation,CAP CER 3300PF 630V X7R 1206,0,0.1093,0,2000,Tape & Reel (TR),CGA,Not For New Designs,3300 pF,±10%,630V,X7R,-55°C ~ 125°C,Soft Termination,AEC-Q200,"Automotive, Boardflex Sensitive",-,"Surface Mount, MLCC",1206 (3216 Metric),"0.126"" L x 0.063"" W (3.20mm x 1.60mm)",-,"0.051"" (1.30mm)",-,-,,3.30,1206,,technology 3.3nf-630V;,attribute size '1206';,attribute value '3.3 nf';,attribute tolerance '10%';,attribute rated_v '630V';,attribute series 'X7R';,attribute Coefficient '15% ppm/C';,attribute operating_temp '-55 to +125C';,attribute marking '332';,attribute aec-q200 'Y';,attribute mfg 'TDK';,attribute mpn 'CGA5H4X7R2J332K115AE';
-,//media.digikey.com/Renders/TDK%20Renders/CGA-Series-1206-(3216-Metric).jpg,"445-173768-2-ND,445-173768-1-ND,445-173768-6-ND",CGA5H4X7R2J472K115AE,TDK Corporation,TDK Corporation,CAP CER 4700PF 630V X7R 1206,0,0.38,0,1,"Tape & Reel (TR),Cut Tape (CT),Digi-Reel®",CGA,Active,4700 pF,±10%,630V,X7R,-55°C ~ 125°C,Soft Termination,AEC-Q200,"Automotive, Boardflex Sensitive",-,"Surface Mount, MLCC",1206 (3216 Metric),"0.126"" L x 0.063"" W (3.20mm x 1.60mm)",-,"0.051"" (1.30mm)",-,-,,4.70,1206,,technology 4.7nf-630V;,attribute size '1206';,attribute value '4.7 nf';,attribute tolerance '10%';,attribute rated_v '630V';,attribute series 'X7R';,attribute Coefficient '15% ppm/C';,attribute operating_temp '-55 to +125C';,attribute marking '472';,attribute aec-q200 'Y';,attribute mfg 'TDK';,attribute mpn 'CGA5H4X7R2J472K115AE';
-,//media.digikey.com/Renders/TDK%20Renders/CGA-Series-1206-(3216-Metric).jpg,"445-8796-2-ND,445-8796-1-ND,445-8796-6-ND",CGA5H4X7R2J103K115AE,TDK Corporation,TDK Corporation,CAP CER 10000PF 630V X7R 1206,334,0.33,0,1,"Tape & Reel (TR),Cut Tape (CT),Digi-Reel®",CGA,Active,10000 pF,±10%,630V,X7R,-55°C ~ 125°C,Soft Termination,AEC-Q200,"Automotive, Boardflex Sensitive",-,"Surface Mount, MLCC",1206 (3216 Metric),"0.126"" L x 0.063"" W (3.20mm x 1.60mm)",-,"0.051"" (1.30mm)",-,-,,10.00,1206,,technology 10nf-630V;,attribute size '1206';,attribute value '10 nf';,attribute tolerance '10%';,attribute rated_v '630V';,attribute series 'X7R';,attribute Coefficient '15% ppm/C';,attribute operating_temp '-55 to +125C';,attribute marking '103';,attribute aec-q200 'Y';,attribute mfg 'TDK';,attribute mpn 'CGA5H4X7R2J103K115AE';
-,//media.digikey.com/Renders/TDK%20Renders/CGA-Series-1206-(3216-Metric).jpg,"445-8795-2-ND,445-8795-1-ND,445-8795-6-ND",CGA5K4X7R2J223K130AE,TDK Corporation,TDK Corporation,CAP CER 0.022UF 630V X7R 1206,"3,520",0.47,0,1,"Tape & Reel (TR),Cut Tape (CT),Digi-Reel®",CGA,Active,0.022 µF,±10%,630V,X7R,-55°C ~ 125°C,Soft Termination,AEC-Q200,"Automotive, Boardflex Sensitive",-,"Surface Mount, MLCC",1206 (3216 Metric),"0.126"" L x 0.063"" W (3.20mm x 1.60mm)",-,"0.059"" (1.50mm)",-,-,,22.00,1206,,technology 22nf-630V;,attribute size '1206';,attribute value '22 nf';,attribute tolerance '10%';,attribute rated_v '630V';,attribute series 'X7R';,attribute Coefficient '15% ppm/C';,attribute operating_temp '-55 to +125C';,attribute marking '223';,attribute aec-q200 'Y';,attribute mfg 'TDK';,attribute mpn 'CGA5K4X7R2J223K130AE';
-,//media.digikey.com/Renders/TDK%20Renders/CGA-Series-1206-(3216-Metric).jpg,CGA5H3X7R2E223K115AE-ND,CGA5H3X7R2E223K115AE,TDK Corporation,TDK Corporation,CAP CER 0.022UF 250V X7R 1206,0,0.09801,0,2000,Tape & Reel (TR),CGA,Active,0.022 µF,±10%,250V,X7R,-55°C ~ 125°C,Soft Termination,AEC-Q200,"Automotive, Boardflex Sensitive",-,"Surface Mount, MLCC",1206 (3216 Metric),"0.126"" L x 0.063"" W (3.20mm x 1.60mm)",-,"0.051"" (1.30mm)",-,-,,22.00,1206,,technology 22nf-250V;,attribute size '1206';,attribute value '22 nf';,attribute tolerance '10%';,attribute rated_v '250V';,attribute series 'X7R';,attribute Coefficient '15% ppm/C';,attribute operating_temp '-55 to +125C';,attribute marking '223';,attribute aec-q200 'Y';,attribute mfg 'TDK';,attribute mpn 'CGA5H3X7R2E223K115AE';
-,//media.digikey.com/Renders/TDK%20Renders/CGA-Series-1206-(3216-Metric).jpg,"445-173823-2-ND,445-173823-1-ND,445-173823-6-ND",CGA5L4X7R2J333K160AE,TDK Corporation,TDK Corporation,CAP CER 0.033UF 630V X7R 1206,0,0.52,0,1,"Tape & Reel (TR),Cut Tape (CT),Digi-Reel®",CGA,Active,0.033 µF,±10%,630V,X7R,-55°C ~ 125°C,Soft Termination,AEC-Q200,"Automotive, Boardflex Sensitive",-,"Surface Mount, MLCC",1206 (3216 Metric),"0.126"" L x 0.063"" W (3.20mm x 1.60mm)",-,"0.075"" (1.90mm)",-,-,,33.00,1206,,technology 33nf-630V;,attribute size '1206';,attribute value '33 nf';,attribute tolerance '10%';,attribute rated_v '630V';,attribute series 'X7R';,attribute Coefficient '15% ppm/C';,attribute operating_temp '-55 to +125C';,attribute marking '333';,attribute aec-q200 'Y';,attribute mfg 'TDK';,attribute mpn 'CGA5L4X7R2J333K160AE';
-,//media.digikey.com/Renders/TDK%20Renders/CGA-Series-1206-(3216-Metric).jpg,CGA5L3X7R2E473K160AE-ND,CGA5L3X7R2E473K160AE,TDK Corporation,TDK Corporation,CAP CER 0.047UF 250V X7R 1206,0,0.1089,0,2000,Tape & Reel (TR),CGA,Active,0.047 µF,±10%,250V,X7R,-55°C ~ 125°C,Soft Termination,AEC-Q200,"Automotive, Boardflex Sensitive",-,"Surface Mount, MLCC",1206 (3216 Metric),"0.126"" L x 0.063"" W (3.20mm x 1.60mm)",-,"0.075"" (1.90mm)",-,-,,47.00,1206,,technology 47nf-250V;,attribute size '1206';,attribute value '47 nf';,attribute tolerance '10%';,attribute rated_v '250V';,attribute series 'X7R';,attribute Coefficient '15% ppm/C';,attribute operating_temp '-55 to +125C';,attribute marking '473';,attribute aec-q200 'Y';,attribute mfg 'TDK';,attribute mpn 'CGA5L3X7R2E473K160AE';
-,//media.digikey.com/Renders/TDK%20Renders/CGA-Series-1206-(3216-Metric).jpg,"445-8799-2-ND,445-8799-1-ND,445-8799-6-ND",CGA5L3X7R2E104K160AE,TDK Corporation,TDK Corporation,CAP CER 0.1UF 250V X7R 1206,"25,898",0.49,0,1,"Tape & Reel (TR),Cut Tape (CT),Digi-Reel®",CGA,Active,0.1 µF,±10%,250V,X7R,-55°C ~ 125°C,Soft Termination,AEC-Q200,"Automotive, Boardflex Sensitive",-,"Surface Mount, MLCC",1206 (3216 Metric),"0.126"" L x 0.063"" W (3.20mm x 1.60mm)",-,"0.075"" (1.90mm)",-,-,,100.00,1206,,technology 100nf-250V;,attribute size '1206';,attribute value '100 nf';,attribute tolerance '10%';,attribute rated_v '250V';,attribute series 'X7R';,attribute Coefficient '15% ppm/C';,attribute operating_temp '-55 to +125C';,attribute marking '104';,attribute aec-q200 'Y';,attribute mfg 'TDK';,attribute mpn 'CGA5L3X7R2E104K160AE';
-,//media.digikey.com/Renders/TDK%20Renders/CGA-Series-1206-(3216-Metric).jpg,"445-15963-2-ND,445-15963-1-ND,445-15963-6-ND",CGA5L2X7R2A104K160AE,TDK Corporation,TDK Corporation,CAP CER 0.1UF 100V X7R 1206,"3,789",0.44,0,1,"Tape & Reel (TR),Cut Tape (CT),Digi-Reel®",CGA,Active,0.1 µF,±10%,100V,X7R,-55°C ~ 125°C,Soft Termination,AEC-Q200,"Automotive, Boardflex Sensitive",-,"Surface Mount, MLCC",1206 (3216 Metric),"0.126"" L x 0.063"" W (3.20mm x 1.60mm)",-,"0.075"" (1.90mm)",-,-,,100.00,1206,,technology 100nf-100V;,attribute size '1206';,attribute value '100 nf';,attribute tolerance '10%';,attribute rated_v '100V';,attribute series 'X7R';,attribute Coefficient '15% ppm/C';,attribute operating_temp '-55 to +125C';,attribute marking '104';,attribute aec-q200 'Y';,attribute mfg 'TDK';,attribute mpn 'CGA5L2X7R2A104K160AE';
-,//media.digikey.com/Renders/TDK%20Renders/CGA-Series-1206-(3216-Metric).jpg,"445-173786-2-ND,445-173786-1-ND,445-173786-6-ND",CGA5H2X7R2A224K115AE,TDK Corporation,TDK Corporation,CAP CER 0.22UF 100V X7R 1206,"2,000",0.46,0,1,"Tape & Reel (TR),Cut Tape (CT),Digi-Reel®",CGA,Active,0.22 µF,±10%,100V,X7R,-55°C ~ 125°C,Soft Termination,AEC-Q200,"Automotive, Boardflex Sensitive",-,"Surface Mount, MLCC",1206 (3216 Metric),"0.126"" L x 0.063"" W (3.20mm x 1.60mm)",-,"0.051"" (1.30mm)",-,-,,220.00,1206,,technology 220nf-100V;,attribute size '1206';,attribute value '220 nf';,attribute tolerance '10%';,attribute rated_v '100V';,attribute series 'X7R';,attribute Coefficient '15% ppm/C';,attribute operating_temp '-55 to +125C';,attribute marking '224';,attribute aec-q200 'Y';,attribute mfg 'TDK';,attribute mpn 'CGA5H2X7R2A224K115AE';
-,//media.digikey.com/Renders/TDK%20Renders/CGA-Series-1206-(3216-Metric).jpg,"445-8802-2-ND,445-8802-1-ND,445-8802-6-ND",CGA5L2X7R2A474K160AE,TDK Corporation,TDK Corporation,CAP CER 0.47UF 100V X7R 1206,"1,905",0.81,0,1,"Tape & Reel (TR),Cut Tape (CT),Digi-Reel®",CGA,Active,0.47 µF,±10%,100V,X7R,-55°C ~ 125°C,Soft Termination,AEC-Q200,"Automotive, Boardflex Sensitive",-,"Surface Mount, MLCC",1206 (3216 Metric),"0.126"" L x 0.063"" W (3.20mm x 1.60mm)",-,"0.075"" (1.90mm)",-,-,,470.00,1206,,technology 470nf-100V;,attribute size '1206';,attribute value '470 nf';,attribute tolerance '10%';,attribute rated_v '100V';,attribute series 'X7R';,attribute Coefficient '15% ppm/C';,attribute operating_temp '-55 to +125C';,attribute marking '474';,attribute aec-q200 'Y';,attribute mfg 'TDK';,attribute mpn 'CGA5L2X7R2A474K160AE';
-,//media.digikey.com/Renders/TDK%20Renders/CGA-Series-1206-(3216-Metric).jpg,"445-8801-2-ND,445-8801-1-ND,445-8801-6-ND",CGA5L2X7R2A105K160AE,TDK Corporation,TDK Corporation,CAP CER 1UF 100V X7R 1206,"42,665",0.69,0,1,"Tape & Reel (TR),Cut Tape (CT),Digi-Reel®",CGA,Active,1 µF,±10%,100V,X7R,-55°C ~ 125°C,Soft Termination,AEC-Q200,"Automotive, Boardflex Sensitive",-,"Surface Mount, MLCC",1206 (3216 Metric),"0.126"" L x 0.063"" W (3.20mm x 1.60mm)",-,"0.075"" (1.90mm)",-,-,,"1,000.00",1206,,technology 1000nf-100V;,attribute size '1206';,attribute value '1000 nf';,attribute tolerance '10%';,attribute rated_v '100V';,attribute series 'X7R';,attribute Coefficient '15% ppm/C';,attribute operating_temp '-55 to +125C';,attribute marking '105';,attribute aec-q200 'Y';,attribute mfg 'TDK';,attribute mpn 'CGA5L2X7R2A105K160AE';
-,//media.digikey.com/Renders/TDK%20Renders/CGA-Series-1206-(3216-Metric).jpg,"445-8804-2-ND,445-8804-1-ND,445-8804-6-ND",CGA5L3X7R1H105K160AE,TDK Corporation,TDK Corporation,CAP CER 1UF 50V X7R 1206,"40,140",0.4,0,1,"Tape & Reel (TR),Cut Tape (CT),Digi-Reel®",CGA,Active,1 µF,±10%,50V,X7R,-55°C ~ 125°C,Soft Termination,AEC-Q200,"Automotive, Boardflex Sensitive",-,"Surface Mount, MLCC",1206 (3216 Metric),"0.126"" L x 0.063"" W (3.20mm x 1.60mm)",-,"0.075"" (1.90mm)",-,-,,"1,000.00",1206,,technology 1000nf-50V;,attribute size '1206';,attribute value '1000 nf';,attribute tolerance '10%';,attribute rated_v '50V';,attribute series 'X7R';,attribute Coefficient '15% ppm/C';,attribute operating_temp '-55 to +125C';,attribute marking '105';,attribute aec-q200 'Y';,attribute mfg 'TDK';,attribute mpn 'CGA5L3X7R1H105K160AE';
-,//media.digikey.com/Renders/TDK%20Renders/CGA-Series-1206-(3216-Metric).jpg,"445-173772-2-ND,445-173772-1-ND,445-173772-6-ND",CGA5L2X7R1E225K160AE,TDK Corporation,TDK Corporation,CAP CER 2.2UF 25V X7R 1206,"3,247",0.48,0,1,"Tape & Reel (TR),Cut Tape (CT),Digi-Reel®",CGA,Active,2.2 µF,±10%,25V,X7R,-55°C ~ 125°C,Soft Termination,AEC-Q200,"Automotive, Boardflex Sensitive",-,"Surface Mount, MLCC",1206 (3216 Metric),"0.126"" L x 0.063"" W (3.20mm x 1.60mm)",-,"0.075"" (1.90mm)",-,-,,"2,200.00",1206,,technology 2.2uf-25V;,attribute size '1206';,attribute value '2.2 uf';,attribute tolerance '10%';,attribute rated_v '25V';,attribute series 'X7R';,attribute Coefficient '15% ppm/C';,attribute operating_temp '-55 to +125C';,attribute marking '225';,attribute aec-q200 'Y';,attribute mfg 'TDK';,attribute mpn 'CGA5L2X7R1E225K160AE';
-,//media.digikey.com/Renders/TDK%20Renders/CGA-Series-1206-(3216-Metric).jpg,"445-8803-2-ND,445-8803-1-ND,445-8803-6-ND",CGA5L3X7R1H225K160AE,TDK Corporation,TDK Corporation,CAP CER 2.2UF 50V X7R 1206,0,0.92,0,1,"Tape & Reel (TR),Cut Tape (CT),Digi-Reel®",CGA,Active,2.2 µF,±10%,50V,X7R,-55°C ~ 125°C,Soft Termination,AEC-Q200,"Automotive, Boardflex Sensitive",-,"Surface Mount, MLCC",1206 (3216 Metric),"0.126"" L x 0.063"" W (3.20mm x 1.60mm)",-,"0.075"" (1.90mm)",-,-,,"2,200.00",1206,,technology 2.2uf-50V;,attribute size '1206';,attribute value '2.2 uf';,attribute tolerance '10%';,attribute rated_v '50V';,attribute series 'X7R';,attribute Coefficient '15% ppm/C';,attribute operating_temp '-55 to +125C';,attribute marking '225';,attribute aec-q200 'Y';,attribute mfg 'TDK';,attribute mpn 'CGA5L3X7R1H225K160AE';
-,//media.digikey.com/Renders/TDK%20Renders/CGA-Series-1206-(3216-Metric).jpg,CGA5L3X7R1V225K160AE-ND,CGA5L3X7R1V225K160AE,TDK Corporation,TDK Corporation,CAP CER 2.2UF 35V X7R 1206,0,0.2574,0,2000,Tape & Reel (TR),CGA,Active,2.2 µF,±10%,35V,X7R,-55°C ~ 125°C,Soft Termination,AEC-Q200,"Automotive, Boardflex Sensitive",-,"Surface Mount, MLCC",1206 (3216 Metric),"0.126"" L x 0.063"" W (3.20mm x 1.60mm)",-,"0.075"" (1.90mm)",-,-,,"2,200.00",1206,,technology 2.2uf-35V;,attribute size '1206';,attribute value '2.2 uf';,attribute tolerance '10%';,attribute rated_v '35V';,attribute series 'X7R';,attribute Coefficient '15% ppm/C';,attribute operating_temp '-55 to +125C';,attribute marking '225';,attribute aec-q200 'Y';,attribute mfg 'TDK';,attribute mpn 'CGA5L3X7R1V225K160AE';
-,//media.digikey.com/Renders/TDK%20Renders/CGA-Series-1206-(3216-Metric).jpg,"445-8805-2-ND,445-8805-1-ND,445-8805-6-ND",CGA5L1X7R1V475K160AE,TDK Corporation,TDK Corporation,CAP CER 4.7UF 35V X7R 1206,"152,748",0.79,0,1,"Tape & Reel (TR),Cut Tape (CT),Digi-Reel®",CGA,Active,4.7 µF,±10%,35V,X7R,-55°C ~ 125°C,Soft Termination,AEC-Q200,"Automotive, Boardflex Sensitive",-,"Surface Mount, MLCC",1206 (3216 Metric),"0.126"" L x 0.063"" W (3.20mm x 1.60mm)",-,"0.075"" (1.90mm)",-,-,,"4,700.00",1206,,technology 4.7uf-35V;,attribute size '1206';,attribute value '4.7 uf';,attribute tolerance '10%';,attribute rated_v '35V';,attribute series 'X7R';,attribute Coefficient '15% ppm/C';,attribute operating_temp '-55 to +125C';,attribute marking '475';,attribute aec-q200 'Y';,attribute mfg 'TDK';,attribute mpn 'CGA5L1X7R1V475K160AE';
-,//media.digikey.com/Renders/TDK%20Renders/CGA-Series-1206-(3216-Metric).jpg,"445-172481-2-ND,445-172481-1-ND,445-172481-6-ND",CGA5L3X7R1H475K160AE,TDK Corporation,TDK Corporation,CAP CER 4.7UF 50V X7R 1206,"10,569",0.74,0,1,"Tape & Reel (TR),Cut Tape (CT),Digi-Reel®",CGA,Active,4.7 µF,±10%,50V,X7R,-55°C ~ 125°C,Soft Termination,AEC-Q200,"Automotive, Boardflex Sensitive",-,"Surface Mount, MLCC",1206 (3216 Metric),"0.126"" L x 0.063"" W (3.20mm x 1.60mm)",-,"0.075"" (1.90mm)",-,-,,"4,700.00",1206,,technology 4.7uf-50V;,attribute size '1206';,attribute value '4.7 uf';,attribute tolerance '10%';,attribute rated_v '50V';,attribute series 'X7R';,attribute Coefficient '15% ppm/C';,attribute operating_temp '-55 to +125C';,attribute marking '475';,attribute aec-q200 'Y';,attribute mfg 'TDK';,attribute mpn 'CGA5L3X7R1H475K160AE';
-,//media.digikey.com/Renders/TDK%20Renders/CGA-Series-1206-(3216-Metric).jpg,"445-8806-2-ND,445-8806-1-ND,445-8806-6-ND",CGA5L1X7R1E106K160AE,TDK Corporation,TDK Corporation,CAP CER 10UF 25V X7R 1206,"287,814",1.03,0,1,"Tape & Reel (TR),Cut Tape (CT),Digi-Reel®",CGA,Active,10 µF,±10%,25V,X7R,-55°C ~ 125°C,Soft Termination,AEC-Q200,"Automotive, Boardflex Sensitive",-,"Surface Mount, MLCC",1206 (3216 Metric),"0.126"" L x 0.063"" W (3.20mm x 1.60mm)",-,"0.075"" (1.90mm)",-,-,,"10,000.00",1206,,technology 10uf-25V;,attribute size '1206';,attribute value '10 uf';,attribute tolerance '10%';,attribute rated_v '25V';,attribute series 'X7R';,attribute Coefficient '15% ppm/C';,attribute operating_temp '-55 to +125C';,attribute marking '106';,attribute aec-q200 'Y';,attribute mfg 'TDK';,attribute mpn 'CGA5L1X7R1E106K160AE';
-,//media.digikey.com/Renders/TDK%20Renders/CGA-Series-1206-(3216-Metric).jpg,"445-172483-2-ND,445-172483-1-ND,445-172483-6-ND",CGA5L1X7R1V106K160AE,TDK Corporation,TDK Corporation,CAP CER 10UF 35V X7R 1206,0,1.08,0,1,"Tape & Reel (TR),Cut Tape (CT),Digi-Reel®",CGA,Active,10 µF,±10%,35V,X7R,-55°C ~ 125°C,Soft Termination,AEC-Q200,"Automotive, Boardflex Sensitive",-,"Surface Mount, MLCC",1206 (3216 Metric),"0.126"" L x 0.063"" W (3.20mm x 1.60mm)",-,"0.075"" (1.90mm)",-,-,,"10,000.00",1206,,technology 10uf-35V;,attribute size '1206';,attribute value '10 uf';,attribute tolerance '10%';,attribute rated_v '35V';,attribute series 'X7R';,attribute Coefficient '15% ppm/C';,attribute operating_temp '-55 to +125C';,attribute marking '106';,attribute aec-q200 'Y';,attribute mfg 'TDK';,attribute mpn 'CGA5L1X7R1V106K160AE';
-,//media.digikey.com/Renders/TDK%20Renders/CGA-Series-1206-(3216-Metric).jpg,"445-181412-2-ND,445-181412-1-ND,445-181412-6-ND",CGA5L1X7R1H106K160AE,TDK Corporation,TDK Corporation,CAP CER 10UF 50V X7R 1206,0,1.15,0,1,"Tape & Reel (TR),Cut Tape (CT),Digi-Reel®",CGA,Active,10 µF,±10%,50V,X7R,-55°C ~ 125°C,Soft Termination,AEC-Q200,"Automotive, Boardflex Sensitive",-,"Surface Mount, MLCC",1206 (3216 Metric),"0.126"" L x 0.063"" W (3.20mm x 1.60mm)",-,"0.075"" (1.90mm)",-,-,,"10,000.00",1206,,technology 10uf-50V;,attribute size '1206';,attribute value '10 uf';,attribute tolerance '10%';,attribute rated_v '50V';,attribute series 'X7R';,attribute Coefficient '15% ppm/C';,attribute operating_temp '-55 to +125C';,attribute marking '106';,attribute aec-q200 'Y';,attribute mfg 'TDK';,attribute mpn 'CGA5L1X7R1H106K160AE';
-,//media.digikey.com/Renders/TDK%20Renders/1210%20(3225%20Metric)%202.5.jpg,"445-8774-2-ND,445-8774-1-ND,445-8774-6-ND",CGA6M4X7R2J473K200AE,TDK Corporation,TDK Corporation,CAP CER 0.047UF 630V X7R 1210,0,0.72,0,1,"Tape & Reel (TR),Cut Tape (CT),Digi-Reel®",CGA,Active,0.047 µF,±10%,630V,X7R,-55°C ~ 125°C,Soft Termination,AEC-Q200,"Automotive, Boardflex Sensitive",-,"Surface Mount, MLCC",1210 (3225 Metric),"0.126"" L x 0.098"" W (3.20mm x 2.50mm)",-,"0.091"" (2.30mm)",-,-,,47.00,1210,,technology 47nf-630V;,attribute size '1210';,attribute value '47 nf';,attribute tolerance '10%';,attribute rated_v '630V';,attribute series 'X7R';,attribute Coefficient '15% ppm/C';,attribute operating_temp '-55 to +125C';,attribute marking '473';,attribute aec-q200 'Y';,attribute mfg 'TDK';,attribute mpn 'CGA6M4X7R2J473K200AE';
-,//media.digikey.com/Renders/TDK%20Renders/1210%20(3225%20Metric)%202.5.jpg,CGA6M4X7R2J683K200AE-ND,CGA6M4X7R2J683K200AE,TDK Corporation,TDK Corporation,CAP CER 0.068UF 630V X7R 1210,0,0.2904,0,1000,Tape & Reel (TR),CGA,Active,0.068 µF,±10%,630V,X7R,-55°C ~ 125°C,Soft Termination,AEC-Q200,"Automotive, Boardflex Sensitive",-,"Surface Mount, MLCC",1210 (3225 Metric),"0.126"" L x 0.098"" W (3.20mm x 2.50mm)",-,"0.091"" (2.30mm)",-,-,,68.00,1210,,technology 68nf-630V;,attribute size '1210';,attribute value '68 nf';,attribute tolerance '10%';,attribute rated_v '630V';,attribute series 'X7R';,attribute Coefficient '15% ppm/C';,attribute operating_temp '-55 to +125C';,attribute marking '683';,attribute aec-q200 'Y';,attribute mfg 'TDK';,attribute mpn 'CGA6M4X7R2J683K200AE';
-,//media.digikey.com/Renders/TDK%20Renders/1210%20(3225%20Metric)%202.5.jpg,"445-8789-2-ND,445-8789-1-ND,445-8789-6-ND",CGA6M3X7R2E104K200AE,TDK Corporation,TDK Corporation,CAP CER 0.1UF 250V X7R 1210,3,0.61,0,1,"Tape & Reel (TR),Cut Tape (CT),Digi-Reel®",CGA,Active,0.1 µF,±10%,250V,X7R,-55°C ~ 125°C,Soft Termination,AEC-Q200,"Automotive, Boardflex Sensitive",-,"Surface Mount, MLCC",1210 (3225 Metric),"0.126"" L x 0.098"" W (3.20mm x 2.50mm)",-,"0.091"" (2.30mm)",-,-,,100.00,1210,,technology 100nf-250V;,attribute size '1210';,attribute value '100 nf';,attribute tolerance '10%';,attribute rated_v '250V';,attribute series 'X7R';,attribute Coefficient '15% ppm/C';,attribute operating_temp '-55 to +125C';,attribute marking '104';,attribute aec-q200 'Y';,attribute mfg 'TDK';,attribute mpn 'CGA6M3X7R2E104K200AE';
-,//media.digikey.com/Renders/TDK%20Renders/1210%20(3225%20Metric)%202.5.jpg,"445-8776-2-ND,445-8776-1-ND,445-8776-6-ND",CGA6M3X7R2E224K200AE,TDK Corporation,TDK Corporation,CAP CER 0.22UF 250V X7R 1210,0,0.71,0,1,"Tape & Reel (TR),Cut Tape (CT),Digi-Reel®",CGA,Active,0.22 µF,±10%,250V,X7R,-55°C ~ 125°C,Soft Termination,AEC-Q200,"Automotive, Boardflex Sensitive",-,"Surface Mount, MLCC",1210 (3225 Metric),"0.126"" L x 0.098"" W (3.20mm x 2.50mm)",-,"0.091"" (2.30mm)",-,-,,220.00,1210,,technology 220nf-250V;,attribute size '1210';,attribute value '220 nf';,attribute tolerance '10%';,attribute rated_v '250V';,attribute series 'X7R';,attribute Coefficient '15% ppm/C';,attribute operating_temp '-55 to +125C';,attribute marking '224';,attribute aec-q200 'Y';,attribute mfg 'TDK';,attribute mpn 'CGA6M3X7R2E224K200AE';
-,//media.digikey.com/Renders/TDK%20Renders/1210%20(3225%20Metric)%202.5.jpg,CGA6M2X7R2A474K200AE-ND,CGA6M2X7R2A474K200AE,TDK Corporation,TDK Corporation,CAP CER 0.47UF 100V X7R 1210,0,0.27104,0,1000,Tape & Reel (TR),CGA,Active,0.47 µF,±10%,100V,X7R,-55°C ~ 125°C,Soft Termination,AEC-Q200,"Automotive, Boardflex Sensitive",-,"Surface Mount, MLCC",1210 (3225 Metric),"0.126"" L x 0.098"" W (3.20mm x 2.50mm)",-,"0.091"" (2.30mm)",-,-,,470.00,1210,,technology 470nf-100V;,attribute size '1210';,attribute value '470 nf';,attribute tolerance '10%';,attribute rated_v '100V';,attribute series 'X7R';,attribute Coefficient '15% ppm/C';,attribute operating_temp '-55 to +125C';,attribute marking '474';,attribute aec-q200 'Y';,attribute mfg 'TDK';,attribute mpn 'CGA6M2X7R2A474K200AE';
-,//media.digikey.com/Renders/TDK%20Renders/1210%20(3225%20Metric)%202.5.jpg,"445-173827-2-ND,445-173827-1-ND,445-173827-6-ND",CGA6M2X7R2A105K200AE,TDK Corporation,TDK Corporation,CAP CER 1UF 100V X7R 1210,"5,805",0.92,0,1,"Tape & Reel (TR),Cut Tape (CT),Digi-Reel®",CGA,Active,1 µF,±10%,100V,X7R,-55°C ~ 125°C,Soft Termination,AEC-Q200,"Automotive, Boardflex Sensitive",-,"Surface Mount, MLCC",1210 (3225 Metric),"0.126"" L x 0.098"" W (3.20mm x 2.50mm)",-,"0.091"" (2.30mm)",-,-,,"1,000.00",1210,,technology 1000nf-100V;,attribute size '1210';,attribute value '1000 nf';,attribute tolerance '10%';,attribute rated_v '100V';,attribute series 'X7R';,attribute Coefficient '15% ppm/C';,attribute operating_temp '-55 to +125C';,attribute marking '105';,attribute aec-q200 'Y';,attribute mfg 'TDK';,attribute mpn 'CGA6M2X7R2A105K200AE';
-,//media.digikey.com/Renders/TDK%20Renders/1210%20(3225%20Metric)%202.5.jpg,"445-173738-2-ND,445-173738-1-ND,445-173738-6-ND",CGA6L2X7R1H105K160AE,TDK Corporation,TDK Corporation,CAP CER 1UF 50V X7R 1210,0,0.44,0,1,"Tape & Reel (TR),Cut Tape (CT),Digi-Reel®",CGA,Active,1 µF,±10%,50V,X7R,-55°C ~ 125°C,Soft Termination,AEC-Q200,"Automotive, Boardflex Sensitive",-,"Surface Mount, MLCC",1210 (3225 Metric),"0.126"" L x 0.098"" W (3.20mm x 2.50mm)",-,"0.075"" (1.90mm)",-,-,,"1,000.00",1210,,technology 1000nf-50V;,attribute size '1210';,attribute value '1000 nf';,attribute tolerance '10%';,attribute rated_v '50V';,attribute series 'X7R';,attribute Coefficient '15% ppm/C';,attribute operating_temp '-55 to +125C';,attribute marking '105';,attribute aec-q200 'Y';,attribute mfg 'TDK';,attribute mpn 'CGA6L2X7R1H105K160AE';
-,//media.digikey.com/Renders/TDK%20Renders/1210%20(3225%20Metric)%202.5.jpg,"445-8791-2-ND,445-8791-1-ND,445-8791-6-ND",CGA6N3X7R2A225K230AE,TDK Corporation,TDK Corporation,CAP CER 2.2UF 100V X7R 1210,"37,096",1.09,0,1,"Tape & Reel (TR),Cut Tape (CT),Digi-Reel®",CGA,Active,2.2 µF,±10%,100V,X7R,-55°C ~ 125°C,Soft Termination,AEC-Q200,"Automotive, Boardflex Sensitive",-,"Surface Mount, MLCC",1210 (3225 Metric),"0.126"" L x 0.098"" W (3.20mm x 2.50mm)",-,"0.102"" (2.60mm)",-,-,,"2,200.00",1210,,technology 2.2uf-100V;,attribute size '1210';,attribute value '2.2 uf';,attribute tolerance '10%';,attribute rated_v '100V';,attribute series 'X7R';,attribute Coefficient '15% ppm/C';,attribute operating_temp '-55 to +125C';,attribute marking '225';,attribute aec-q200 'Y';,attribute mfg 'TDK';,attribute mpn 'CGA6N3X7R2A225K230AE';
-,//media.digikey.com/Renders/TDK%20Renders/1210%20(3225%20Metric)%202.5.jpg,"445-173667-2-ND,445-173667-1-ND,445-173667-6-ND",CGA6M3X7R1H225K200AE,TDK Corporation,TDK Corporation,CAP CER 2.2UF 50V X7R 1210,981,0.7,0,1,"Tape & Reel (TR),Cut Tape (CT),Digi-Reel®",CGA,Active,2.2 µF,±10%,50V,X7R,-55°C ~ 125°C,Soft Termination,AEC-Q200,"Automotive, Boardflex Sensitive",-,"Surface Mount, MLCC",1210 (3225 Metric),"0.126"" L x 0.098"" W (3.20mm x 2.50mm)",-,"0.091"" (2.30mm)",-,-,,"2,200.00",1210,,technology 2.2uf-50V;,attribute size '1210';,attribute value '2.2 uf';,attribute tolerance '10%';,attribute rated_v '50V';,attribute series 'X7R';,attribute Coefficient '15% ppm/C';,attribute operating_temp '-55 to +125C';,attribute marking '225';,attribute aec-q200 'Y';,attribute mfg 'TDK';,attribute mpn 'CGA6M3X7R1H225K200AE';
-,//media.digikey.com/Renders/TDK%20Renders/CGA-Series-1808-(4520-Metric)-1.3.jpg,"445-13169-2-ND,445-13169-1-ND,445-13169-6-ND",CGA7K1X7R3D102K130KE,TDK Corporation,TDK Corporation,CAP CER 1000PF 2KV X7R 1808,"1,276",1.03,0,1,"Tape & Reel (TR),Cut Tape (CT),Digi-Reel®",CGA,Active,1000 pF,±10%,2000V (2kV),X7R,-55°C ~ 125°C,"Soft Termination, High Voltage",AEC-Q200,"Automotive, Boardflex Sensitive",-,"Surface Mount, MLCC",1808 (4520 Metric),"0.177"" L x 0.079"" W (4.50mm x 2.00mm)",-,"0.059"" (1.50mm)",-,-,,1.00,1808,,technology 1nf-2000V (2kV);,attribute size '1808';,attribute value '1 nf';,attribute tolerance '10%';,attribute rated_v '2000V (2kV)';,attribute series 'X7R';,attribute Coefficient '15% ppm/C';,attribute operating_temp '-55 to +125C';,attribute marking '102';,attribute aec-q200 'Y';,attribute mfg 'TDK';,attribute mpn 'CGA7K1X7R3D102K130KE';
-,//media.digikey.com/Renders/TDK%20Renders/CGA-Series-1812-(4532-Metric)-1.6.jpg,"445-13172-2-ND,445-13172-1-ND,445-13172-6-ND",CGA8K1X7R3D222K130KE,TDK Corporation,TDK Corporation,CAP CER 2200PF 2KV X7R 1812,"3,781",1.09,0,1,"Tape & Reel (TR),Cut Tape (CT),Digi-Reel®",CGA,Active,2200 pF,±10%,2000V (2kV),X7R,-55°C ~ 125°C,"Soft Termination, High Voltage",AEC-Q200,"Automotive, Boardflex Sensitive",-,"Surface Mount, MLCC",1812 (4532 Metric),"0.177"" L x 0.126"" W (4.50mm x 3.20mm)",-,"0.059"" (1.50mm)",-,-,,2.20,1812,,technology 2.2nf-2000V (2kV);,attribute size '1812';,attribute value '2.2 nf';,attribute tolerance '10%';,attribute rated_v '2000V (2kV)';,attribute series 'X7R';,attribute Coefficient '15% ppm/C';,attribute operating_temp '-55 to +125C';,attribute marking '222';,attribute aec-q200 'Y';,attribute mfg 'TDK';,attribute mpn 'CGA8K1X7R3D222K130KE';
-,//media.digikey.com/Renders/TDK%20Renders/CGA-Series-1812-(4532-Metric)-2.6.jpg,"445-173836-2-ND,445-173836-1-ND,445-173836-6-ND",CGA8N4X7R2J104K230KE,TDK Corporation,TDK Corporation,CAP CER 0.1UF 630V X7R 1812,969,0.99,0,1,"Tape & Reel (TR),Cut Tape (CT),Digi-Reel®",CGA,Active,0.1 µF,±10%,630V,X7R,-55°C ~ 125°C,Soft Termination,AEC-Q200,"Automotive, Boardflex Sensitive",-,"Surface Mount, MLCC",1812 (4532 Metric),"0.177"" L x 0.126"" W (4.50mm x 3.20mm)",-,"0.102"" (2.60mm)",-,-,,100.00,1812,,technology 100nf-630V;,attribute size '1812';,attribute value '100 nf';,attribute tolerance '10%';,attribute rated_v '630V';,attribute series 'X7R';,attribute Coefficient '15% ppm/C';,attribute operating_temp '-55 to +125C';,attribute marking '104';,attribute aec-q200 'Y';,attribute mfg 'TDK';,attribute mpn 'CGA8N4X7R2J104K230KE';
-,//media.digikey.com/Renders/TDK%20Renders/CGA-Series-1812-(4532-Metric)-2.6.jpg,"445-8772-2-ND,445-8772-1-ND,445-8772-6-ND",CGA8N3X7R2E474K230KE,TDK Corporation,TDK Corporation,CAP CER 0.47UF 250V X7R 1812,"3,708",1.13,0,1,"Tape & Reel (TR),Cut Tape (CT),Digi-Reel®",CGA,Active,0.47 µF,±10%,250V,X7R,-55°C ~ 125°C,Soft Termination,AEC-Q200,"Automotive, Boardflex Sensitive",-,"Surface Mount, MLCC",1812 (4532 Metric),"0.177"" L x 0.126"" W (4.50mm x 3.20mm)",-,"0.098"" (2.50mm)",-,-,,470.00,1812,,technology 470nf-250V;,attribute size '1812';,attribute value '470 nf';,attribute tolerance '10%';,attribute rated_v '250V';,attribute series 'X7R';,attribute Coefficient '15% ppm/C';,attribute operating_temp '-55 to +125C';,attribute marking '474';,attribute aec-q200 'Y';,attribute mfg 'TDK';,attribute mpn 'CGA8N3X7R2E474K230KE';
-,//media.digikey.com/Renders/TDK%20Renders/CGA-Series-2220-(5750-Metric)-2.8.jpg,"445-173837-2-ND,445-173837-1-ND,445-173837-6-ND",CGA9N4X7R2J224K230KE,TDK Corporation,TDK Corporation,CAP CER 0.22UF 630V X7R 2220,815,1.5,0,1,"Tape & Reel (TR),Cut Tape (CT),Digi-Reel®",CGA,Active,0.22 µF,±10%,630V,X7R,-55°C ~ 125°C,Soft Termination,AEC-Q200,"Automotive, Boardflex Sensitive",-,"Surface Mount, MLCC",2220 (5750 Metric),"0.224"" L x 0.197"" W (5.70mm x 5.00mm)",-,"0.102"" (2.60mm)",-,-,,220.00,2220,,technology 220nf-630V;,attribute size '2220';,attribute value '220 nf';,attribute tolerance '10%';,attribute rated_v '630V';,attribute series 'X7R';,attribute Coefficient '15% ppm/C';,attribute operating_temp '-55 to +125C';,attribute marking '224';,attribute aec-q200 'Y';,attribute mfg 'TDK';,attribute mpn 'CGA9N4X7R2J224K230KE';
-,//media.digikey.com/Renders/TDK%20Renders/CGA-Series-2220-(5750-Metric)-2.3.jpg,"445-8767-2-ND,445-8767-1-ND,445-8767-6-ND",CGA9N3X7R2E105K230KE,TDK Corporation,TDK Corporation,CAP CER 1UF 250V X7R 2220,"3,490",1.77,0,1,"Tape & Reel (TR),Cut Tape (CT),Digi-Reel®",CGA,Active,1 µF,±10%,250V,X7R,-55°C ~ 125°C,Soft Termination,AEC-Q200,"Automotive, Boardflex Sensitive",-,"Surface Mount, MLCC",2220 (5750 Metric),"0.224"" L x 0.197"" W (5.70mm x 5.00mm)",-,"0.102"" (2.60mm)",-,-,,"1,000.00",2220,,technology 1000nf-250V;,attribute size '2220';,attribute value '1000 nf';,attribute tolerance '10%';,attribute rated_v '250V';,attribute series 'X7R';,attribute Coefficient '15% ppm/C';,attribute operating_temp '-55 to +125C';,attribute marking '105';,attribute aec-q200 'Y';,attribute mfg 'TDK';,attribute mpn 'CGA9N3X7R2E105K230KE';
,,,,,,,,,,,,,,,,,,,,,,,,,,,,,,,ERR,,,#VALUE!,attribute size '';,#VALUE!,attribute tolerance '';,attribute rated_v '';,attribute series '';,attribute Coefficient '15% ppm/C';,attribute operating_temp '';,attribute marking '';,attribute aec-q200 'Y';,attribute mfg 'TDK';,attribute mpn '';
,,,,,,,,,,,,,,,,,,,,,,,,,,,,,,,,,,,,,,,,,,,,,
,,,,,,,,,,,,,,,,,,,,,,,,,,,,,,,,,,,,,,,,,,,,,
,,,,,,,,,,,,,,,,,,,,,,,,,,,,,,,,,,,,,,,,,,,,,
,,,,,,,,,,,,,,,,,,,,,,,,,,,,,,,,,,,,,,,,,,,,,
,,,,,,,,,,,,,,,,,,,,,,,,,,,,,,,,,,,,,,,,,,,,,
,,,,,,,,,,,,,,,,,,,,,,,,,,,,,,,,,,,,,,,,,,,,,
