Datasheet,Image,DK Part #,Mfr Part #,Mfr,Supplier,Description,Stock,Price,@ qty,Min Qty, Package,Series,"Part Status","Resistance","Tolerance","Power (Watts)","Composition","Features","Temperature Coefficient","Operating Temperature","Package / Case","Supplier Device Package","Ratings","Size / Dimension","Height - Seated (Max)","Number of Terminations","Failure Rate"
"https://b2b-api.panasonic.eu/file_stream/pids/fileversion/1242","//media.digikey.com/Photos/Panasonic Photos/MFG_ERJ-XGNJ1R0Y.jpg","10-ERJ-XGNJ1R0YTR-ND,10-ERJ-XGNJ1R0YCT-ND,10-ERJ-XGNJ1R0YDKR-ND","ERJ-XGNJ1R0Y","Panasonic Electronic Components","Panasonic Electronic Components","RES SMD 1.0 OHM 5% 1/32W 01005","16,604","0.2","0","1","Tape & Reel (TR),Cut Tape (CT),Digi-Reel®","ERJ-XGN","Active","1 Ohms","±5%","0.03W, 1/32W","Thick Film","-","-100/ +600ppm/°C","-55°C ~ 125°C","01005 (0402 Metric)","01005","-","0.016"" L x 0.008"" W (0.40mm x 0.20mm)","0.006"" (0.15mm)","2","-"
"https://b2b-api.panasonic.eu/file_stream/pids/fileversion/1242","//media.digikey.com/Photos/Panasonic Photos/MFG_ERJ-XGNJ1R0Y.jpg","10-ERJ-XGNJ1R1YTR-ND","ERJ-XGNJ1R1Y","Panasonic Electronic Components","Panasonic Electronic Components","RES SMD 1.1 OHM 5% 1/32W 01005","0","0.021","0","20000","Tape & Reel (TR)","ERJ-XGN","Active","1.1 Ohms","±5%","0.03W, 1/32W","Thick Film","-","-100/ +600ppm/°C","-55°C ~ 125°C","01005 (0402 Metric)","01005","-","0.016"" L x 0.008"" W (0.40mm x 0.20mm)","0.006"" (0.15mm)","2","-"
"https://b2b-api.panasonic.eu/file_stream/pids/fileversion/1242","//media.digikey.com/Photos/Panasonic Photos/MFG_ERJ-XGNJ1R0Y.jpg","10-ERJ-XGNJ1R2YTR-ND,10-ERJ-XGNJ1R2YCT-ND,10-ERJ-XGNJ1R2YDKR-ND","ERJ-XGNJ1R2Y","Panasonic Electronic Components","Panasonic Electronic Components","RES SMD 1.2 OHM 5% 1/32W 01005","19,980","0.2","0","1","Tape & Reel (TR),Cut Tape (CT),Digi-Reel®","ERJ-XGN","Active","1.2 Ohms","±5%","0.03W, 1/32W","Thick Film","-","-100/ +600ppm/°C","-55°C ~ 125°C","01005 (0402 Metric)","01005","-","0.016"" L x 0.008"" W (0.40mm x 0.20mm)","0.006"" (0.15mm)","2","-"
"https://b2b-api.panasonic.eu/file_stream/pids/fileversion/1242","//media.digikey.com/Photos/Panasonic Photos/MFG_ERJ-XGNJ1R0Y.jpg","10-ERJ-XGNJ1R3YTR-ND","ERJ-XGNJ1R3Y","Panasonic Electronic Components","Panasonic Electronic Components","RES SMD 1.3 OHM 5% 1/32W 01005","0","0.021","0","20000","Tape & Reel (TR)","ERJ-XGN","Active","1.3 Ohms","±5%","0.03W, 1/32W","Thick Film","-","-100/ +600ppm/°C","-55°C ~ 125°C","01005 (0402 Metric)","01005","-","0.016"" L x 0.008"" W (0.40mm x 0.20mm)","0.006"" (0.15mm)","2","-"
"https://b2b-api.panasonic.eu/file_stream/pids/fileversion/1242","//media.digikey.com/Photos/Panasonic Photos/MFG_ERJ-XGNJ1R0Y.jpg","10-ERJ-XGNJ1R5YTR-ND,10-ERJ-XGNJ1R5YCT-ND,10-ERJ-XGNJ1R5YDKR-ND","ERJ-XGNJ1R5Y","Panasonic Electronic Components","Panasonic Electronic Components","RES SMD 1.5 OHM 5% 1/32W 01005","19,980","0.2","0","1","Tape & Reel (TR),Cut Tape (CT),Digi-Reel®","ERJ-XGN","Active","1.5 Ohms","±5%","0.03W, 1/32W","Thick Film","-","-100/ +600ppm/°C","-55°C ~ 125°C","01005 (0402 Metric)","01005","-","0.016"" L x 0.008"" W (0.40mm x 0.20mm)","0.006"" (0.15mm)","2","-"
"https://b2b-api.panasonic.eu/file_stream/pids/fileversion/1242","//media.digikey.com/Photos/Panasonic Photos/MFG_ERJ-XGNJ1R6Y.jpg","10-ERJ-XGNJ1R6YTR-ND","ERJ-XGNJ1R6Y","Panasonic Electronic Components","Panasonic Electronic Components","RES 1.6 OHM 5% 1/32W 01005","0","0.021","0","20000","Tape & Reel (TR)","ERJ-XGN","Active","1.6 Ohms","±5%","0.03W, 1/32W","Thick Film","-","-100/ +600ppm/°C","-55°C ~ 125°C","01005 (0402 Metric)","01005","-","0.016"" L x 0.008"" W (0.40mm x 0.20mm)","0.006"" (0.15mm)","2","-"
"https://b2b-api.panasonic.eu/file_stream/pids/fileversion/1242","//media.digikey.com/Photos/Panasonic Photos/MFG_ERJ-XGNJ1R0Y.jpg","10-ERJ-XGNJ1R8YTR-ND,10-ERJ-XGNJ1R8YCT-ND,10-ERJ-XGNJ1R8YDKR-ND","ERJ-XGNJ1R8Y","Panasonic Electronic Components","Panasonic Electronic Components","RES SMD 1.8 OHM 5% 1/32W 01005","19,980","0.2","0","1","Tape & Reel (TR),Cut Tape (CT),Digi-Reel®","ERJ-XGN","Active","1.8 Ohms","±5%","0.03W, 1/32W","Thick Film","-","-100/ +600ppm/°C","-55°C ~ 125°C","01005 (0402 Metric)","01005","-","0.016"" L x 0.008"" W (0.40mm x 0.20mm)","0.006"" (0.15mm)","2","-"
"https://b2b-api.panasonic.eu/file_stream/pids/fileversion/1242","//media.digikey.com/Photos/Panasonic Photos/MFG_ERJ-XGNJ1R0Y.jpg","10-ERJ-XGNJ2R0YTR-ND","ERJ-XGNJ2R0Y","Panasonic Electronic Components","Panasonic Electronic Components","RES SMD 2.0 OHM 5% 1/32W 01005","0","0.021","0","20000","Tape & Reel (TR)","ERJ-XGN","Active","2 Ohms","±5%","0.03W, 1/32W","Thick Film","-","-100/ +600ppm/°C","-55°C ~ 125°C","01005 (0402 Metric)","01005","-","0.016"" L x 0.008"" W (0.40mm x 0.20mm)","0.006"" (0.15mm)","2","-"
"https://b2b-api.panasonic.eu/file_stream/pids/fileversion/1242","//media.digikey.com/Photos/Panasonic Photos/MFG_ERJ-XGNJ1R0Y.jpg","10-ERJ-XGNJ2R2YTR-ND,10-ERJ-XGNJ2R2YCT-ND,10-ERJ-XGNJ2R2YDKR-ND","ERJ-XGNJ2R2Y","Panasonic Electronic Components","Panasonic Electronic Components","RES SMD 2.2 OHM 5% 1/32W 01005","19,900","0.2","0","1","Tape & Reel (TR),Cut Tape (CT),Digi-Reel®","ERJ-XGN","Active","2.2 Ohms","±5%","0.03W, 1/32W","Thick Film","-","-100/ +600ppm/°C","-55°C ~ 125°C","01005 (0402 Metric)","01005","-","0.016"" L x 0.008"" W (0.40mm x 0.20mm)","0.006"" (0.15mm)","2","-"
"https://b2b-api.panasonic.eu/file_stream/pids/fileversion/1242","//media.digikey.com/Photos/Panasonic Photos/MFG_ERJ-XGNJ1R0Y.jpg","10-ERJ-XGNJ2R4YTR-ND","ERJ-XGNJ2R4Y","Panasonic Electronic Components","Panasonic Electronic Components","RES SMD 2.4 OHM 5% 1/32W 01005","0","0.021","0","20000","Tape & Reel (TR)","ERJ-XGN","Active","2.4 Ohms","±5%","0.03W, 1/32W","Thick Film","-","-100/ +600ppm/°C","-55°C ~ 125°C","01005 (0402 Metric)","01005","-","0.016"" L x 0.008"" W (0.40mm x 0.20mm)","0.006"" (0.15mm)","2","-"
"https://b2b-api.panasonic.eu/file_stream/pids/fileversion/1242","//media.digikey.com/Photos/Panasonic Photos/MFG_ERJ-XGNJ1R0Y.jpg","10-ERJ-XGNJ2R7YTR-ND,10-ERJ-XGNJ2R7YCT-ND,10-ERJ-XGNJ2R7YDKR-ND","ERJ-XGNJ2R7Y","Panasonic Electronic Components","Panasonic Electronic Components","RES SMD 2.7 OHM 5% 1/32W 01005","20,000","0.2","0","1","Tape & Reel (TR),Cut Tape (CT),Digi-Reel®","ERJ-XGN","Active","2.7 Ohms","±5%","0.03W, 1/32W","Thick Film","-","-100/ +600ppm/°C","-55°C ~ 125°C","01005 (0402 Metric)","01005","-","0.016"" L x 0.008"" W (0.40mm x 0.20mm)","0.006"" (0.15mm)","2","-"
"https://b2b-api.panasonic.eu/file_stream/pids/fileversion/1242","//media.digikey.com/Photos/Panasonic Photos/MFG_ERJ-XGNJ1R0Y.jpg","10-ERJ-XGNJ3R0YTR-ND","ERJ-XGNJ3R0Y","Panasonic Electronic Components","Panasonic Electronic Components","RES SMD 3.0 OHM 5% 1/32W 01005","0","0.021","0","20000","Tape & Reel (TR)","ERJ-XGN","Active","3 Ohms","±5%","0.03W, 1/32W","Thick Film","-","-100/ +600ppm/°C","-55°C ~ 125°C","01005 (0402 Metric)","01005","-","0.016"" L x 0.008"" W (0.40mm x 0.20mm)","0.006"" (0.15mm)","2","-"
"https://b2b-api.panasonic.eu/file_stream/pids/fileversion/1242","//media.digikey.com/Photos/Panasonic Photos/MFG_ERJ-XGNJ1R0Y.jpg","10-ERJ-XGNJ3R3YTR-ND,10-ERJ-XGNJ3R3YCT-ND,10-ERJ-XGNJ3R3YDKR-ND","ERJ-XGNJ3R3Y","Panasonic Electronic Components","Panasonic Electronic Components","RES SMD 3.3 OHM 5% 1/32W 01005","19,990","0.2","0","1","Tape & Reel (TR),Cut Tape (CT),Digi-Reel®","ERJ-XGN","Active","3.3 Ohms","±5%","0.03W, 1/32W","Thick Film","-","-100/ +600ppm/°C","-55°C ~ 125°C","01005 (0402 Metric)","01005","-","0.016"" L x 0.008"" W (0.40mm x 0.20mm)","0.006"" (0.15mm)","2","-"
"https://b2b-api.panasonic.eu/file_stream/pids/fileversion/1242","//media.digikey.com/Photos/Panasonic Photos/MFG_ERJ-XGNJ1R0Y.jpg","10-ERJ-XGNJ3R6YTR-ND","ERJ-XGNJ3R6Y","Panasonic Electronic Components","Panasonic Electronic Components","RES SMD 3.6 OHM 5% 1/32W 01005","0","0.021","0","20000","Tape & Reel (TR)","ERJ-XGN","Active","3.6 Ohms","±5%","0.03W, 1/32W","Thick Film","-","-100/ +600ppm/°C","-55°C ~ 125°C","01005 (0402 Metric)","01005","-","0.016"" L x 0.008"" W (0.40mm x 0.20mm)","0.006"" (0.15mm)","2","-"
"https://b2b-api.panasonic.eu/file_stream/pids/fileversion/1242","//media.digikey.com/Photos/Panasonic Photos/MFG_ERJ-XGNJ1R0Y.jpg","10-ERJ-XGNJ3R9YTR-ND,10-ERJ-XGNJ3R9YCT-ND,10-ERJ-XGNJ3R9YDKR-ND","ERJ-XGNJ3R9Y","Panasonic Electronic Components","Panasonic Electronic Components","RES SMD 3.9 OHM 5% 1/32W 01005","18,500","0.2","0","1","Tape & Reel (TR),Cut Tape (CT),Digi-Reel®","ERJ-XGN","Active","3.9 Ohms","±5%","0.03W, 1/32W","Thick Film","-","-100/ +600ppm/°C","-55°C ~ 125°C","01005 (0402 Metric)","01005","-","0.016"" L x 0.008"" W (0.40mm x 0.20mm)","0.006"" (0.15mm)","2","-"
"https://b2b-api.panasonic.eu/file_stream/pids/fileversion/1242","//media.digikey.com/Photos/Panasonic Photos/MFG_ERJ-XGNJ1R0Y.jpg","10-ERJ-XGNJ4R3YTR-ND","ERJ-XGNJ4R3Y","Panasonic Electronic Components","Panasonic Electronic Components","RES SMD 4.3 OHM 5% 1/32W 01005","0","0.021","0","20000","Tape & Reel (TR)","ERJ-XGN","Active","4.3 Ohms","±5%","0.03W, 1/32W","Thick Film","-","-100/ +600ppm/°C","-55°C ~ 125°C","01005 (0402 Metric)","01005","-","0.016"" L x 0.008"" W (0.40mm x 0.20mm)","0.006"" (0.15mm)","2","-"
"https://b2b-api.panasonic.eu/file_stream/pids/fileversion/1242","//media.digikey.com/photos/Panasonic%20Photos/10-01005.jpg","10-ERJ-XGNJ4R7YTR-ND,10-ERJ-XGNJ4R7YCT-ND,10-ERJ-XGNJ4R7YDKR-ND","ERJ-XGNJ4R7Y","Panasonic Electronic Components","Panasonic Electronic Components","CHIP RES, 01005, 5%, HALOGEN-FRE","30,000","0.2","0","1","Tape & Reel (TR),Cut Tape (CT),Digi-Reel®","ERJ-XGN","Active","4.7 Ohms","±5%","0.03W, 1/32W","Thick Film","-","-100/ +600ppm/°C","-55°C ~ 125°C","01005 (0402 Metric)","01005","-","0.016"" L x 0.008"" W (0.40mm x 0.20mm)","0.006"" (0.15mm)","2","-"
"https://b2b-api.panasonic.eu/file_stream/pids/fileversion/1242","//media.digikey.com/photos/Panasonic%20Photos/10-01005.jpg","ERJ-XGNJ5R1Y-ND","ERJ-XGNJ5R1Y","Panasonic Electronic Components","Panasonic Electronic Components","RES 5.1 OHM 5% 1/32W 01005","0","0.021","0","20000","Tape & Reel (TR)","ERJ-XGN","Active","5.1 Ohms","±5%","0.03W, 1/32W","Thick Film","-","-100/ +600ppm/°C","-55°C ~ 125°C","01005 (0402 Metric)","01005","-","0.016"" L x 0.008"" W (0.40mm x 0.20mm)","0.006"" (0.15mm)","2","-"
"https://b2b-api.panasonic.eu/file_stream/pids/fileversion/1242","//media.digikey.com/Photos/Panasonic Photos/MFG_ERJ-XGNJ1R0Y.jpg","10-ERJ-XGNJ5R6YTR-ND,10-ERJ-XGNJ5R6YCT-ND,10-ERJ-XGNJ5R6YDKR-ND","ERJ-XGNJ5R6Y","Panasonic Electronic Components","Panasonic Electronic Components","RES SMD 5.6 OHM 5% 1/32W 01005","19,000","0.2","0","1","Tape & Reel (TR),Cut Tape (CT),Digi-Reel®","ERJ-XGN","Active","5.6 Ohms","±5%","0.03W, 1/32W","Thick Film","-","-100/ +600ppm/°C","-55°C ~ 125°C","01005 (0402 Metric)","01005","-","0.016"" L x 0.008"" W (0.40mm x 0.20mm)","0.006"" (0.15mm)","2","-"
"https://b2b-api.panasonic.eu/file_stream/pids/fileversion/1242","//media.digikey.com/photos/Panasonic%20Photos/10-01005.jpg","ERJ-XGNJ6R2Y-ND","ERJ-XGNJ6R2Y","Panasonic Electronic Components","Panasonic Electronic Components","RES 6.2 OHM 5% 1/32W 01005","0","0.021","0","20000","Tape & Reel (TR)","ERJ-XGN","Active","6.2 Ohms","±5%","0.03W, 1/32W","Thick Film","-","-100/ +600ppm/°C","-55°C ~ 125°C","01005 (0402 Metric)","01005","-","0.016"" L x 0.008"" W (0.40mm x 0.20mm)","0.006"" (0.15mm)","2","-"
"https://b2b-api.panasonic.eu/file_stream/pids/fileversion/1242","//media.digikey.com/Photos/Panasonic Photos/MFG_ERJ-XGNJ1R0Y.jpg","10-ERJ-XGNJ6R8YTR-ND,10-ERJ-XGNJ6R8YCT-ND,10-ERJ-XGNJ6R8YDKR-ND","ERJ-XGNJ6R8Y","Panasonic Electronic Components","Panasonic Electronic Components","RES SMD 6.8 OHM 5% 1/32W 01005","40,000","0.2","0","1","Tape & Reel (TR),Cut Tape (CT),Digi-Reel®","ERJ-XGN","Active","6.8 Ohms","±5%","0.03W, 1/32W","Thick Film","-","-100/ +600ppm/°C","-55°C ~ 125°C","01005 (0402 Metric)","01005","-","0.016"" L x 0.008"" W (0.40mm x 0.20mm)","0.006"" (0.15mm)","2","-"
"https://b2b-api.panasonic.eu/file_stream/pids/fileversion/1242","//media.digikey.com/Photos/Panasonic Photos/MFG_ERJ-XGNJ1R0Y.jpg","10-ERJ-XGNJ7R5YTR-ND","ERJ-XGNJ7R5Y","Panasonic Electronic Components","Panasonic Electronic Components","RES SMD 7.5 OHM 5% 1/32W 01005","0","0.021","0","20000","Tape & Reel (TR)","ERJ-XGN","Active","7.5 Ohms","±5%","0.03W, 1/32W","Thick Film","-","-100/ +600ppm/°C","-55°C ~ 125°C","01005 (0402 Metric)","01005","-","0.016"" L x 0.008"" W (0.40mm x 0.20mm)","0.006"" (0.15mm)","2","-"
"https://b2b-api.panasonic.eu/file_stream/pids/fileversion/1242","//media.digikey.com/photos/Panasonic%20Photos/10-01005.jpg","10-ERJ-XGNJ8R2YTR-ND,10-ERJ-XGNJ8R2YCT-ND,10-ERJ-XGNJ8R2YDKR-ND","ERJ-XGNJ8R2Y","Panasonic Electronic Components","Panasonic Electronic Components","RES 8.2 OHM 5% 1/32W 01005","20,000","0.2","0","1","Tape & Reel (TR),Cut Tape (CT),Digi-Reel®","ERJ-XGN","Active","8.2 Ohms","±5%","0.03W, 1/32W","Thick Film","-","-100/ +600ppm/°C","-55°C ~ 125°C","01005 (0402 Metric)","01005","-","0.016"" L x 0.008"" W (0.40mm x 0.20mm)","0.006"" (0.15mm)","2","-"
"https://b2b-api.panasonic.eu/file_stream/pids/fileversion/1242","//media.digikey.com/Photos/Panasonic Photos/MFG_ERJ-XGNJ1R0Y.jpg","10-ERJ-XGNJ9R1YTR-ND","ERJ-XGNJ9R1Y","Panasonic Electronic Components","Panasonic Electronic Components","RES SMD 9.1 OHM 5% 1/32W 01005","0","0.021","0","20000","Tape & Reel (TR)","ERJ-XGN","Active","9.1 Ohms","±5%","0.03W, 1/32W","Thick Film","-","-100/ +600ppm/°C","-55°C ~ 125°C","01005 (0402 Metric)","01005","-","0.016"" L x 0.008"" W (0.40mm x 0.20mm)","0.006"" (0.15mm)","2","-"
"https://b2b-api.panasonic.eu/file_stream/pids/fileversion/1242","//media.digikey.com/photos/Panasonic%20Photos/10-01005.jpg","P10AWTR-ND,P10AWCT-ND,P10AWDKR-ND","ERJ-XGNJ100Y","Panasonic Electronic Components","Panasonic Electronic Components","RES SMD 10 OHM 5% 1/32W 01005","84,910","0.21","0","1","Tape & Reel (TR),Cut Tape (CT),Digi-Reel®","ERJ-XGN","Active","10 Ohms","±5%","0.03W, 1/32W","Thick Film","-","±300ppm/°C","-55°C ~ 125°C","01005 (0402 Metric)","01005","-","0.016"" L x 0.008"" W (0.40mm x 0.20mm)","0.006"" (0.15mm)","2","-"
"https://b2b-api.panasonic.eu/file_stream/pids/fileversion/1242","//media.digikey.com/photos/Panasonic%20Photos/10-01005.jpg","ERJ-XGNJ110Y-ND","ERJ-XGNJ110Y","Panasonic Electronic Components","Panasonic Electronic Components","RES SMD 11 OHM 5% 1/32W 01005","0","0.021","0","20000","Tape & Reel (TR)","ERJ-XGN","Active","11 Ohms","±5%","0.03W, 1/32W","Thick Film","-","±300ppm/°C","-55°C ~ 125°C","01005 (0402 Metric)","01005","-","0.016"" L x 0.008"" W (0.40mm x 0.20mm)","0.006"" (0.15mm)","2","-"
"https://b2b-api.panasonic.eu/file_stream/pids/fileversion/1242","//media.digikey.com/photos/Panasonic%20Photos/10-01005.jpg","P12AWTR-ND,P12AWCT-ND,P12AWDKR-ND","ERJ-XGNJ120Y","Panasonic Electronic Components","Panasonic Electronic Components","RES SMD 12 OHM 5% 1/32W 01005","59,600","0.41","0","1","Tape & Reel (TR),Cut Tape (CT),Digi-Reel®","ERJ-XGN","Active","12 Ohms","±5%","0.03W, 1/32W","Thick Film","-","±300ppm/°C","-55°C ~ 125°C","01005 (0402 Metric)","01005","-","0.016"" L x 0.008"" W (0.40mm x 0.20mm)","0.006"" (0.15mm)","2","-"
"https://b2b-api.panasonic.eu/file_stream/pids/fileversion/1242","//media.digikey.com/photos/Panasonic%20Photos/10-01005.jpg","ERJ-XGNJ130Y-ND","ERJ-XGNJ130Y","Panasonic Electronic Components","Panasonic Electronic Components","RES SMD 13 OHM 5% 1/32W 01005","0","0.021","0","20000","Tape & Reel (TR)","ERJ-XGN","Active","13 Ohms","±5%","0.03W, 1/32W","Thick Film","-","±300ppm/°C","-55°C ~ 125°C","01005 (0402 Metric)","01005","-","0.016"" L x 0.008"" W (0.40mm x 0.20mm)","0.006"" (0.15mm)","2","-"
"https://b2b-api.panasonic.eu/file_stream/pids/fileversion/1242","//media.digikey.com/photos/Panasonic%20Photos/10-01005.jpg","P15AWTR-ND,P15AWCT-ND,P15AWDKR-ND","ERJ-XGNJ150Y","Panasonic Electronic Components","Panasonic Electronic Components","RES SMD 15 OHM 5% 1/32W 01005","26,255","0.41","0","1","Tape & Reel (TR),Cut Tape (CT),Digi-Reel®","ERJ-XGN","Active","15 Ohms","±5%","0.03W, 1/32W","Thick Film","-","±300ppm/°C","-55°C ~ 125°C","01005 (0402 Metric)","01005","-","0.016"" L x 0.008"" W (0.40mm x 0.20mm)","0.006"" (0.15mm)","2","-"
"https://b2b-api.panasonic.eu/file_stream/pids/fileversion/1242","//media.digikey.com/photos/Panasonic%20Photos/10-01005.jpg","ERJ-XGNJ160Y-ND","ERJ-XGNJ160Y","Panasonic Electronic Components","Panasonic Electronic Components","RES SMD 16 OHM 5% 1/32W 01005","0","0.021","0","20000","Tape & Reel (TR)","ERJ-XGN","Active","16 Ohms","±5%","0.03W, 1/32W","Thick Film","-","±300ppm/°C","-55°C ~ 125°C","01005 (0402 Metric)","01005","-","0.016"" L x 0.008"" W (0.40mm x 0.20mm)","0.006"" (0.15mm)","2","-"
"https://b2b-api.panasonic.eu/file_stream/pids/fileversion/1242","//media.digikey.com/photos/Panasonic%20Photos/10-01005.jpg","P18AWTR-ND,P18AWCT-ND,P18AWDKR-ND","ERJ-XGNJ180Y","Panasonic Electronic Components","Panasonic Electronic Components","RES SMD 18 OHM 5% 1/32W 01005","34,352","0.4","0","1","Tape & Reel (TR),Cut Tape (CT),Digi-Reel®","ERJ-XGN","Active","18 Ohms","±5%","0.03W, 1/32W","Thick Film","-","±300ppm/°C","-55°C ~ 125°C","01005 (0402 Metric)","01005","-","0.016"" L x 0.008"" W (0.40mm x 0.20mm)","0.006"" (0.15mm)","2","-"
"https://b2b-api.panasonic.eu/file_stream/pids/fileversion/1242","//media.digikey.com/photos/Panasonic%20Photos/10-01005.jpg","ERJ-XGNJ200Y-ND","ERJ-XGNJ200Y","Panasonic Electronic Components","Panasonic Electronic Components","RES SMD 20 OHM 5% 1/32W 01005","0","0.021","0","20000","Tape & Reel (TR)","ERJ-XGN","Active","20 Ohms","±5%","0.03W, 1/32W","Thick Film","-","±300ppm/°C","-55°C ~ 125°C","01005 (0402 Metric)","01005","-","0.016"" L x 0.008"" W (0.40mm x 0.20mm)","0.006"" (0.15mm)","2","-"
"https://b2b-api.panasonic.eu/file_stream/pids/fileversion/1242","//media.digikey.com/photos/Panasonic%20Photos/10-01005.jpg","P22AWTR-ND,P22AWCT-ND,P22AWDKR-ND","ERJ-XGNJ220Y","Panasonic Electronic Components","Panasonic Electronic Components","RES SMD 22 OHM 5% 1/32W 01005","25,643","0.4","0","1","Tape & Reel (TR),Cut Tape (CT),Digi-Reel®","ERJ-XGN","Active","22 Ohms","±5%","0.03W, 1/32W","Thick Film","-","±300ppm/°C","-55°C ~ 125°C","01005 (0402 Metric)","01005","-","0.016"" L x 0.008"" W (0.40mm x 0.20mm)","0.006"" (0.15mm)","2","-"
"https://b2b-api.panasonic.eu/file_stream/pids/fileversion/1242","//media.digikey.com/photos/Panasonic%20Photos/10-01005.jpg","ERJ-XGNJ240Y-ND","ERJ-XGNJ240Y","Panasonic Electronic Components","Panasonic Electronic Components","RES SMD 24 OHM 5% 1/32W 01005","0","0.021","0","20000","Tape & Reel (TR)","ERJ-XGN","Active","24 Ohms","±5%","0.03W, 1/32W","Thick Film","-","±300ppm/°C","-55°C ~ 125°C","01005 (0402 Metric)","01005","-","0.016"" L x 0.008"" W (0.40mm x 0.20mm)","0.006"" (0.15mm)","2","-"
"https://b2b-api.panasonic.eu/file_stream/pids/fileversion/1242","//media.digikey.com/photos/Panasonic%20Photos/10-01005.jpg","P27AWTR-ND,P27AWCT-ND,P27AWDKR-ND","ERJ-XGNJ270Y","Panasonic Electronic Components","Panasonic Electronic Components","RES SMD 27 OHM 5% 1/32W 01005","25,562","0.4","0","1","Tape & Reel (TR),Cut Tape (CT),Digi-Reel®","ERJ-XGN","Active","27 Ohms","±5%","0.03W, 1/32W","Thick Film","-","±300ppm/°C","-55°C ~ 125°C","01005 (0402 Metric)","01005","-","0.016"" L x 0.008"" W (0.40mm x 0.20mm)","0.006"" (0.15mm)","2","-"
"https://b2b-api.panasonic.eu/file_stream/pids/fileversion/1242","//media.digikey.com/photos/Panasonic%20Photos/10-01005.jpg","ERJ-XGNJ300Y-ND","ERJ-XGNJ300Y","Panasonic Electronic Components","Panasonic Electronic Components","RES SMD 30 OHM 5% 1/32W 01005","0","0.021","0","20000","Tape & Reel (TR)","ERJ-XGN","Active","30 Ohms","±5%","0.03W, 1/32W","Thick Film","-","±300ppm/°C","-55°C ~ 125°C","01005 (0402 Metric)","01005","-","0.016"" L x 0.008"" W (0.40mm x 0.20mm)","0.006"" (0.15mm)","2","-"
"https://b2b-api.panasonic.eu/file_stream/pids/fileversion/1242","//media.digikey.com/photos/Panasonic%20Photos/10-01005.jpg","P33AWTR-ND,P33AWCT-ND,P33AWDKR-ND","ERJ-XGNJ330Y","Panasonic Electronic Components","Panasonic Electronic Components","RES SMD 33 OHM 5% 1/32W 01005","146,441","0.2","0","1","Tape & Reel (TR),Cut Tape (CT),Digi-Reel®","ERJ-XGN","Active","33 Ohms","±5%","0.03W, 1/32W","Thick Film","-","±300ppm/°C","-55°C ~ 125°C","01005 (0402 Metric)","01005","-","0.016"" L x 0.008"" W (0.40mm x 0.20mm)","0.006"" (0.15mm)","2","-"
"https://b2b-api.panasonic.eu/file_stream/pids/fileversion/1242","//media.digikey.com/photos/Panasonic%20Photos/10-01005.jpg","ERJ-XGNJ360Y-ND","ERJ-XGNJ360Y","Panasonic Electronic Components","Panasonic Electronic Components","RES SMD 36 OHM 5% 1/32W 01005","0","0.021","0","20000","Tape & Reel (TR)","ERJ-XGN","Active","36 Ohms","±5%","0.03W, 1/32W","Thick Film","-","±300ppm/°C","-55°C ~ 125°C","01005 (0402 Metric)","01005","-","0.016"" L x 0.008"" W (0.40mm x 0.20mm)","0.006"" (0.15mm)","2","-"
"https://b2b-api.panasonic.eu/file_stream/pids/fileversion/1242","//media.digikey.com/photos/Panasonic%20Photos/10-01005.jpg","P39AWTR-ND,P39AWCT-ND,P39AWDKR-ND","ERJ-XGNJ390Y","Panasonic Electronic Components","Panasonic Electronic Components","RES SMD 39 OHM 5% 1/32W 01005","38,810","0.3","0","1","Tape & Reel (TR),Cut Tape (CT),Digi-Reel®","ERJ-XGN","Active","39 Ohms","±5%","0.03W, 1/32W","Thick Film","-","±300ppm/°C","-55°C ~ 125°C","01005 (0402 Metric)","01005","-","0.016"" L x 0.008"" W (0.40mm x 0.20mm)","0.006"" (0.15mm)","2","-"
"https://b2b-api.panasonic.eu/file_stream/pids/fileversion/1242","//media.digikey.com/photos/Panasonic%20Photos/10-01005.jpg","ERJ-XGNJ430Y-ND","ERJ-XGNJ430Y","Panasonic Electronic Components","Panasonic Electronic Components","RES SMD 43 OHM 5% 1/32W 01005","0","0.021","0","20000","Tape & Reel (TR)","ERJ-XGN","Active","43 Ohms","±5%","0.03W, 1/32W","Thick Film","-","±300ppm/°C","-55°C ~ 125°C","01005 (0402 Metric)","01005","-","0.016"" L x 0.008"" W (0.40mm x 0.20mm)","0.006"" (0.15mm)","2","-"
"https://b2b-api.panasonic.eu/file_stream/pids/fileversion/1242","//media.digikey.com/photos/Panasonic%20Photos/10-01005.jpg","P47AWTR-ND,P47AWCT-ND,P47AWDKR-ND","ERJ-XGNJ470Y","Panasonic Electronic Components","Panasonic Electronic Components","RES SMD 47 OHM 5% 1/32W 01005","51","0.4","0","1","Tape & Reel (TR),Cut Tape (CT),Digi-Reel®","ERJ-XGN","Active","47 Ohms","±5%","0.03W, 1/32W","Thick Film","-","±300ppm/°C","-55°C ~ 125°C","01005 (0402 Metric)","01005","-","0.016"" L x 0.008"" W (0.40mm x 0.20mm)","0.006"" (0.15mm)","2","-"
"https://b2b-api.panasonic.eu/file_stream/pids/fileversion/1242","//media.digikey.com/photos/Panasonic%20Photos/10-01005.jpg","ERJ-XGNJ510Y-ND","ERJ-XGNJ510Y","Panasonic Electronic Components","Panasonic Electronic Components","RES SMD 51 OHM 5% 1/32W 01005","0","0.021","0","20000","Tape & Reel (TR)","ERJ-XGN","Active","51 Ohms","±5%","0.03W, 1/32W","Thick Film","-","±300ppm/°C","-55°C ~ 125°C","01005 (0402 Metric)","01005","-","0.016"" L x 0.008"" W (0.40mm x 0.20mm)","0.006"" (0.15mm)","2","-"
"https://b2b-api.panasonic.eu/file_stream/pids/fileversion/1242","//media.digikey.com/photos/Panasonic%20Photos/10-01005.jpg","P56AWTR-ND,P56AWCT-ND,P56AWDKR-ND","ERJ-XGNJ560Y","Panasonic Electronic Components","Panasonic Electronic Components","RES SMD 56 OHM 5% 1/32W 01005","47,401","0.32","0","1","Tape & Reel (TR),Cut Tape (CT),Digi-Reel®","ERJ-XGN","Active","56 Ohms","±5%","0.03W, 1/32W","Thick Film","-","±300ppm/°C","-55°C ~ 125°C","01005 (0402 Metric)","01005","-","0.016"" L x 0.008"" W (0.40mm x 0.20mm)","0.006"" (0.15mm)","2","-"
"https://b2b-api.panasonic.eu/file_stream/pids/fileversion/1242","//media.digikey.com/photos/Panasonic%20Photos/10-01005.jpg","ERJ-XGNJ620Y-ND","ERJ-XGNJ620Y","Panasonic Electronic Components","Panasonic Electronic Components","RES SMD 62 OHM 5% 1/32W 01005","0","0.021","0","20000","Tape & Reel (TR)","ERJ-XGN","Active","62 Ohms","±5%","0.03W, 1/32W","Thick Film","-","±300ppm/°C","-55°C ~ 125°C","01005 (0402 Metric)","01005","-","0.016"" L x 0.008"" W (0.40mm x 0.20mm)","0.006"" (0.15mm)","2","-"
"https://b2b-api.panasonic.eu/file_stream/pids/fileversion/1242","//media.digikey.com/photos/Panasonic%20Photos/10-01005.jpg","P68AWTR-ND,P68AWCT-ND,P68AWDKR-ND","ERJ-XGNJ680Y","Panasonic Electronic Components","Panasonic Electronic Components","RES SMD 68 OHM 5% 1/32W 01005","32,836","0.28","0","1","Tape & Reel (TR),Cut Tape (CT),Digi-Reel®","ERJ-XGN","Active","68 Ohms","±5%","0.03W, 1/32W","Thick Film","-","±300ppm/°C","-55°C ~ 125°C","01005 (0402 Metric)","01005","-","0.016"" L x 0.008"" W (0.40mm x 0.20mm)","0.006"" (0.15mm)","2","-"
"https://b2b-api.panasonic.eu/file_stream/pids/fileversion/1242","//media.digikey.com/photos/Panasonic%20Photos/10-01005.jpg","ERJ-XGNJ750Y-ND","ERJ-XGNJ750Y","Panasonic Electronic Components","Panasonic Electronic Components","RES SMD 75 OHM 5% 1/32W 01005","0","0.021","0","20000","Tape & Reel (TR)","ERJ-XGN","Active","75 Ohms","±5%","0.03W, 1/32W","Thick Film","-","±300ppm/°C","-55°C ~ 125°C","01005 (0402 Metric)","01005","-","0.016"" L x 0.008"" W (0.40mm x 0.20mm)","0.006"" (0.15mm)","2","-"
"https://b2b-api.panasonic.eu/file_stream/pids/fileversion/1242","//media.digikey.com/photos/Panasonic%20Photos/10-01005.jpg","P82AWTR-ND,P82AWCT-ND,P82AWDKR-ND","ERJ-XGNJ820Y","Panasonic Electronic Components","Panasonic Electronic Components","RES SMD 82 OHM 5% 1/32W 01005","41,879","0.41","0","1","Tape & Reel (TR),Cut Tape (CT),Digi-Reel®","ERJ-XGN","Active","82 Ohms","±5%","0.03W, 1/32W","Thick Film","-","±300ppm/°C","-55°C ~ 125°C","01005 (0402 Metric)","01005","-","0.016"" L x 0.008"" W (0.40mm x 0.20mm)","0.006"" (0.15mm)","2","-"
"https://b2b-api.panasonic.eu/file_stream/pids/fileversion/1242","//media.digikey.com/photos/Panasonic%20Photos/10-01005.jpg","ERJ-XGNJ910Y-ND","ERJ-XGNJ910Y","Panasonic Electronic Components","Panasonic Electronic Components","RES SMD 91 OHM 5% 1/32W 01005","0","0.021","0","20000","Tape & Reel (TR)","ERJ-XGN","Active","91 Ohms","±5%","0.03W, 1/32W","Thick Film","-","±300ppm/°C","-55°C ~ 125°C","01005 (0402 Metric)","01005","-","0.016"" L x 0.008"" W (0.40mm x 0.20mm)","0.006"" (0.15mm)","2","-"
"https://b2b-api.panasonic.eu/file_stream/pids/fileversion/1242","//media.digikey.com/photos/Panasonic%20Photos/10-01005.jpg","P100AWTR-ND,P100AWCT-ND,P100AWDKR-ND","ERJ-XGNJ101Y","Panasonic Electronic Components","Panasonic Electronic Components","RES SMD 100 OHM 5% 1/32W 01005","63,484","0.21","0","1","Tape & Reel (TR),Cut Tape (CT),Digi-Reel®","ERJ-XGN","Active","100 Ohms","±5%","0.03W, 1/32W","Thick Film","-","±200ppm/°C","-55°C ~ 125°C","01005 (0402 Metric)","01005","-","0.016"" L x 0.008"" W (0.40mm x 0.20mm)","0.006"" (0.15mm)","2","-"
"https://b2b-api.panasonic.eu/file_stream/pids/fileversion/1242","//media.digikey.com/photos/Panasonic%20Photos/10-01005.jpg","ERJ-XGNJ111Y-ND","ERJ-XGNJ111Y","Panasonic Electronic Components","Panasonic Electronic Components","RES SMD 110 OHM 5% 1/32W 01005","0","0.021","0","20000","Tape & Reel (TR)","ERJ-XGN","Active","110 Ohms","±5%","0.03W, 1/32W","Thick Film","-","±200ppm/°C","-55°C ~ 125°C","01005 (0402 Metric)","01005","-","0.016"" L x 0.008"" W (0.40mm x 0.20mm)","0.006"" (0.15mm)","2","-"
"https://b2b-api.panasonic.eu/file_stream/pids/fileversion/1242","//media.digikey.com/photos/Panasonic%20Photos/10-01005.jpg","P120AWTR-ND,P120AWCT-ND,P120AWDKR-ND","ERJ-XGNJ121Y","Panasonic Electronic Components","Panasonic Electronic Components","RES SMD 120 OHM 5% 1/32W 01005","0","0.2","0","1","Tape & Reel (TR),Cut Tape (CT),Digi-Reel®","ERJ-XGN","Active","120 Ohms","±5%","0.03W, 1/32W","Thick Film","-","±200ppm/°C","-55°C ~ 125°C","01005 (0402 Metric)","01005","-","0.016"" L x 0.008"" W (0.40mm x 0.20mm)","0.006"" (0.15mm)","2","-"
"https://b2b-api.panasonic.eu/file_stream/pids/fileversion/1242","//media.digikey.com/photos/Panasonic%20Photos/10-01005.jpg","ERJ-XGNJ131Y-ND","ERJ-XGNJ131Y","Panasonic Electronic Components","Panasonic Electronic Components","RES SMD 130 OHM 5% 1/32W 01005","0","0.021","0","20000","Tape & Reel (TR)","ERJ-XGN","Active","130 Ohms","±5%","0.03W, 1/32W","Thick Film","-","±200ppm/°C","-55°C ~ 125°C","01005 (0402 Metric)","01005","-","0.016"" L x 0.008"" W (0.40mm x 0.20mm)","0.006"" (0.15mm)","2","-"
"https://b2b-api.panasonic.eu/file_stream/pids/fileversion/1242","//media.digikey.com/photos/Panasonic%20Photos/10-01005.jpg","P150AWTR-ND,P150AWCT-ND,P150AWDKR-ND","ERJ-XGNJ151Y","Panasonic Electronic Components","Panasonic Electronic Components","RES SMD 150 OHM 5% 1/32W 01005","2,827","0.2","0","1","Tape & Reel (TR),Cut Tape (CT),Digi-Reel®","ERJ-XGN","Active","150 Ohms","±5%","0.03W, 1/32W","Thick Film","-","±200ppm/°C","-55°C ~ 125°C","01005 (0402 Metric)","01005","-","0.016"" L x 0.008"" W (0.40mm x 0.20mm)","0.006"" (0.15mm)","2","-"
"https://b2b-api.panasonic.eu/file_stream/pids/fileversion/1242","//media.digikey.com/photos/Panasonic%20Photos/10-01005.jpg","ERJ-XGNJ161Y-ND","ERJ-XGNJ161Y","Panasonic Electronic Components","Panasonic Electronic Components","RES SMD 160 OHM 5% 1/32W 01005","0","0.021","0","20000","Tape & Reel (TR)","ERJ-XGN","Active","160 Ohms","±5%","0.03W, 1/32W","Thick Film","-","±200ppm/°C","-55°C ~ 125°C","01005 (0402 Metric)","01005","-","0.016"" L x 0.008"" W (0.40mm x 0.20mm)","0.006"" (0.15mm)","2","-"
"https://b2b-api.panasonic.eu/file_stream/pids/fileversion/1242","//media.digikey.com/photos/Panasonic%20Photos/10-01005.jpg","P180AWTR-ND,P180AWCT-ND,P180AWDKR-ND","ERJ-XGNJ181Y","Panasonic Electronic Components","Panasonic Electronic Components","RES SMD 180 OHM 5% 1/32W 01005","10,762","0.4","0","1","Tape & Reel (TR),Cut Tape (CT),Digi-Reel®","ERJ-XGN","Active","180 Ohms","±5%","0.03W, 1/32W","Thick Film","-","±200ppm/°C","-55°C ~ 125°C","01005 (0402 Metric)","01005","-","0.016"" L x 0.008"" W (0.40mm x 0.20mm)","0.006"" (0.15mm)","2","-"
"https://b2b-api.panasonic.eu/file_stream/pids/fileversion/1242","//media.digikey.com/photos/Panasonic%20Photos/10-01005.jpg","ERJ-XGNJ201Y-ND","ERJ-XGNJ201Y","Panasonic Electronic Components","Panasonic Electronic Components","RES SMD 200 OHM 5% 1/32W 01005","0","0.021","0","20000","Tape & Reel (TR)","ERJ-XGN","Active","200 Ohms","±5%","0.03W, 1/32W","Thick Film","-","±200ppm/°C","-55°C ~ 125°C","01005 (0402 Metric)","01005","-","0.016"" L x 0.008"" W (0.40mm x 0.20mm)","0.006"" (0.15mm)","2","-"
"https://b2b-api.panasonic.eu/file_stream/pids/fileversion/1242","//media.digikey.com/photos/Panasonic%20Photos/10-01005.jpg","P220AWTR-ND,P220AWCT-ND,P220AWDKR-ND","ERJ-XGNJ221Y","Panasonic Electronic Components","Panasonic Electronic Components","RES SMD 220 OHM 5% 1/32W 01005","0","0.2","0","1","Tape & Reel (TR),Cut Tape (CT),Digi-Reel®","ERJ-XGN","Active","220 Ohms","±5%","0.03W, 1/32W","Thick Film","-","±200ppm/°C","-55°C ~ 125°C","01005 (0402 Metric)","01005","-","0.016"" L x 0.008"" W (0.40mm x 0.20mm)","0.006"" (0.15mm)","2","-"
"https://b2b-api.panasonic.eu/file_stream/pids/fileversion/1242","//media.digikey.com/photos/Panasonic%20Photos/10-01005.jpg","ERJ-XGNJ241Y-ND","ERJ-XGNJ241Y","Panasonic Electronic Components","Panasonic Electronic Components","RES SMD 240 OHM 5% 1/32W 01005","0","0.021","0","20000","Tape & Reel (TR)","ERJ-XGN","Active","240 Ohms","±5%","0.03W, 1/32W","Thick Film","-","±200ppm/°C","-55°C ~ 125°C","01005 (0402 Metric)","01005","-","0.016"" L x 0.008"" W (0.40mm x 0.20mm)","0.006"" (0.15mm)","2","-"
"https://b2b-api.panasonic.eu/file_stream/pids/fileversion/1242","//media.digikey.com/photos/Panasonic%20Photos/10-01005.jpg","P270AWTR-ND,P270AWCT-ND,P270AWDKR-ND","ERJ-XGNJ271Y","Panasonic Electronic Components","Panasonic Electronic Components","RES SMD 270 OHM 5% 1/32W 01005","6,292","0.4","0","1","Tape & Reel (TR),Cut Tape (CT),Digi-Reel®","ERJ-XGN","Active","270 Ohms","±5%","0.03W, 1/32W","Thick Film","-","±200ppm/°C","-55°C ~ 125°C","01005 (0402 Metric)","01005","-","0.016"" L x 0.008"" W (0.40mm x 0.20mm)","0.006"" (0.15mm)","2","-"
"https://b2b-api.panasonic.eu/file_stream/pids/fileversion/1242","//media.digikey.com/photos/Panasonic%20Photos/10-01005.jpg","ERJ-XGNJ301Y-ND","ERJ-XGNJ301Y","Panasonic Electronic Components","Panasonic Electronic Components","RES SMD 300 OHM 5% 1/32W 01005","0","0.021","0","20000","Tape & Reel (TR)","ERJ-XGN","Active","300 Ohms","±5%","0.03W, 1/32W","Thick Film","-","±200ppm/°C","-55°C ~ 125°C","01005 (0402 Metric)","01005","-","0.016"" L x 0.008"" W (0.40mm x 0.20mm)","0.006"" (0.15mm)","2","-"
"https://b2b-api.panasonic.eu/file_stream/pids/fileversion/1242","//media.digikey.com/photos/Panasonic%20Photos/10-01005.jpg","P330AWTR-ND,P330AWCT-ND,P330AWDKR-ND","ERJ-XGNJ331Y","Panasonic Electronic Components","Panasonic Electronic Components","RES SMD 330 OHM 5% 1/32W 01005","0","0.2","0","1","Tape & Reel (TR),Cut Tape (CT),Digi-Reel®","ERJ-XGN","Active","330 Ohms","±5%","0.03W, 1/32W","Thick Film","-","±200ppm/°C","-55°C ~ 125°C","01005 (0402 Metric)","01005","-","0.016"" L x 0.008"" W (0.40mm x 0.20mm)","0.006"" (0.15mm)","2","-"
"https://b2b-api.panasonic.eu/file_stream/pids/fileversion/1242","//media.digikey.com/photos/Panasonic%20Photos/10-01005.jpg","ERJ-XGNJ361Y-ND","ERJ-XGNJ361Y","Panasonic Electronic Components","Panasonic Electronic Components","RES SMD 360 OHM 5% 1/32W 01005","0","0.021","0","20000","Tape & Reel (TR)","ERJ-XGN","Active","360 Ohms","±5%","0.03W, 1/32W","Thick Film","-","±200ppm/°C","-55°C ~ 125°C","01005 (0402 Metric)","01005","-","0.016"" L x 0.008"" W (0.40mm x 0.20mm)","0.006"" (0.15mm)","2","-"
"https://b2b-api.panasonic.eu/file_stream/pids/fileversion/1242","//media.digikey.com/photos/Panasonic%20Photos/10-01005.jpg","P390AWTR-ND,P390AWCT-ND,P390AWDKR-ND","ERJ-XGNJ391Y","Panasonic Electronic Components","Panasonic Electronic Components","RES SMD 390 OHM 5% 1/32W 01005","16,000","0.2","0","1","Tape & Reel (TR),Cut Tape (CT),Digi-Reel®","ERJ-XGN","Active","390 Ohms","±5%","0.03W, 1/32W","Thick Film","-","±200ppm/°C","-55°C ~ 125°C","01005 (0402 Metric)","01005","-","0.016"" L x 0.008"" W (0.40mm x 0.20mm)","0.006"" (0.15mm)","2","-"
"https://b2b-api.panasonic.eu/file_stream/pids/fileversion/1242","//media.digikey.com/photos/Panasonic%20Photos/10-01005.jpg","ERJ-XGNJ431Y-ND","ERJ-XGNJ431Y","Panasonic Electronic Components","Panasonic Electronic Components","RES SMD 430 OHM 5% 1/32W 01005","0","0.021","0","20000","Tape & Reel (TR)","ERJ-XGN","Active","430 Ohms","±5%","0.03W, 1/32W","Thick Film","-","±200ppm/°C","-55°C ~ 125°C","01005 (0402 Metric)","01005","-","0.016"" L x 0.008"" W (0.40mm x 0.20mm)","0.006"" (0.15mm)","2","-"
"https://b2b-api.panasonic.eu/file_stream/pids/fileversion/1242","//media.digikey.com/photos/Panasonic%20Photos/10-01005.jpg","P470AWTR-ND,P470AWCT-ND,P470AWDKR-ND","ERJ-XGNJ471Y","Panasonic Electronic Components","Panasonic Electronic Components","RES SMD 470 OHM 5% 1/32W 01005","69,975","0.41","0","1","Tape & Reel (TR),Cut Tape (CT),Digi-Reel®","ERJ-XGN","Active","470 Ohms","±5%","0.03W, 1/32W","Thick Film","-","±200ppm/°C","-55°C ~ 125°C","01005 (0402 Metric)","01005","-","0.016"" L x 0.008"" W (0.40mm x 0.20mm)","0.006"" (0.15mm)","2","-"
"https://b2b-api.panasonic.eu/file_stream/pids/fileversion/1242","//media.digikey.com/photos/Panasonic%20Photos/10-01005.jpg","ERJ-XGNJ511Y-ND","ERJ-XGNJ511Y","Panasonic Electronic Components","Panasonic Electronic Components","RES SMD 510 OHM 5% 1/32W 01005","0","0.021","0","20000","Tape & Reel (TR)","ERJ-XGN","Active","510 Ohms","±5%","0.03W, 1/32W","Thick Film","-","±200ppm/°C","-55°C ~ 125°C","01005 (0402 Metric)","01005","-","0.016"" L x 0.008"" W (0.40mm x 0.20mm)","0.006"" (0.15mm)","2","-"
"https://b2b-api.panasonic.eu/file_stream/pids/fileversion/1242","//media.digikey.com/photos/Panasonic%20Photos/10-01005.jpg","P560AWTR-ND,P560AWCT-ND,P560AWDKR-ND","ERJ-XGNJ561Y","Panasonic Electronic Components","Panasonic Electronic Components","RES SMD 560 OHM 5% 1/32W 01005","17,265","0.41","0","1","Tape & Reel (TR),Cut Tape (CT),Digi-Reel®","ERJ-XGN","Active","560 Ohms","±5%","0.03W, 1/32W","Thick Film","-","±200ppm/°C","-55°C ~ 125°C","01005 (0402 Metric)","01005","-","0.016"" L x 0.008"" W (0.40mm x 0.20mm)","0.006"" (0.15mm)","2","-"
"https://b2b-api.panasonic.eu/file_stream/pids/fileversion/1242","//media.digikey.com/photos/Panasonic%20Photos/10-01005.jpg","ERJ-XGNJ621Y-ND","ERJ-XGNJ621Y","Panasonic Electronic Components","Panasonic Electronic Components","RES SMD 620 OHM 5% 1/32W 01005","0","0.021","0","20000","Tape & Reel (TR)","ERJ-XGN","Active","620 Ohms","±5%","0.03W, 1/32W","Thick Film","-","±200ppm/°C","-55°C ~ 125°C","01005 (0402 Metric)","01005","-","0.016"" L x 0.008"" W (0.40mm x 0.20mm)","0.006"" (0.15mm)","2","-"
"https://b2b-api.panasonic.eu/file_stream/pids/fileversion/1242","//media.digikey.com/photos/Panasonic%20Photos/10-01005.jpg","P680AWTR-ND,P680AWCT-ND,P680AWDKR-ND","ERJ-XGNJ681Y","Panasonic Electronic Components","Panasonic Electronic Components","RES SMD 680 OHM 5% 1/32W 01005","53,891","0.4","0","1","Tape & Reel (TR),Cut Tape (CT),Digi-Reel®","ERJ-XGN","Active","680 Ohms","±5%","0.03W, 1/32W","Thick Film","-","±200ppm/°C","-55°C ~ 125°C","01005 (0402 Metric)","01005","-","0.016"" L x 0.008"" W (0.40mm x 0.20mm)","0.006"" (0.15mm)","2","-"
"https://b2b-api.panasonic.eu/file_stream/pids/fileversion/1242","//media.digikey.com/photos/Panasonic%20Photos/10-01005.jpg","ERJ-XGNJ751Y-ND","ERJ-XGNJ751Y","Panasonic Electronic Components","Panasonic Electronic Components","RES SMD 750 OHM 5% 1/32W 01005","0","0.021","0","20000","Tape & Reel (TR)","ERJ-XGN","Active","750 Ohms","±5%","0.03W, 1/32W","Thick Film","-","±200ppm/°C","-55°C ~ 125°C","01005 (0402 Metric)","01005","-","0.016"" L x 0.008"" W (0.40mm x 0.20mm)","0.006"" (0.15mm)","2","-"
"https://b2b-api.panasonic.eu/file_stream/pids/fileversion/1242","//media.digikey.com/photos/Panasonic%20Photos/10-01005.jpg","P820AWTR-ND,P820AWCT-ND,P820AWDKR-ND","ERJ-XGNJ821Y","Panasonic Electronic Components","Panasonic Electronic Components","RES SMD 820 OHM 5% 1/32W 01005","0","0.021","0","20000","Tape & Reel (TR),Cut Tape (CT),Digi-Reel®","ERJ-XGN","Active","820 Ohms","±5%","0.03W, 1/32W","Thick Film","-","±200ppm/°C","-55°C ~ 125°C","01005 (0402 Metric)","01005","-","0.016"" L x 0.008"" W (0.40mm x 0.20mm)","0.006"" (0.15mm)","2","-"
"https://b2b-api.panasonic.eu/file_stream/pids/fileversion/1242","//media.digikey.com/photos/Panasonic%20Photos/10-01005.jpg","ERJ-XGNJ911Y-ND","ERJ-XGNJ911Y","Panasonic Electronic Components","Panasonic Electronic Components","RES SMD 910 OHM 5% 1/32W 01005","0","0.021","0","20000","Tape & Reel (TR)","ERJ-XGN","Active","910 Ohms","±5%","0.03W, 1/32W","Thick Film","-","±200ppm/°C","-55°C ~ 125°C","01005 (0402 Metric)","01005","-","0.016"" L x 0.008"" W (0.40mm x 0.20mm)","0.006"" (0.15mm)","2","-"
"https://b2b-api.panasonic.eu/file_stream/pids/fileversion/1242","//media.digikey.com/photos/Panasonic%20Photos/10-01005.jpg","P1.0KAWTR-ND,P1.0KAWCT-ND,P1.0KAWDKR-ND","ERJ-XGNJ102Y","Panasonic Electronic Components","Panasonic Electronic Components","RES SMD 1K OHM 5% 1/32W 01005","633,508","0.2","0","1","Tape & Reel (TR),Cut Tape (CT),Digi-Reel®","ERJ-XGN","Active","1 kOhms","±5%","0.03W, 1/32W","Thick Film","-","±200ppm/°C","-55°C ~ 125°C","01005 (0402 Metric)","01005","-","0.016"" L x 0.008"" W (0.40mm x 0.20mm)","0.006"" (0.15mm)","2","-"
"https://b2b-api.panasonic.eu/file_stream/pids/fileversion/1242","//media.digikey.com/photos/Panasonic%20Photos/10-01005.jpg","ERJ-XGNJ112Y-ND","ERJ-XGNJ112Y","Panasonic Electronic Components","Panasonic Electronic Components","RES SMD 1.1K OHM 5% 1/32W 01005","0","0.021","0","20000","Tape & Reel (TR)","ERJ-XGN","Active","1.1 kOhms","±5%","0.03W, 1/32W","Thick Film","-","±200ppm/°C","-55°C ~ 125°C","01005 (0402 Metric)","01005","-","0.016"" L x 0.008"" W (0.40mm x 0.20mm)","0.006"" (0.15mm)","2","-"
"https://b2b-api.panasonic.eu/file_stream/pids/fileversion/1242","//media.digikey.com/photos/Panasonic%20Photos/10-01005.jpg","P1.2KAWTR-ND,P1.2KAWCT-ND,P1.2KAWDKR-ND","ERJ-XGNJ122Y","Panasonic Electronic Components","Panasonic Electronic Components","RES SMD 1.2K OHM 5% 1/32W 01005","24,294","0.4","0","1","Tape & Reel (TR),Cut Tape (CT),Digi-Reel®","ERJ-XGN","Active","1.2 kOhms","±5%","0.03W, 1/32W","Thick Film","-","±200ppm/°C","-55°C ~ 125°C","01005 (0402 Metric)","01005","-","0.016"" L x 0.008"" W (0.40mm x 0.20mm)","0.006"" (0.15mm)","2","-"
"https://b2b-api.panasonic.eu/file_stream/pids/fileversion/1242","//media.digikey.com/photos/Panasonic%20Photos/10-01005.jpg","ERJ-XGNJ132Y-ND","ERJ-XGNJ132Y","Panasonic Electronic Components","Panasonic Electronic Components","RES SMD 1.3K OHM 5% 1/32W 01005","0","0.021","0","20000","Tape & Reel (TR)","ERJ-XGN","Active","1.3 kOhms","±5%","0.03W, 1/32W","Thick Film","-","±200ppm/°C","-55°C ~ 125°C","01005 (0402 Metric)","01005","-","0.016"" L x 0.008"" W (0.40mm x 0.20mm)","0.006"" (0.15mm)","2","-"
"https://b2b-api.panasonic.eu/file_stream/pids/fileversion/1242","//media.digikey.com/photos/Panasonic%20Photos/10-01005.jpg","P1.5KAWTR-ND,P1.5KAWCT-ND,P1.5KAWDKR-ND","ERJ-XGNJ152Y","Panasonic Electronic Components","Panasonic Electronic Components","RES SMD 1.5K OHM 5% 1/32W 01005","5,078","0.4","0","1","Tape & Reel (TR),Cut Tape (CT),Digi-Reel®","ERJ-XGN","Active","1.5 kOhms","±5%","0.03W, 1/32W","Thick Film","-","±200ppm/°C","-55°C ~ 125°C","01005 (0402 Metric)","01005","-","0.016"" L x 0.008"" W (0.40mm x 0.20mm)","0.006"" (0.15mm)","2","-"
"https://b2b-api.panasonic.eu/file_stream/pids/fileversion/1242","//media.digikey.com/photos/Panasonic%20Photos/10-01005.jpg","ERJ-XGNJ162Y-ND","ERJ-XGNJ162Y","Panasonic Electronic Components","Panasonic Electronic Components","RES SMD 1.6K OHM 5% 1/32W 01005","0","0.021","0","20000","Tape & Reel (TR)","ERJ-XGN","Active","1.6 kOhms","±5%","0.03W, 1/32W","Thick Film","-","±200ppm/°C","-55°C ~ 125°C","01005 (0402 Metric)","01005","-","0.016"" L x 0.008"" W (0.40mm x 0.20mm)","0.006"" (0.15mm)","2","-"
"https://b2b-api.panasonic.eu/file_stream/pids/fileversion/1242","//media.digikey.com/photos/Panasonic%20Photos/10-01005.jpg","P1.8KAWTR-ND,P1.8KAWCT-ND,P1.8KAWDKR-ND","ERJ-XGNJ182Y","Panasonic Electronic Components","Panasonic Electronic Components","RES SMD 1.8K OHM 5% 1/32W 01005","27,900","0.2","0","1","Tape & Reel (TR),Cut Tape (CT),Digi-Reel®","ERJ-XGN","Active","1.8 kOhms","±5%","0.03W, 1/32W","Thick Film","-","±200ppm/°C","-55°C ~ 125°C","01005 (0402 Metric)","01005","-","0.016"" L x 0.008"" W (0.40mm x 0.20mm)","0.006"" (0.15mm)","2","-"
"https://b2b-api.panasonic.eu/file_stream/pids/fileversion/1242","//media.digikey.com/photos/Panasonic%20Photos/10-01005.jpg","ERJ-XGNJ202Y-ND","ERJ-XGNJ202Y","Panasonic Electronic Components","Panasonic Electronic Components","RES SMD 2K OHM 5% 1/32W 01005","0","0.021","0","20000","Tape & Reel (TR)","ERJ-XGN","Active","2 kOhms","±5%","0.03W, 1/32W","Thick Film","-","±200ppm/°C","-55°C ~ 125°C","01005 (0402 Metric)","01005","-","0.016"" L x 0.008"" W (0.40mm x 0.20mm)","0.006"" (0.15mm)","2","-"
"https://b2b-api.panasonic.eu/file_stream/pids/fileversion/1242","//media.digikey.com/photos/Panasonic%20Photos/10-01005.jpg","P2.2KAWTR-ND,P2.2KAWCT-ND,P2.2KAWDKR-ND","ERJ-XGNJ222Y","Panasonic Electronic Components","Panasonic Electronic Components","RES SMD 2.2K OHM 5% 1/32W 01005","134,086","0.2","0","1","Tape & Reel (TR),Cut Tape (CT),Digi-Reel®","ERJ-XGN","Active","2.2 kOhms","±5%","0.03W, 1/32W","Thick Film","-","±200ppm/°C","-55°C ~ 125°C","01005 (0402 Metric)","01005","-","0.016"" L x 0.008"" W (0.40mm x 0.20mm)","0.006"" (0.15mm)","2","-"
"https://b2b-api.panasonic.eu/file_stream/pids/fileversion/1242","//media.digikey.com/photos/Panasonic%20Photos/10-01005.jpg","ERJ-XGNJ242Y-ND","ERJ-XGNJ242Y","Panasonic Electronic Components","Panasonic Electronic Components","RES SMD 2.4K OHM 5% 1/32W 01005","0","0.021","0","20000","Tape & Reel (TR)","ERJ-XGN","Active","2.4 kOhms","±5%","0.03W, 1/32W","Thick Film","-","±200ppm/°C","-55°C ~ 125°C","01005 (0402 Metric)","01005","-","0.016"" L x 0.008"" W (0.40mm x 0.20mm)","0.006"" (0.15mm)","2","-"
"https://b2b-api.panasonic.eu/file_stream/pids/fileversion/1242","//media.digikey.com/photos/Panasonic%20Photos/10-01005.jpg","P2.7KAWTR-ND,P2.7KAWCT-ND,P2.7KAWDKR-ND","ERJ-XGNJ272Y","Panasonic Electronic Components","Panasonic Electronic Components","RES SMD 2.7K OHM 5% 1/32W 01005","3,315","0.4","0","1","Tape & Reel (TR),Cut Tape (CT),Digi-Reel®","ERJ-XGN","Active","2.7 kOhms","±5%","0.03W, 1/32W","Thick Film","-","±200ppm/°C","-55°C ~ 125°C","01005 (0402 Metric)","01005","-","0.016"" L x 0.008"" W (0.40mm x 0.20mm)","0.006"" (0.15mm)","2","-"
"https://b2b-api.panasonic.eu/file_stream/pids/fileversion/1242","//media.digikey.com/photos/Panasonic%20Photos/10-01005.jpg","ERJ-XGNJ302Y-ND","ERJ-XGNJ302Y","Panasonic Electronic Components","Panasonic Electronic Components","RES SMD 3K OHM 5% 1/32W 01005","0","0.021","0","20000","Tape & Reel (TR)","ERJ-XGN","Active","3 kOhms","±5%","0.03W, 1/32W","Thick Film","-","±200ppm/°C","-55°C ~ 125°C","01005 (0402 Metric)","01005","-","0.016"" L x 0.008"" W (0.40mm x 0.20mm)","0.006"" (0.15mm)","2","-"
"https://b2b-api.panasonic.eu/file_stream/pids/fileversion/1242","//media.digikey.com/photos/Panasonic%20Photos/10-01005.jpg","P3.3KAWTR-ND,P3.3KAWCT-ND,P3.3KAWDKR-ND","ERJ-XGNJ332Y","Panasonic Electronic Components","Panasonic Electronic Components","RES SMD 3.3K OHM 5% 1/32W 01005","15,000","0.2","0","1","Tape & Reel (TR),Cut Tape (CT),Digi-Reel®","ERJ-XGN","Active","3.3 kOhms","±5%","0.03W, 1/32W","Thick Film","-","±200ppm/°C","-55°C ~ 125°C","01005 (0402 Metric)","01005","-","0.016"" L x 0.008"" W (0.40mm x 0.20mm)","0.006"" (0.15mm)","2","-"
"https://b2b-api.panasonic.eu/file_stream/pids/fileversion/1242","//media.digikey.com/photos/Panasonic%20Photos/10-01005.jpg","ERJ-XGNJ362Y-ND","ERJ-XGNJ362Y","Panasonic Electronic Components","Panasonic Electronic Components","RES SMD 3.6K OHM 5% 1/32W 01005","0","0.021","0","20000","Tape & Reel (TR)","ERJ-XGN","Active","3.6 kOhms","±5%","0.03W, 1/32W","Thick Film","-","±200ppm/°C","-55°C ~ 125°C","01005 (0402 Metric)","01005","-","0.016"" L x 0.008"" W (0.40mm x 0.20mm)","0.006"" (0.15mm)","2","-"
"https://b2b-api.panasonic.eu/file_stream/pids/fileversion/1242","//media.digikey.com/photos/Panasonic%20Photos/10-01005.jpg","P3.9KAWTR-ND,P3.9KAWCT-ND,P3.9KAWDKR-ND","ERJ-XGNJ392Y","Panasonic Electronic Components","Panasonic Electronic Components","RES SMD 3.9K OHM 5% 1/32W 01005","14,026","0.4","0","1","Tape & Reel (TR),Cut Tape (CT),Digi-Reel®","ERJ-XGN","Active","3.9 kOhms","±5%","0.03W, 1/32W","Thick Film","-","±200ppm/°C","-55°C ~ 125°C","01005 (0402 Metric)","01005","-","0.016"" L x 0.008"" W (0.40mm x 0.20mm)","0.006"" (0.15mm)","2","-"
"https://b2b-api.panasonic.eu/file_stream/pids/fileversion/1242","//media.digikey.com/photos/Panasonic%20Photos/10-01005.jpg","ERJ-XGNJ432Y-ND","ERJ-XGNJ432Y","Panasonic Electronic Components","Panasonic Electronic Components","RES SMD 4.3K OHM 5% 1/32W 01005","0","0.021","0","20000","Tape & Reel (TR)","ERJ-XGN","Active","4.3 kOhms","±5%","0.03W, 1/32W","Thick Film","-","±200ppm/°C","-55°C ~ 125°C","01005 (0402 Metric)","01005","-","0.016"" L x 0.008"" W (0.40mm x 0.20mm)","0.006"" (0.15mm)","2","-"
"https://b2b-api.panasonic.eu/file_stream/pids/fileversion/1242","//media.digikey.com/photos/Panasonic%20Photos/10-01005.jpg","P4.7KAWTR-ND,P4.7KAWCT-ND,P4.7KAWDKR-ND","ERJ-XGNJ472Y","Panasonic Electronic Components","Panasonic Electronic Components","RES SMD 4.7K OHM 5% 1/32W 01005","54,506","0.2","0","1","Tape & Reel (TR),Cut Tape (CT),Digi-Reel®","ERJ-XGN","Active","4.7 kOhms","±5%","0.03W, 1/32W","Thick Film","-","±200ppm/°C","-55°C ~ 125°C","01005 (0402 Metric)","01005","-","0.016"" L x 0.008"" W (0.40mm x 0.20mm)","0.006"" (0.15mm)","2","-"
"https://b2b-api.panasonic.eu/file_stream/pids/fileversion/1242","//media.digikey.com/photos/Panasonic%20Photos/10-01005.jpg","ERJ-XGNJ512Y-ND","ERJ-XGNJ512Y","Panasonic Electronic Components","Panasonic Electronic Components","RES SMD 5.1K OHM 5% 1/32W 01005","0","0.021","0","20000","Tape & Reel (TR)","ERJ-XGN","Active","5.1 kOhms","±5%","0.03W, 1/32W","Thick Film","-","±200ppm/°C","-55°C ~ 125°C","01005 (0402 Metric)","01005","-","0.016"" L x 0.008"" W (0.40mm x 0.20mm)","0.006"" (0.15mm)","2","-"
"https://b2b-api.panasonic.eu/file_stream/pids/fileversion/1242","//media.digikey.com/photos/Panasonic%20Photos/10-01005.jpg","P5.6KAWTR-ND,P5.6KAWCT-ND,P5.6KAWDKR-ND","ERJ-XGNJ562Y","Panasonic Electronic Components","Panasonic Electronic Components","RES SMD 5.6K OHM 5% 1/32W 01005","3,927","0.4","0","1","Tape & Reel (TR),Cut Tape (CT),Digi-Reel®","ERJ-XGN","Active","5.6 kOhms","±5%","0.03W, 1/32W","Thick Film","-","±200ppm/°C","-55°C ~ 125°C","01005 (0402 Metric)","01005","-","0.016"" L x 0.008"" W (0.40mm x 0.20mm)","0.006"" (0.15mm)","2","-"
"https://b2b-api.panasonic.eu/file_stream/pids/fileversion/1242","//media.digikey.com/photos/Panasonic%20Photos/10-01005.jpg","ERJ-XGNJ622Y-ND","ERJ-XGNJ622Y","Panasonic Electronic Components","Panasonic Electronic Components","RES SMD 6.2K OHM 5% 1/32W 01005","0","0.021","0","20000","Tape & Reel (TR)","ERJ-XGN","Active","6.2 kOhms","±5%","0.03W, 1/32W","Thick Film","-","±200ppm/°C","-55°C ~ 125°C","01005 (0402 Metric)","01005","-","0.016"" L x 0.008"" W (0.40mm x 0.20mm)","0.006"" (0.15mm)","2","-"
"https://b2b-api.panasonic.eu/file_stream/pids/fileversion/1242","//media.digikey.com/photos/Panasonic%20Photos/10-01005.jpg","P6.8KAWTR-ND,P6.8KAWCT-ND,P6.8KAWDKR-ND","ERJ-XGNJ682Y","Panasonic Electronic Components","Panasonic Electronic Components","RES SMD 6.8K OHM 5% 1/32W 01005","28,011","0.4","0","1","Tape & Reel (TR),Cut Tape (CT),Digi-Reel®","ERJ-XGN","Active","6.8 kOhms","±5%","0.03W, 1/32W","Thick Film","-","±200ppm/°C","-55°C ~ 125°C","01005 (0402 Metric)","01005","-","0.016"" L x 0.008"" W (0.40mm x 0.20mm)","0.006"" (0.15mm)","2","-"
"https://b2b-api.panasonic.eu/file_stream/pids/fileversion/1242","//media.digikey.com/photos/Panasonic%20Photos/10-01005.jpg","ERJ-XGNJ752Y-ND","ERJ-XGNJ752Y","Panasonic Electronic Components","Panasonic Electronic Components","RES SMD 7.5K OHM 5% 1/32W 01005","0","0.021","0","20000","Tape & Reel (TR)","ERJ-XGN","Active","7.5 kOhms","±5%","0.03W, 1/32W","Thick Film","-","±200ppm/°C","-55°C ~ 125°C","01005 (0402 Metric)","01005","-","0.016"" L x 0.008"" W (0.40mm x 0.20mm)","0.006"" (0.15mm)","2","-"
"https://b2b-api.panasonic.eu/file_stream/pids/fileversion/1242","//media.digikey.com/photos/Panasonic%20Photos/10-01005.jpg","P8.2KAWTR-ND,P8.2KAWCT-ND,P8.2KAWDKR-ND","ERJ-XGNJ822Y","Panasonic Electronic Components","Panasonic Electronic Components","RES SMD 8.2K OHM 5% 1/32W 01005","9,060","0.41","0","1","Tape & Reel (TR),Cut Tape (CT),Digi-Reel®","ERJ-XGN","Active","8.2 kOhms","±5%","0.03W, 1/32W","Thick Film","-","±200ppm/°C","-55°C ~ 125°C","01005 (0402 Metric)","01005","-","0.016"" L x 0.008"" W (0.40mm x 0.20mm)","0.006"" (0.15mm)","2","-"
"https://b2b-api.panasonic.eu/file_stream/pids/fileversion/1242","//media.digikey.com/photos/Panasonic%20Photos/10-01005.jpg","ERJ-XGNJ912Y-ND","ERJ-XGNJ912Y","Panasonic Electronic Components","Panasonic Electronic Components","RES SMD 9.1K OHM 5% 1/32W 01005","0","0.021","0","20000","Tape & Reel (TR)","ERJ-XGN","Active","9.1 kOhms","±5%","0.03W, 1/32W","Thick Film","-","±200ppm/°C","-55°C ~ 125°C","01005 (0402 Metric)","01005","-","0.016"" L x 0.008"" W (0.40mm x 0.20mm)","0.006"" (0.15mm)","2","-"
"https://b2b-api.panasonic.eu/file_stream/pids/fileversion/1242","//media.digikey.com/photos/Panasonic%20Photos/10-01005.jpg","P10KAWTR-ND,P10KAWCT-ND,P10KAWDKR-ND","ERJ-XGNJ103Y","Panasonic Electronic Components","Panasonic Electronic Components","RES SMD 10K OHM 5% 1/32W 01005","551,738","0.2","0","1","Tape & Reel (TR),Cut Tape (CT),Digi-Reel®","ERJ-XGN","Active","10 kOhms","±5%","0.03W, 1/32W","Thick Film","-","±200ppm/°C","-55°C ~ 125°C","01005 (0402 Metric)","01005","-","0.016"" L x 0.008"" W (0.40mm x 0.20mm)","0.006"" (0.15mm)","2","-"
"https://b2b-api.panasonic.eu/file_stream/pids/fileversion/1242","//media.digikey.com/photos/Panasonic%20Photos/10-01005.jpg","ERJ-XGNJ113Y-ND","ERJ-XGNJ113Y","Panasonic Electronic Components","Panasonic Electronic Components","RES SMD 11K OHM 5% 1/32W 01005","0","0.021","0","20000","Tape & Reel (TR)","ERJ-XGN","Active","11 kOhms","±5%","0.03W, 1/32W","Thick Film","-","±200ppm/°C","-55°C ~ 125°C","01005 (0402 Metric)","01005","-","0.016"" L x 0.008"" W (0.40mm x 0.20mm)","0.006"" (0.15mm)","2","-"
"https://b2b-api.panasonic.eu/file_stream/pids/fileversion/1242","//media.digikey.com/photos/Panasonic%20Photos/10-01005.jpg","P12KAWTR-ND,P12KAWCT-ND,P12KAWDKR-ND","ERJ-XGNJ123Y","Panasonic Electronic Components","Panasonic Electronic Components","RES SMD 12K OHM 5% 1/32W 01005","32,628","0.41","0","1","Tape & Reel (TR),Cut Tape (CT),Digi-Reel®","ERJ-XGN","Active","12 kOhms","±5%","0.03W, 1/32W","Thick Film","-","±200ppm/°C","-55°C ~ 125°C","01005 (0402 Metric)","01005","-","0.016"" L x 0.008"" W (0.40mm x 0.20mm)","0.006"" (0.15mm)","2","-"
"https://b2b-api.panasonic.eu/file_stream/pids/fileversion/1242","//media.digikey.com/photos/Panasonic%20Photos/10-01005.jpg","ERJ-XGNJ133Y-ND","ERJ-XGNJ133Y","Panasonic Electronic Components","Panasonic Electronic Components","RES SMD 13K OHM 5% 1/32W 01005","0","0.021","0","20000","Tape & Reel (TR)","ERJ-XGN","Active","13 kOhms","±5%","0.03W, 1/32W","Thick Film","-","±200ppm/°C","-55°C ~ 125°C","01005 (0402 Metric)","01005","-","0.016"" L x 0.008"" W (0.40mm x 0.20mm)","0.006"" (0.15mm)","2","-"
"https://b2b-api.panasonic.eu/file_stream/pids/fileversion/1242","//media.digikey.com/photos/Panasonic%20Photos/10-01005.jpg","P15KAWTR-ND,P15KAWCT-ND,P15KAWDKR-ND","ERJ-XGNJ153Y","Panasonic Electronic Components","Panasonic Electronic Components","RES SMD 15K OHM 5% 1/32W 01005","41,324","0.4","0","1","Tape & Reel (TR),Cut Tape (CT),Digi-Reel®","ERJ-XGN","Active","15 kOhms","±5%","0.03W, 1/32W","Thick Film","-","±200ppm/°C","-55°C ~ 125°C","01005 (0402 Metric)","01005","-","0.016"" L x 0.008"" W (0.40mm x 0.20mm)","0.006"" (0.15mm)","2","-"
"https://b2b-api.panasonic.eu/file_stream/pids/fileversion/1242","//media.digikey.com/photos/Panasonic%20Photos/10-01005.jpg","ERJ-XGNJ163Y-ND","ERJ-XGNJ163Y","Panasonic Electronic Components","Panasonic Electronic Components","RES SMD 16K OHM 5% 1/32W 01005","0","0.021","0","20000","Tape & Reel (TR)","ERJ-XGN","Active","16 kOhms","±5%","0.03W, 1/32W","Thick Film","-","±200ppm/°C","-55°C ~ 125°C","01005 (0402 Metric)","01005","-","0.016"" L x 0.008"" W (0.40mm x 0.20mm)","0.006"" (0.15mm)","2","-"
"https://b2b-api.panasonic.eu/file_stream/pids/fileversion/1242","//media.digikey.com/photos/Panasonic%20Photos/10-01005.jpg","P18KAWTR-ND,P18KAWCT-ND,P18KAWDKR-ND","ERJ-XGNJ183Y","Panasonic Electronic Components","Panasonic Electronic Components","RES SMD 18K OHM 5% 1/32W 01005","17,190","0.4","0","1","Tape & Reel (TR),Cut Tape (CT),Digi-Reel®","ERJ-XGN","Active","18 kOhms","±5%","0.03W, 1/32W","Thick Film","-","±200ppm/°C","-55°C ~ 125°C","01005 (0402 Metric)","01005","-","0.016"" L x 0.008"" W (0.40mm x 0.20mm)","0.006"" (0.15mm)","2","-"
"https://b2b-api.panasonic.eu/file_stream/pids/fileversion/1242","//media.digikey.com/photos/Panasonic%20Photos/10-01005.jpg","ERJ-XGNJ203Y-ND","ERJ-XGNJ203Y","Panasonic Electronic Components","Panasonic Electronic Components","RES SMD 20K OHM 5% 1/32W 01005","0","0.021","0","20000","Tape & Reel (TR)","ERJ-XGN","Active","20 kOhms","±5%","0.03W, 1/32W","Thick Film","-","±200ppm/°C","-55°C ~ 125°C","01005 (0402 Metric)","01005","-","0.016"" L x 0.008"" W (0.40mm x 0.20mm)","0.006"" (0.15mm)","2","-"
"https://b2b-api.panasonic.eu/file_stream/pids/fileversion/1242","//media.digikey.com/photos/Panasonic%20Photos/10-01005.jpg","P22KAWTR-ND,P22KAWCT-ND,P22KAWDKR-ND","ERJ-XGNJ223Y","Panasonic Electronic Components","Panasonic Electronic Components","RES SMD 22K OHM 5% 1/32W 01005","81,327","0.4","0","1","Tape & Reel (TR),Cut Tape (CT),Digi-Reel®","ERJ-XGN","Active","22 kOhms","±5%","0.03W, 1/32W","Thick Film","-","±200ppm/°C","-55°C ~ 125°C","01005 (0402 Metric)","01005","-","0.016"" L x 0.008"" W (0.40mm x 0.20mm)","0.006"" (0.15mm)","2","-"
"https://b2b-api.panasonic.eu/file_stream/pids/fileversion/1242","//media.digikey.com/photos/Panasonic%20Photos/10-01005.jpg","ERJ-XGNJ243Y-ND","ERJ-XGNJ243Y","Panasonic Electronic Components","Panasonic Electronic Components","RES SMD 24K OHM 5% 1/32W 01005","0","0.021","0","20000","Tape & Reel (TR)","ERJ-XGN","Active","24 kOhms","±5%","0.03W, 1/32W","Thick Film","-","±200ppm/°C","-55°C ~ 125°C","01005 (0402 Metric)","01005","-","0.016"" L x 0.008"" W (0.40mm x 0.20mm)","0.006"" (0.15mm)","2","-"
"https://b2b-api.panasonic.eu/file_stream/pids/fileversion/1242","//media.digikey.com/photos/Panasonic%20Photos/10-01005.jpg","P27KAWTR-ND,P27KAWCT-ND,P27KAWDKR-ND","ERJ-XGNJ273Y","Panasonic Electronic Components","Panasonic Electronic Components","RES SMD 27K OHM 5% 1/32W 01005","38,464","0.4","0","1","Tape & Reel (TR),Cut Tape (CT),Digi-Reel®","ERJ-XGN","Active","27 kOhms","±5%","0.03W, 1/32W","Thick Film","-","±200ppm/°C","-55°C ~ 125°C","01005 (0402 Metric)","01005","-","0.016"" L x 0.008"" W (0.40mm x 0.20mm)","0.006"" (0.15mm)","2","-"
"https://b2b-api.panasonic.eu/file_stream/pids/fileversion/1242","//media.digikey.com/photos/Panasonic%20Photos/10-01005.jpg","ERJ-XGNJ303Y-ND","ERJ-XGNJ303Y","Panasonic Electronic Components","Panasonic Electronic Components","RES SMD 30K OHM 5% 1/32W 01005","0","0.021","0","20000","Tape & Reel (TR)","ERJ-XGN","Active","30 kOhms","±5%","0.03W, 1/32W","Thick Film","-","±200ppm/°C","-55°C ~ 125°C","01005 (0402 Metric)","01005","-","0.016"" L x 0.008"" W (0.40mm x 0.20mm)","0.006"" (0.15mm)","2","-"
"https://b2b-api.panasonic.eu/file_stream/pids/fileversion/1242","//media.digikey.com/photos/Panasonic%20Photos/10-01005.jpg","P33KAWTR-ND,P33KAWCT-ND,P33KAWDKR-ND","ERJ-XGNJ333Y","Panasonic Electronic Components","Panasonic Electronic Components","RES SMD 33K OHM 5% 1/32W 01005","65,050","0.41","0","1","Tape & Reel (TR),Cut Tape (CT),Digi-Reel®","ERJ-XGN","Active","33 kOhms","±5%","0.03W, 1/32W","Thick Film","-","±200ppm/°C","-55°C ~ 125°C","01005 (0402 Metric)","01005","-","0.016"" L x 0.008"" W (0.40mm x 0.20mm)","0.006"" (0.15mm)","2","-"
"https://b2b-api.panasonic.eu/file_stream/pids/fileversion/1242","//media.digikey.com/photos/Panasonic%20Photos/10-01005.jpg","ERJ-XGNJ363Y-ND","ERJ-XGNJ363Y","Panasonic Electronic Components","Panasonic Electronic Components","RES SMD 36K OHM 5% 1/32W 01005","0","0.021","0","20000","Tape & Reel (TR)","ERJ-XGN","Active","36 kOhms","±5%","0.03W, 1/32W","Thick Film","-","±200ppm/°C","-55°C ~ 125°C","01005 (0402 Metric)","01005","-","0.016"" L x 0.008"" W (0.40mm x 0.20mm)","0.006"" (0.15mm)","2","-"
"https://b2b-api.panasonic.eu/file_stream/pids/fileversion/1242","//media.digikey.com/photos/Panasonic%20Photos/10-01005.jpg","P39KAWTR-ND,P39KAWCT-ND,P39KAWDKR-ND","ERJ-XGNJ393Y","Panasonic Electronic Components","Panasonic Electronic Components","RES SMD 39K OHM 5% 1/32W 01005","13,428","0.4","0","1","Tape & Reel (TR),Cut Tape (CT),Digi-Reel®","ERJ-XGN","Active","39 kOhms","±5%","0.03W, 1/32W","Thick Film","-","±200ppm/°C","-55°C ~ 125°C","01005 (0402 Metric)","01005","-","0.016"" L x 0.008"" W (0.40mm x 0.20mm)","0.006"" (0.15mm)","2","-"
"https://b2b-api.panasonic.eu/file_stream/pids/fileversion/1242","//media.digikey.com/photos/Panasonic%20Photos/10-01005.jpg","ERJ-XGNJ433Y-ND","ERJ-XGNJ433Y","Panasonic Electronic Components","Panasonic Electronic Components","RES SMD 43K OHM 5% 1/32W 01005","0","0.021","0","20000","Tape & Reel (TR)","ERJ-XGN","Active","43 kOhms","±5%","0.03W, 1/32W","Thick Film","-","±200ppm/°C","-55°C ~ 125°C","01005 (0402 Metric)","01005","-","0.016"" L x 0.008"" W (0.40mm x 0.20mm)","0.006"" (0.15mm)","2","-"
"https://b2b-api.panasonic.eu/file_stream/pids/fileversion/1242","//media.digikey.com/photos/Panasonic%20Photos/10-01005.jpg","P47KAWTR-ND,P47KAWCT-ND,P47KAWDKR-ND","ERJ-XGNJ473Y","Panasonic Electronic Components","Panasonic Electronic Components","RES SMD 47K OHM 5% 1/32W 01005","20,000","0.2","0","1","Tape & Reel (TR),Cut Tape (CT),Digi-Reel®","ERJ-XGN","Active","47 kOhms","±5%","0.03W, 1/32W","Thick Film","-","±200ppm/°C","-55°C ~ 125°C","01005 (0402 Metric)","01005","-","0.016"" L x 0.008"" W (0.40mm x 0.20mm)","0.006"" (0.15mm)","2","-"
"https://b2b-api.panasonic.eu/file_stream/pids/fileversion/1242","//media.digikey.com/photos/Panasonic%20Photos/10-01005.jpg","ERJ-XGNJ513Y-ND","ERJ-XGNJ513Y","Panasonic Electronic Components","Panasonic Electronic Components","RES SMD 51K OHM 5% 1/32W 01005","0","0.021","0","20000","Tape & Reel (TR)","ERJ-XGN","Active","51 kOhms","±5%","0.03W, 1/32W","Thick Film","-","±200ppm/°C","-55°C ~ 125°C","01005 (0402 Metric)","01005","-","0.016"" L x 0.008"" W (0.40mm x 0.20mm)","0.006"" (0.15mm)","2","-"
"https://b2b-api.panasonic.eu/file_stream/pids/fileversion/1242","//media.digikey.com/photos/Panasonic%20Photos/10-01005.jpg","P56KAWTR-ND,P56KAWCT-ND,P56KAWDKR-ND","ERJ-XGNJ563Y","Panasonic Electronic Components","Panasonic Electronic Components","RES SMD 56K OHM 5% 1/32W 01005","46,450","0.4","0","1","Tape & Reel (TR),Cut Tape (CT),Digi-Reel®","ERJ-XGN","Active","56 kOhms","±5%","0.03W, 1/32W","Thick Film","-","±200ppm/°C","-55°C ~ 125°C","01005 (0402 Metric)","01005","-","0.016"" L x 0.008"" W (0.40mm x 0.20mm)","0.006"" (0.15mm)","2","-"
"https://b2b-api.panasonic.eu/file_stream/pids/fileversion/1242","//media.digikey.com/photos/Panasonic%20Photos/10-01005.jpg","ERJ-XGNJ623Y-ND","ERJ-XGNJ623Y","Panasonic Electronic Components","Panasonic Electronic Components","RES SMD 62K OHM 5% 1/32W 01005","0","0.021","0","20000","Tape & Reel (TR)","ERJ-XGN","Active","62 kOhms","±5%","0.03W, 1/32W","Thick Film","-","±200ppm/°C","-55°C ~ 125°C","01005 (0402 Metric)","01005","-","0.016"" L x 0.008"" W (0.40mm x 0.20mm)","0.006"" (0.15mm)","2","-"
"https://b2b-api.panasonic.eu/file_stream/pids/fileversion/1242","//media.digikey.com/photos/Panasonic%20Photos/10-01005.jpg","P68KAWTR-ND,P68KAWCT-ND,P68KAWDKR-ND","ERJ-XGNJ683Y","Panasonic Electronic Components","Panasonic Electronic Components","RES SMD 68K OHM 5% 1/32W 01005","23,534","0.4","0","1","Tape & Reel (TR),Cut Tape (CT),Digi-Reel®","ERJ-XGN","Active","68 kOhms","±5%","0.03W, 1/32W","Thick Film","-","±200ppm/°C","-55°C ~ 125°C","01005 (0402 Metric)","01005","-","0.016"" L x 0.008"" W (0.40mm x 0.20mm)","0.006"" (0.15mm)","2","-"
"https://b2b-api.panasonic.eu/file_stream/pids/fileversion/1242","//media.digikey.com/photos/Panasonic%20Photos/10-01005.jpg","ERJ-XGNJ753Y-ND","ERJ-XGNJ753Y","Panasonic Electronic Components","Panasonic Electronic Components","RES SMD 75K OHM 5% 1/32W 01005","0","0.021","0","20000","Tape & Reel (TR)","ERJ-XGN","Active","75 kOhms","±5%","0.03W, 1/32W","Thick Film","-","±200ppm/°C","-55°C ~ 125°C","01005 (0402 Metric)","01005","-","0.016"" L x 0.008"" W (0.40mm x 0.20mm)","0.006"" (0.15mm)","2","-"
"https://b2b-api.panasonic.eu/file_stream/pids/fileversion/1242","//media.digikey.com/photos/Panasonic%20Photos/10-01005.jpg","P82KAWTR-ND,P82KAWCT-ND,P82KAWDKR-ND","ERJ-XGNJ823Y","Panasonic Electronic Components","Panasonic Electronic Components","RES SMD 82K OHM 5% 1/32W 01005","22,752","0.4","0","1","Tape & Reel (TR),Cut Tape (CT),Digi-Reel®","ERJ-XGN","Active","82 kOhms","±5%","0.03W, 1/32W","Thick Film","-","±200ppm/°C","-55°C ~ 125°C","01005 (0402 Metric)","01005","-","0.016"" L x 0.008"" W (0.40mm x 0.20mm)","0.006"" (0.15mm)","2","-"
"https://b2b-api.panasonic.eu/file_stream/pids/fileversion/1242","//media.digikey.com/photos/Panasonic%20Photos/10-01005.jpg","ERJ-XGNJ913Y-ND","ERJ-XGNJ913Y","Panasonic Electronic Components","Panasonic Electronic Components","RES SMD 91K OHM 5% 1/32W 01005","0","0.021","0","20000","Tape & Reel (TR)","ERJ-XGN","Active","91 kOhms","±5%","0.03W, 1/32W","Thick Film","-","±200ppm/°C","-55°C ~ 125°C","01005 (0402 Metric)","01005","-","0.016"" L x 0.008"" W (0.40mm x 0.20mm)","0.006"" (0.15mm)","2","-"
"https://b2b-api.panasonic.eu/file_stream/pids/fileversion/1242","//media.digikey.com/photos/Panasonic%20Photos/10-01005.jpg","P100KAWTR-ND,P100KAWCT-ND,P100KAWDKR-ND","ERJ-XGNJ104Y","Panasonic Electronic Components","Panasonic Electronic Components","RES SMD 100K OHM 5% 1/32W 01005","10,700","0.2","0","1","Tape & Reel (TR),Cut Tape (CT),Digi-Reel®","ERJ-XGN","Active","100 kOhms","±5%","0.03W, 1/32W","Thick Film","-","±200ppm/°C","-55°C ~ 125°C","01005 (0402 Metric)","01005","-","0.016"" L x 0.008"" W (0.40mm x 0.20mm)","0.006"" (0.15mm)","2","-"
"https://b2b-api.panasonic.eu/file_stream/pids/fileversion/1242","//media.digikey.com/photos/Panasonic%20Photos/10-01005.jpg","ERJ-XGNJ114Y-ND","ERJ-XGNJ114Y","Panasonic Electronic Components","Panasonic Electronic Components","RES SMD 110K OHM 5% 1/32W 01005","0","0.021","0","20000","Tape & Reel (TR)","ERJ-XGN","Active","110 kOhms","±5%","0.03W, 1/32W","Thick Film","-","±200ppm/°C","-55°C ~ 125°C","01005 (0402 Metric)","01005","-","0.016"" L x 0.008"" W (0.40mm x 0.20mm)","0.006"" (0.15mm)","2","-"
"https://b2b-api.panasonic.eu/file_stream/pids/fileversion/1242","//media.digikey.com/photos/Panasonic%20Photos/10-01005.jpg","P120KAWTR-ND,P120KAWCT-ND,P120KAWDKR-ND","ERJ-XGNJ124Y","Panasonic Electronic Components","Panasonic Electronic Components","RES SMD 120K OHM 5% 1/32W 01005","3,079","0.4","0","1","Tape & Reel (TR),Cut Tape (CT),Digi-Reel®","ERJ-XGN","Active","120 kOhms","±5%","0.03W, 1/32W","Thick Film","-","±200ppm/°C","-55°C ~ 125°C","01005 (0402 Metric)","01005","-","0.016"" L x 0.008"" W (0.40mm x 0.20mm)","0.006"" (0.15mm)","2","-"
"https://b2b-api.panasonic.eu/file_stream/pids/fileversion/1242","//media.digikey.com/photos/Panasonic%20Photos/10-01005.jpg","ERJ-XGNJ134Y-ND","ERJ-XGNJ134Y","Panasonic Electronic Components","Panasonic Electronic Components","RES SMD 130K OHM 5% 1/32W 01005","0","0.021","0","20000","Tape & Reel (TR)","ERJ-XGN","Active","130 kOhms","±5%","0.03W, 1/32W","Thick Film","-","±200ppm/°C","-55°C ~ 125°C","01005 (0402 Metric)","01005","-","0.016"" L x 0.008"" W (0.40mm x 0.20mm)","0.006"" (0.15mm)","2","-"
"https://b2b-api.panasonic.eu/file_stream/pids/fileversion/1242","//media.digikey.com/photos/Panasonic%20Photos/10-01005.jpg","P150KAWTR-ND,P150KAWCT-ND,P150KAWDKR-ND","ERJ-XGNJ154Y","Panasonic Electronic Components","Panasonic Electronic Components","RES SMD 150K OHM 5% 1/32W 01005","16,872","0.41","0","1","Tape & Reel (TR),Cut Tape (CT),Digi-Reel®","ERJ-XGN","Active","150 kOhms","±5%","0.03W, 1/32W","Thick Film","-","±200ppm/°C","-55°C ~ 125°C","01005 (0402 Metric)","01005","-","0.016"" L x 0.008"" W (0.40mm x 0.20mm)","0.006"" (0.15mm)","2","-"
"https://b2b-api.panasonic.eu/file_stream/pids/fileversion/1242","//media.digikey.com/photos/Panasonic%20Photos/10-01005.jpg","ERJ-XGNJ164Y-ND","ERJ-XGNJ164Y","Panasonic Electronic Components","Panasonic Electronic Components","RES SMD 160K OHM 5% 1/32W 01005","0","0.021","0","20000","Tape & Reel (TR)","ERJ-XGN","Active","160 kOhms","±5%","0.03W, 1/32W","Thick Film","-","±200ppm/°C","-55°C ~ 125°C","01005 (0402 Metric)","01005","-","0.016"" L x 0.008"" W (0.40mm x 0.20mm)","0.006"" (0.15mm)","2","-"
"https://b2b-api.panasonic.eu/file_stream/pids/fileversion/1242","//media.digikey.com/photos/Panasonic%20Photos/10-01005.jpg","P180KAWTR-ND,P180KAWCT-ND,P180KAWDKR-ND","ERJ-XGNJ184Y","Panasonic Electronic Components","Panasonic Electronic Components","RES SMD 180K OHM 5% 1/32W 01005","1,764","0.4","0","1","Tape & Reel (TR),Cut Tape (CT),Digi-Reel®","ERJ-XGN","Active","180 kOhms","±5%","0.03W, 1/32W","Thick Film","-","±200ppm/°C","-55°C ~ 125°C","01005 (0402 Metric)","01005","-","0.016"" L x 0.008"" W (0.40mm x 0.20mm)","0.006"" (0.15mm)","2","-"
"https://b2b-api.panasonic.eu/file_stream/pids/fileversion/1242","//media.digikey.com/photos/Panasonic%20Photos/10-01005.jpg","ERJ-XGNJ204Y-ND","ERJ-XGNJ204Y","Panasonic Electronic Components","Panasonic Electronic Components","RES SMD 200K OHM 5% 1/32W 01005","0","0.021","0","20000","Tape & Reel (TR)","ERJ-XGN","Active","200 kOhms","±5%","0.03W, 1/32W","Thick Film","-","±200ppm/°C","-55°C ~ 125°C","01005 (0402 Metric)","01005","-","0.016"" L x 0.008"" W (0.40mm x 0.20mm)","0.006"" (0.15mm)","2","-"
"https://b2b-api.panasonic.eu/file_stream/pids/fileversion/1242","//media.digikey.com/photos/Panasonic%20Photos/10-01005.jpg","P220KAWTR-ND,P220KAWCT-ND,P220KAWDKR-ND","ERJ-XGNJ224Y","Panasonic Electronic Components","Panasonic Electronic Components","RES SMD 220K OHM 5% 1/32W 01005","51,079","0.24","0","1","Tape & Reel (TR),Cut Tape (CT),Digi-Reel®","ERJ-XGN","Active","220 kOhms","±5%","0.03W, 1/32W","Thick Film","-","±200ppm/°C","-55°C ~ 125°C","01005 (0402 Metric)","01005","-","0.016"" L x 0.008"" W (0.40mm x 0.20mm)","0.006"" (0.15mm)","2","-"
"https://b2b-api.panasonic.eu/file_stream/pids/fileversion/1242","//media.digikey.com/photos/Panasonic%20Photos/10-01005.jpg","ERJ-XGNJ244Y-ND","ERJ-XGNJ244Y","Panasonic Electronic Components","Panasonic Electronic Components","RES SMD 240K OHM 5% 1/32W 01005","0","0.021","0","20000","Tape & Reel (TR)","ERJ-XGN","Active","240 kOhms","±5%","0.03W, 1/32W","Thick Film","-","±200ppm/°C","-55°C ~ 125°C","01005 (0402 Metric)","01005","-","0.016"" L x 0.008"" W (0.40mm x 0.20mm)","0.006"" (0.15mm)","2","-"
"https://b2b-api.panasonic.eu/file_stream/pids/fileversion/1242","//media.digikey.com/photos/Panasonic%20Photos/10-01005.jpg","P270KAWTR-ND,P270KAWCT-ND,P270KAWDKR-ND","ERJ-XGNJ274Y","Panasonic Electronic Components","Panasonic Electronic Components","RES SMD 270K OHM 5% 1/32W 01005","7,391","0.4","0","1","Tape & Reel (TR),Cut Tape (CT),Digi-Reel®","ERJ-XGN","Active","270 kOhms","±5%","0.03W, 1/32W","Thick Film","-","±200ppm/°C","-55°C ~ 125°C","01005 (0402 Metric)","01005","-","0.016"" L x 0.008"" W (0.40mm x 0.20mm)","0.006"" (0.15mm)","2","-"
"https://b2b-api.panasonic.eu/file_stream/pids/fileversion/1242","//media.digikey.com/photos/Panasonic%20Photos/10-01005.jpg","ERJ-XGNJ304Y-ND","ERJ-XGNJ304Y","Panasonic Electronic Components","Panasonic Electronic Components","RES SMD 300K OHM 5% 1/32W 01005","0","0.021","0","20000","Tape & Reel (TR)","ERJ-XGN","Active","300 kOhms","±5%","0.03W, 1/32W","Thick Film","-","±200ppm/°C","-55°C ~ 125°C","01005 (0402 Metric)","01005","-","0.016"" L x 0.008"" W (0.40mm x 0.20mm)","0.006"" (0.15mm)","2","-"
"https://b2b-api.panasonic.eu/file_stream/pids/fileversion/1242","//media.digikey.com/photos/Panasonic%20Photos/10-01005.jpg","P330KAWTR-ND,P330KAWCT-ND,P330KAWDKR-ND","ERJ-XGNJ334Y","Panasonic Electronic Components","Panasonic Electronic Components","RES SMD 330K OHM 5% 1/32W 01005","21,420","0.4","0","1","Tape & Reel (TR),Cut Tape (CT),Digi-Reel®","ERJ-XGN","Active","330 kOhms","±5%","0.03W, 1/32W","Thick Film","-","±200ppm/°C","-55°C ~ 125°C","01005 (0402 Metric)","01005","-","0.016"" L x 0.008"" W (0.40mm x 0.20mm)","0.006"" (0.15mm)","2","-"
"https://b2b-api.panasonic.eu/file_stream/pids/fileversion/1242","//media.digikey.com/photos/Panasonic%20Photos/10-01005.jpg","ERJ-XGNJ364Y-ND","ERJ-XGNJ364Y","Panasonic Electronic Components","Panasonic Electronic Components","RES SMD 360K OHM 5% 1/32W 01005","0","0.021","0","20000","Tape & Reel (TR)","ERJ-XGN","Active","360 kOhms","±5%","0.03W, 1/32W","Thick Film","-","±200ppm/°C","-55°C ~ 125°C","01005 (0402 Metric)","01005","-","0.016"" L x 0.008"" W (0.40mm x 0.20mm)","0.006"" (0.15mm)","2","-"
"https://b2b-api.panasonic.eu/file_stream/pids/fileversion/1242","//media.digikey.com/photos/Panasonic%20Photos/10-01005.jpg","P390KAWTR-ND,P390KAWCT-ND,P390KAWDKR-ND","ERJ-XGNJ394Y","Panasonic Electronic Components","Panasonic Electronic Components","RES SMD 390K OHM 5% 1/32W 01005","19,678","0.41","0","1","Tape & Reel (TR),Cut Tape (CT),Digi-Reel®","ERJ-XGN","Active","390 kOhms","±5%","0.03W, 1/32W","Thick Film","-","±200ppm/°C","-55°C ~ 125°C","01005 (0402 Metric)","01005","-","0.016"" L x 0.008"" W (0.40mm x 0.20mm)","0.006"" (0.15mm)","2","-"
"https://b2b-api.panasonic.eu/file_stream/pids/fileversion/1242","//media.digikey.com/photos/Panasonic%20Photos/10-01005.jpg","ERJ-XGNJ434Y-ND","ERJ-XGNJ434Y","Panasonic Electronic Components","Panasonic Electronic Components","RES SMD 430K OHM 5% 1/32W 01005","0","0.021","0","20000","Tape & Reel (TR)","ERJ-XGN","Active","430 kOhms","±5%","0.03W, 1/32W","Thick Film","-","±200ppm/°C","-55°C ~ 125°C","01005 (0402 Metric)","01005","-","0.016"" L x 0.008"" W (0.40mm x 0.20mm)","0.006"" (0.15mm)","2","-"
"https://b2b-api.panasonic.eu/file_stream/pids/fileversion/1242","//media.digikey.com/photos/Panasonic%20Photos/10-01005.jpg","P470KAWTR-ND,P470KAWCT-ND,P470KAWDKR-ND","ERJ-XGNJ474Y","Panasonic Electronic Components","Panasonic Electronic Components","RES SMD 470K OHM 5% 1/32W 01005","10,127","0.39","0","1","Tape & Reel (TR),Cut Tape (CT),Digi-Reel®","ERJ-XGN","Active","470 kOhms","±5%","0.03W, 1/32W","Thick Film","-","±200ppm/°C","-55°C ~ 125°C","01005 (0402 Metric)","01005","-","0.016"" L x 0.008"" W (0.40mm x 0.20mm)","0.006"" (0.15mm)","2","-"
"https://b2b-api.panasonic.eu/file_stream/pids/fileversion/1242","//media.digikey.com/photos/Panasonic%20Photos/10-01005.jpg","ERJ-XGNJ514Y-ND","ERJ-XGNJ514Y","Panasonic Electronic Components","Panasonic Electronic Components","RES SMD 510K OHM 5% 1/32W 01005","0","0.021","0","20000","Tape & Reel (TR)","ERJ-XGN","Active","510 kOhms","±5%","0.03W, 1/32W","Thick Film","-","±200ppm/°C","-55°C ~ 125°C","01005 (0402 Metric)","01005","-","0.016"" L x 0.008"" W (0.40mm x 0.20mm)","0.006"" (0.15mm)","2","-"
"https://b2b-api.panasonic.eu/file_stream/pids/fileversion/1242","//media.digikey.com/photos/Panasonic%20Photos/10-01005.jpg","P560KAWTR-ND,P560KAWCT-ND,P560KAWDKR-ND","ERJ-XGNJ564Y","Panasonic Electronic Components","Panasonic Electronic Components","RES SMD 560K OHM 5% 1/32W 01005","6,393","0.4","0","1","Tape & Reel (TR),Cut Tape (CT),Digi-Reel®","ERJ-XGN","Active","560 kOhms","±5%","0.03W, 1/32W","Thick Film","-","±200ppm/°C","-55°C ~ 125°C","01005 (0402 Metric)","01005","-","0.016"" L x 0.008"" W (0.40mm x 0.20mm)","0.006"" (0.15mm)","2","-"
"https://b2b-api.panasonic.eu/file_stream/pids/fileversion/1242","//media.digikey.com/photos/Panasonic%20Photos/10-01005.jpg","ERJ-XGNJ624Y-ND","ERJ-XGNJ624Y","Panasonic Electronic Components","Panasonic Electronic Components","RES SMD 620K OHM 5% 1/32W 01005","0","0.021","0","20000","Tape & Reel (TR)","ERJ-XGN","Active","620 kOhms","±5%","0.03W, 1/32W","Thick Film","-","±200ppm/°C","-55°C ~ 125°C","01005 (0402 Metric)","01005","-","0.016"" L x 0.008"" W (0.40mm x 0.20mm)","0.006"" (0.15mm)","2","-"
"https://b2b-api.panasonic.eu/file_stream/pids/fileversion/1242","//media.digikey.com/photos/Panasonic%20Photos/10-01005.jpg","P680KAWTR-ND,P680KAWCT-ND,P680KAWDKR-ND","ERJ-XGNJ684Y","Panasonic Electronic Components","Panasonic Electronic Components","RES SMD 680K OHM 5% 1/32W 01005","20,000","0.41","0","1","Tape & Reel (TR),Cut Tape (CT),Digi-Reel®","ERJ-XGN","Active","680 kOhms","±5%","0.03W, 1/32W","Thick Film","-","±200ppm/°C","-55°C ~ 125°C","01005 (0402 Metric)","01005","-","0.016"" L x 0.008"" W (0.40mm x 0.20mm)","0.006"" (0.15mm)","2","-"
"https://b2b-api.panasonic.eu/file_stream/pids/fileversion/1242","//media.digikey.com/photos/Panasonic%20Photos/10-01005.jpg","ERJ-XGNJ754Y-ND","ERJ-XGNJ754Y","Panasonic Electronic Components","Panasonic Electronic Components","RES SMD 750K OHM 5% 1/32W 01005","0","0.021","0","20000","Tape & Reel (TR)","ERJ-XGN","Active","750 kOhms","±5%","0.03W, 1/32W","Thick Film","-","±200ppm/°C","-55°C ~ 125°C","01005 (0402 Metric)","01005","-","0.016"" L x 0.008"" W (0.40mm x 0.20mm)","0.006"" (0.15mm)","2","-"
"https://b2b-api.panasonic.eu/file_stream/pids/fileversion/1242","//media.digikey.com/photos/Panasonic%20Photos/10-01005.jpg","P820KAWTR-ND,P820KAWCT-ND,P820KAWDKR-ND","ERJ-XGNJ824Y","Panasonic Electronic Components","Panasonic Electronic Components","RES SMD 820K OHM 5% 1/32W 01005","1,440","0.4","0","1","Tape & Reel (TR),Cut Tape (CT),Digi-Reel®","ERJ-XGN","Active","820 kOhms","±5%","0.03W, 1/32W","Thick Film","-","±200ppm/°C","-55°C ~ 125°C","01005 (0402 Metric)","01005","-","0.016"" L x 0.008"" W (0.40mm x 0.20mm)","0.006"" (0.15mm)","2","-"
"https://b2b-api.panasonic.eu/file_stream/pids/fileversion/1242","//media.digikey.com/photos/Panasonic%20Photos/10-01005.jpg","ERJ-XGNJ914Y-ND","ERJ-XGNJ914Y","Panasonic Electronic Components","Panasonic Electronic Components","RES SMD 910K OHM 5% 1/32W 01005","0","0.021","0","20000","Tape & Reel (TR)","ERJ-XGN","Active","910 kOhms","±5%","0.03W, 1/32W","Thick Film","-","±200ppm/°C","-55°C ~ 125°C","01005 (0402 Metric)","01005","-","0.016"" L x 0.008"" W (0.40mm x 0.20mm)","0.006"" (0.15mm)","2","-"
"https://b2b-api.panasonic.eu/file_stream/pids/fileversion/1242","//media.digikey.com/photos/Panasonic%20Photos/10-01005.jpg","P1.0MAWTR-ND,P1.0MAWCT-ND,P1.0MAWDKR-ND","ERJ-XGNJ105Y","Panasonic Electronic Components","Panasonic Electronic Components","RES SMD 1M OHM 5% 1/32W 01005","81,219","0.2","0","1","Tape & Reel (TR),Cut Tape (CT),Digi-Reel®","ERJ-XGN","Active","1 MOhms","±5%","0.03W, 1/32W","Thick Film","-","±200ppm/°C","-55°C ~ 125°C","01005 (0402 Metric)","01005","-","0.016"" L x 0.008"" W (0.40mm x 0.20mm)","0.006"" (0.15mm)","2","-"
