Datasheet,Image,DK Part #,Mfr Part #,Mfr,Supplier,Description,Stock,Price,@ qty,Min Qty, Package,Series,"Part Status","Resistance","Tolerance","Power (Watts)","Composition","Features","Temperature Coefficient","Operating Temperature","Package / Case","Ratings","Supplier Device Package","Size / Dimension","Height - Seated (Max)","Number of Terminations","Failure Rate"
"https://b2b-api.panasonic.eu/file_stream/pids/fileversion/1242","//media.digikey.com/Renders/Panasonic%20Renders/ERJ-2512%20Pkg.jpg","PT1.0XTR-ND,PT1.0XCT-ND,PT1.0XDKR-ND","ERJ-1TYJ1R0U","Panasonic Electronic Components","Panasonic Electronic Components","RES SMD 1 OHM 5% 1W 2512","34,761","0.72","0","1","Tape & Reel (TR),Cut Tape (CT),Digi-Reel®","ERJ-1T","Active","1 Ohms","±5%","1W","Thick Film","Automotive AEC-Q200","-100/ +600ppm/°C","-55°C ~ 155°C","2512 (6432 Metric)","AEC-Q200","2512","0.252"" L x 0.126"" W (6.40mm x 3.20mm)","0.028"" (0.70mm)","2","-"
"https://b2b-api.panasonic.eu/file_stream/pids/fileversion/1242","//media.digikey.com/Renders/Panasonic%20Renders/ERJ-2512%20Pkg.jpg","PT1.1XTR-ND,PT1.1XCT-ND,PT1.1XDKR-ND","ERJ-1TYJ1R1U","Panasonic Electronic Components","Panasonic Electronic Components","RES SMD 1.1 OHM 5% 1W 2512","2,075","0.72","0","1","Tape & Reel (TR),Cut Tape (CT),Digi-Reel®","ERJ-1T","Active","1.1 Ohms","±5%","1W","Thick Film","Automotive AEC-Q200","-100/ +600ppm/°C","-55°C ~ 155°C","2512 (6432 Metric)","AEC-Q200","2512","0.252"" L x 0.126"" W (6.40mm x 3.20mm)","0.028"" (0.70mm)","2","-"
"https://b2b-api.panasonic.eu/file_stream/pids/fileversion/1242","//media.digikey.com/Renders/Panasonic%20Renders/ERJ-2512%20Pkg.jpg","PT1.2XTR-ND,PT1.2XCT-ND,PT1.2XDKR-ND","ERJ-1TYJ1R2U","Panasonic Electronic Components","Panasonic Electronic Components","RES SMD 1.2 OHM 5% 1W 2512","1,363","0.72","0","1","Tape & Reel (TR),Cut Tape (CT),Digi-Reel®","ERJ-1T","Active","1.2 Ohms","±5%","1W","Thick Film","Automotive AEC-Q200","-100/ +600ppm/°C","-55°C ~ 155°C","2512 (6432 Metric)","AEC-Q200","2512","0.252"" L x 0.126"" W (6.40mm x 3.20mm)","0.028"" (0.70mm)","2","-"
"https://b2b-api.panasonic.eu/file_stream/pids/fileversion/1242","//media.digikey.com/Renders/Panasonic%20Renders/ERJ-2512%20Pkg.jpg","PT1.3XTR-ND,PT1.3XCT-ND,PT1.3XDKR-ND","ERJ-1TYJ1R3U","Panasonic Electronic Components","Panasonic Electronic Components","RES SMD 1.3 OHM 5% 1W 2512","0","0.72","0","1","Tape & Reel (TR),Cut Tape (CT),Digi-Reel®","ERJ-1T","Active","1.3 Ohms","±5%","1W","Thick Film","Automotive AEC-Q200","-100/ +600ppm/°C","-55°C ~ 155°C","2512 (6432 Metric)","AEC-Q200","2512","0.252"" L x 0.126"" W (6.40mm x 3.20mm)","0.028"" (0.70mm)","2","-"
"https://b2b-api.panasonic.eu/file_stream/pids/fileversion/1242","//media.digikey.com/Renders/Panasonic%20Renders/ERJ-2512%20Pkg.jpg","PT1.5XTR-ND,PT1.5XCT-ND,PT1.5XDKR-ND","ERJ-1TYJ1R5U","Panasonic Electronic Components","Panasonic Electronic Components","RES SMD 1.5 OHM 5% 1W 2512","38","0.72","0","1","Tape & Reel (TR),Cut Tape (CT),Digi-Reel®","ERJ-1T","Active","1.5 Ohms","±5%","1W","Thick Film","Automotive AEC-Q200","-100/ +600ppm/°C","-55°C ~ 155°C","2512 (6432 Metric)","AEC-Q200","2512","0.252"" L x 0.126"" W (6.40mm x 3.20mm)","0.028"" (0.70mm)","2","-"
"https://b2b-api.panasonic.eu/file_stream/pids/fileversion/1242","//media.digikey.com/Renders/Panasonic%20Renders/ERJ-2512%20Pkg.jpg","PT1.6XTR-ND,PT1.6XCT-ND,PT1.6XDKR-ND","ERJ-1TYJ1R6U","Panasonic Electronic Components","Panasonic Electronic Components","RES SMD 1.6 OHM 5% 1W 2512","26","0.72","0","1","Tape & Reel (TR),Cut Tape (CT),Digi-Reel®","ERJ-1T","Active","1.6 Ohms","±5%","1W","Thick Film","Automotive AEC-Q200","-100/ +600ppm/°C","-55°C ~ 155°C","2512 (6432 Metric)","AEC-Q200","2512","0.252"" L x 0.126"" W (6.40mm x 3.20mm)","0.028"" (0.70mm)","2","-"
"https://b2b-api.panasonic.eu/file_stream/pids/fileversion/1242","//media.digikey.com/Renders/Panasonic%20Renders/ERJ-2512%20Pkg.jpg","PT1.8XTR-ND,PT1.8XCT-ND,PT1.8XDKR-ND","ERJ-1TYJ1R8U","Panasonic Electronic Components","Panasonic Electronic Components","RES SMD 1.8 OHM 5% 1W 2512","0","0.72","0","1","Tape & Reel (TR),Cut Tape (CT),Digi-Reel®","ERJ-1T","Active","1.8 Ohms","±5%","1W","Thick Film","Automotive AEC-Q200","-100/ +600ppm/°C","-55°C ~ 155°C","2512 (6432 Metric)","AEC-Q200","2512","0.252"" L x 0.126"" W (6.40mm x 3.20mm)","0.028"" (0.70mm)","2","-"
"https://b2b-api.panasonic.eu/file_stream/pids/fileversion/1242","//media.digikey.com/Renders/Panasonic%20Renders/ERJ-2512%20Pkg.jpg","PT2.0XTR-ND,PT2.0XCT-ND,PT2.0XDKR-ND","ERJ-1TYJ2R0U","Panasonic Electronic Components","Panasonic Electronic Components","RES SMD 2 OHM 5% 1W 2512","725","0.72","0","1","Tape & Reel (TR),Cut Tape (CT),Digi-Reel®","ERJ-1T","Active","2 Ohms","±5%","1W","Thick Film","Automotive AEC-Q200","-100/ +600ppm/°C","-55°C ~ 155°C","2512 (6432 Metric)","AEC-Q200","2512","0.252"" L x 0.126"" W (6.40mm x 3.20mm)","0.028"" (0.70mm)","2","-"
"https://b2b-api.panasonic.eu/file_stream/pids/fileversion/1242","//media.digikey.com/Renders/Panasonic%20Renders/ERJ-2512%20Pkg.jpg","PT2.2XTR-ND,PT2.2XCT-ND,PT2.2XDKR-ND","ERJ-1TYJ2R2U","Panasonic Electronic Components","Panasonic Electronic Components","RES SMD 2.2 OHM 5% 1W 2512","0","0.72","0","1","Tape & Reel (TR),Cut Tape (CT),Digi-Reel®","ERJ-1T","Active","2.2 Ohms","±5%","1W","Thick Film","Automotive AEC-Q200","-100/ +600ppm/°C","-55°C ~ 155°C","2512 (6432 Metric)","AEC-Q200","2512","0.252"" L x 0.126"" W (6.40mm x 3.20mm)","0.028"" (0.70mm)","2","-"
"//media.digikey.com/pdf/Data%20Sheets/Panasonic%20Resistors%20Thermistors%20PDFs/ERJ-xG,14,12(Z),1T_Rev_Apr_2015.pdf","//media.digikey.com/Renders/Panasonic%20Renders/ERJ-2512%20Pkg.jpg","PT2.4XTR-ND,PT2.4XCT-ND,PT2.4XDKR-ND","ERJ-1TYJ2R4U","Panasonic Electronic Components","Panasonic Electronic Components","RES SMD 2.4 OHM 5% 1W 2512","7,258","0.72","0","1","Tape & Reel (TR),Cut Tape (CT),Digi-Reel®","ERJ-1T","Active","2.4 Ohms","±5%","1W","Thick Film","Automotive AEC-Q200","-100/ +600ppm/°C","-55°C ~ 155°C","2512 (6432 Metric)","AEC-Q200","2512","0.252"" L x 0.126"" W (6.40mm x 3.20mm)","0.028"" (0.70mm)","2","-"
"https://b2b-api.panasonic.eu/file_stream/pids/fileversion/1242","//media.digikey.com/Renders/Panasonic%20Renders/ERJ-2512%20Pkg.jpg","PT2.7XTR-ND,PT2.7XCT-ND,PT2.7XDKR-ND","ERJ-1TYJ2R7U","Panasonic Electronic Components","Panasonic Electronic Components","RES SMD 2.7 OHM 5% 1W 2512","12,488","0.72","0","1","Tape & Reel (TR),Cut Tape (CT),Digi-Reel®","ERJ-1T","Active","2.7 Ohms","±5%","1W","Thick Film","Automotive AEC-Q200","-100/ +600ppm/°C","-55°C ~ 155°C","2512 (6432 Metric)","AEC-Q200","2512","0.252"" L x 0.126"" W (6.40mm x 3.20mm)","0.028"" (0.70mm)","2","-"
"https://b2b-api.panasonic.eu/file_stream/pids/fileversion/1242","//media.digikey.com/Renders/Panasonic%20Renders/ERJ-2512%20Pkg.jpg","PT3.0XTR-ND,PT3.0XCT-ND,PT3.0XDKR-ND","ERJ-1TYJ3R0U","Panasonic Electronic Components","Panasonic Electronic Components","RES SMD 3 OHM 5% 1W 2512","2,119","0.72","0","1","Tape & Reel (TR),Cut Tape (CT),Digi-Reel®","ERJ-1T","Active","3 Ohms","±5%","1W","Thick Film","Automotive AEC-Q200","-100/ +600ppm/°C","-55°C ~ 155°C","2512 (6432 Metric)","AEC-Q200","2512","0.252"" L x 0.126"" W (6.40mm x 3.20mm)","0.028"" (0.70mm)","2","-"
"https://b2b-api.panasonic.eu/file_stream/pids/fileversion/1242","//media.digikey.com/Renders/Panasonic%20Renders/ERJ-2512%20Pkg.jpg","PT3.3XTR-ND,PT3.3XCT-ND,PT3.3XDKR-ND","ERJ-1TYJ3R3U","Panasonic Electronic Components","Panasonic Electronic Components","RES SMD 3.3 OHM 5% 1W 2512","10,214","0.72","0","1","Tape & Reel (TR),Cut Tape (CT),Digi-Reel®","ERJ-1T","Active","3.3 Ohms","±5%","1W","Thick Film","Automotive AEC-Q200","-100/ +600ppm/°C","-55°C ~ 155°C","2512 (6432 Metric)","AEC-Q200","2512","0.252"" L x 0.126"" W (6.40mm x 3.20mm)","0.028"" (0.70mm)","2","-"
"https://b2b-api.panasonic.eu/file_stream/pids/fileversion/1242","//media.digikey.com/Renders/Panasonic%20Renders/ERJ-2512%20Pkg.jpg","PT3.6XTR-ND,PT3.6XCT-ND,PT3.6XDKR-ND","ERJ-1TYJ3R6U","Panasonic Electronic Components","Panasonic Electronic Components","RES SMD 3.6 OHM 5% 1W 2512","729","0.72","0","1","Tape & Reel (TR),Cut Tape (CT),Digi-Reel®","ERJ-1T","Active","3.6 Ohms","±5%","1W","Thick Film","Automotive AEC-Q200","-100/ +600ppm/°C","-55°C ~ 155°C","2512 (6432 Metric)","AEC-Q200","2512","0.252"" L x 0.126"" W (6.40mm x 3.20mm)","0.028"" (0.70mm)","2","-"
"https://b2b-api.panasonic.eu/file_stream/pids/fileversion/1242","//media.digikey.com/Renders/Panasonic%20Renders/ERJ-2512%20Pkg.jpg","PT3.9XTR-ND,PT3.9XCT-ND,PT3.9XDKR-ND","ERJ-1TYJ3R9U","Panasonic Electronic Components","Panasonic Electronic Components","RES SMD 3.9 OHM 5% 1W 2512","988","0.72","0","1","Tape & Reel (TR),Cut Tape (CT),Digi-Reel®","ERJ-1T","Active","3.9 Ohms","±5%","1W","Thick Film","Automotive AEC-Q200","-100/ +600ppm/°C","-55°C ~ 155°C","2512 (6432 Metric)","AEC-Q200","2512","0.252"" L x 0.126"" W (6.40mm x 3.20mm)","0.028"" (0.70mm)","2","-"
"https://b2b-api.panasonic.eu/file_stream/pids/fileversion/1242","//media.digikey.com/Renders/Panasonic%20Renders/ERJ-2512%20Pkg.jpg","PT4.3XTR-ND,PT4.3XCT-ND,PT4.3XDKR-ND","ERJ-1TYJ4R3U","Panasonic Electronic Components","Panasonic Electronic Components","RES SMD 4.3 OHM 5% 1W 2512","11,500","0.72","0","1","Tape & Reel (TR),Cut Tape (CT),Digi-Reel®","ERJ-1T","Active","4.3 Ohms","±5%","1W","Thick Film","Automotive AEC-Q200","-100/ +600ppm/°C","-55°C ~ 155°C","2512 (6432 Metric)","AEC-Q200","2512","0.252"" L x 0.126"" W (6.40mm x 3.20mm)","0.028"" (0.70mm)","2","-"
"https://b2b-api.panasonic.eu/file_stream/pids/fileversion/1242","//media.digikey.com/Renders/Panasonic%20Renders/ERJ-2512%20Pkg.jpg","PT4.7XTR-ND,PT4.7XCT-ND,PT4.7XDKR-ND","ERJ-1TYJ4R7U","Panasonic Electronic Components","Panasonic Electronic Components","RES SMD 4.7 OHM 5% 1W 2512","12,071","0.72","0","1","Tape & Reel (TR),Cut Tape (CT),Digi-Reel®","ERJ-1T","Active","4.7 Ohms","±5%","1W","Thick Film","Automotive AEC-Q200","-100/ +600ppm/°C","-55°C ~ 155°C","2512 (6432 Metric)","AEC-Q200","2512","0.252"" L x 0.126"" W (6.40mm x 3.20mm)","0.028"" (0.70mm)","2","-"
"//media.digikey.com/pdf/Data%20Sheets/Panasonic%20Resistors%20Thermistors%20PDFs/ERJ-xG,14,12(Z),1T_Rev_Apr_2015.pdf","//media.digikey.com/Renders/Panasonic%20Renders/ERJ-2512%20Pkg.jpg","PT5.1XTR-ND,PT5.1XCT-ND,PT5.1XDKR-ND","ERJ-1TYJ5R1U","Panasonic Electronic Components","Panasonic Electronic Components","RES SMD 5.1 OHM 5% 1W 2512","0","0.72","0","1","Tape & Reel (TR),Cut Tape (CT),Digi-Reel®","ERJ-1T","Active","5.1 Ohms","±5%","1W","Thick Film","Automotive AEC-Q200","-100/ +600ppm/°C","-55°C ~ 155°C","2512 (6432 Metric)","AEC-Q200","2512","0.252"" L x 0.126"" W (6.40mm x 3.20mm)","0.028"" (0.70mm)","2","-"
"https://b2b-api.panasonic.eu/file_stream/pids/fileversion/1242","//media.digikey.com/Renders/Panasonic%20Renders/ERJ-2512%20Pkg.jpg","PT5.6XTR-ND,PT5.6XCT-ND,PT5.6XDKR-ND","ERJ-1TYJ5R6U","Panasonic Electronic Components","Panasonic Electronic Components","RES SMD 5.6 OHM 5% 1W 2512","9,912","0.72","0","1","Tape & Reel (TR),Cut Tape (CT),Digi-Reel®","ERJ-1T","Active","5.6 Ohms","±5%","1W","Thick Film","Automotive AEC-Q200","-100/ +600ppm/°C","-55°C ~ 155°C","2512 (6432 Metric)","AEC-Q200","2512","0.252"" L x 0.126"" W (6.40mm x 3.20mm)","0.028"" (0.70mm)","2","-"
"https://b2b-api.panasonic.eu/file_stream/pids/fileversion/1242","//media.digikey.com/Renders/Panasonic%20Renders/ERJ-2512%20Pkg.jpg","PT6.2XTR-ND,PT6.2XCT-ND,PT6.2XDKR-ND","ERJ-1TYJ6R2U","Panasonic Electronic Components","Panasonic Electronic Components","RES SMD 6.2 OHM 5% 1W 2512","21,837","0.72","0","1","Tape & Reel (TR),Cut Tape (CT),Digi-Reel®","ERJ-1T","Active","6.2 Ohms","±5%","1W","Thick Film","Automotive AEC-Q200","-100/ +600ppm/°C","-55°C ~ 155°C","2512 (6432 Metric)","AEC-Q200","2512","0.252"" L x 0.126"" W (6.40mm x 3.20mm)","0.028"" (0.70mm)","2","-"
"https://b2b-api.panasonic.eu/file_stream/pids/fileversion/1242","//media.digikey.com/Renders/Panasonic%20Renders/ERJ-2512%20Pkg.jpg","PT6.8XTR-ND,PT6.8XCT-ND,PT6.8XDKR-ND","ERJ-1TYJ6R8U","Panasonic Electronic Components","Panasonic Electronic Components","RES SMD 6.8 OHM 5% 1W 2512","0","0.72","0","1","Tape & Reel (TR),Cut Tape (CT),Digi-Reel®","ERJ-1T","Active","6.8 Ohms","±5%","1W","Thick Film","Automotive AEC-Q200","-100/ +600ppm/°C","-55°C ~ 155°C","2512 (6432 Metric)","AEC-Q200","2512","0.252"" L x 0.126"" W (6.40mm x 3.20mm)","0.028"" (0.70mm)","2","-"
"https://b2b-api.panasonic.eu/file_stream/pids/fileversion/1242","//media.digikey.com/Renders/Panasonic%20Renders/ERJ-2512%20Pkg.jpg","PT7.5XTR-ND,PT7.5XCT-ND,PT7.5XDKR-ND","ERJ-1TYJ7R5U","Panasonic Electronic Components","Panasonic Electronic Components","RES SMD 7.5 OHM 5% 1W 2512","386","0.72","0","1","Tape & Reel (TR),Cut Tape (CT),Digi-Reel®","ERJ-1T","Active","7.5 Ohms","±5%","1W","Thick Film","Automotive AEC-Q200","-100/ +600ppm/°C","-55°C ~ 155°C","2512 (6432 Metric)","AEC-Q200","2512","0.252"" L x 0.126"" W (6.40mm x 3.20mm)","0.028"" (0.70mm)","2","-"
"https://b2b-api.panasonic.eu/file_stream/pids/fileversion/1242","//media.digikey.com/Renders/Panasonic%20Renders/ERJ-2512%20Pkg.jpg","PT8.2XTR-ND,PT8.2XCT-ND,PT8.2XDKR-ND","ERJ-1TYJ8R2U","Panasonic Electronic Components","Panasonic Electronic Components","RES SMD 8.2 OHM 5% 1W 2512","1,198","0.72","0","1","Tape & Reel (TR),Cut Tape (CT),Digi-Reel®","ERJ-1T","Active","8.2 Ohms","±5%","1W","Thick Film","Automotive AEC-Q200","-100/ +600ppm/°C","-55°C ~ 155°C","2512 (6432 Metric)","AEC-Q200","2512","0.252"" L x 0.126"" W (6.40mm x 3.20mm)","0.028"" (0.70mm)","2","-"
"//media.digikey.com/pdf/Data%20Sheets/Panasonic%20Resistors%20Thermistors%20PDFs/ERJ-xG,14,12(Z),1T_Rev_Apr_2015.pdf","//media.digikey.com/Renders/Panasonic%20Renders/ERJ-2512%20Pkg.jpg","PT9.1XTR-ND,PT9.1XCT-ND,PT9.1XDKR-ND","ERJ-1TYJ9R1U","Panasonic Electronic Components","Panasonic Electronic Components","RES SMD 9.1 OHM 5% 1W 2512","0","0.72","0","1","Tape & Reel (TR),Cut Tape (CT),Digi-Reel®","ERJ-1T","Active","9.1 Ohms","±5%","1W","Thick Film","Automotive AEC-Q200","-100/ +600ppm/°C","-55°C ~ 155°C","2512 (6432 Metric)","AEC-Q200","2512","0.252"" L x 0.126"" W (6.40mm x 3.20mm)","0.028"" (0.70mm)","2","-"
"//media.digikey.com/pdf/Data%20Sheets/Panasonic%20Resistors%20Thermistors%20PDFs/ERJ-xG,14,12(Z),1T_Rev_Apr_2015.pdf","//media.digikey.com/Renders/Panasonic%20Renders/ERJ-2512%20Pkg.jpg","PT10XTR-ND,PT10XCT-ND,PT10XDKR-ND","ERJ-1TYJ100U","Panasonic Electronic Components","Panasonic Electronic Components","RES SMD 10 OHM 5% 1W 2512","73,196","0.72","0","1","Tape & Reel (TR),Cut Tape (CT),Digi-Reel®","ERJ-1T","Active","10 Ohms","±5%","1W","Thick Film","Automotive AEC-Q200","±200ppm/°C","-55°C ~ 155°C","2512 (6432 Metric)","AEC-Q200","2512","0.252"" L x 0.126"" W (6.40mm x 3.20mm)","0.028"" (0.70mm)","2","-"
"https://b2b-api.panasonic.eu/file_stream/pids/fileversion/1242","//media.digikey.com/Renders/Panasonic%20Renders/ERJ-2512%20Pkg.jpg","PT11XTR-ND,PT11XCT-ND,PT11XDKR-ND","ERJ-1TYJ110U","Panasonic Electronic Components","Panasonic Electronic Components","RES SMD 11 OHM 5% 1W 2512","0","0.72","0","1","Tape & Reel (TR),Cut Tape (CT),Digi-Reel®","ERJ-1T","Active","11 Ohms","±5%","1W","Thick Film","Automotive AEC-Q200","±200ppm/°C","-55°C ~ 155°C","2512 (6432 Metric)","AEC-Q200","2512","0.252"" L x 0.126"" W (6.40mm x 3.20mm)","0.028"" (0.70mm)","2","-"
"https://b2b-api.panasonic.eu/file_stream/pids/fileversion/1242","//media.digikey.com/Renders/Panasonic%20Renders/ERJ-2512%20Pkg.jpg","PT12XTR-ND,PT12XCT-ND,PT12XDKR-ND","ERJ-1TYJ120U","Panasonic Electronic Components","Panasonic Electronic Components","RES SMD 12 OHM 5% 1W 2512","4,009","0.72","0","1","Tape & Reel (TR),Cut Tape (CT),Digi-Reel®","ERJ-1T","Active","12 Ohms","±5%","1W","Thick Film","Automotive AEC-Q200","±200ppm/°C","-55°C ~ 155°C","2512 (6432 Metric)","AEC-Q200","2512","0.252"" L x 0.126"" W (6.40mm x 3.20mm)","0.028"" (0.70mm)","2","-"
"https://b2b-api.panasonic.eu/file_stream/pids/fileversion/1242","//media.digikey.com/Renders/Panasonic%20Renders/ERJ-2512%20Pkg.jpg","PT13XTR-ND,PT13XCT-ND,PT13XDKR-ND","ERJ-1TYJ130U","Panasonic Electronic Components","Panasonic Electronic Components","RES SMD 13 OHM 5% 1W 2512","0","0.72","0","1","Tape & Reel (TR),Cut Tape (CT),Digi-Reel®","ERJ-1T","Active","13 Ohms","±5%","1W","Thick Film","Automotive AEC-Q200","±200ppm/°C","-55°C ~ 155°C","2512 (6432 Metric)","AEC-Q200","2512","0.252"" L x 0.126"" W (6.40mm x 3.20mm)","0.028"" (0.70mm)","2","-"
"https://b2b-api.panasonic.eu/file_stream/pids/fileversion/1242","//media.digikey.com/Renders/Panasonic%20Renders/ERJ-2512%20Pkg.jpg","PT15XTR-ND,PT15XCT-ND,PT15XDKR-ND","ERJ-1TYJ150U","Panasonic Electronic Components","Panasonic Electronic Components","RES SMD 15 OHM 5% 1W 2512","0","0.72","0","1","Tape & Reel (TR),Cut Tape (CT),Digi-Reel®","ERJ-1T","Active","15 Ohms","±5%","1W","Thick Film","Automotive AEC-Q200","±200ppm/°C","-55°C ~ 155°C","2512 (6432 Metric)","AEC-Q200","2512","0.252"" L x 0.126"" W (6.40mm x 3.20mm)","0.028"" (0.70mm)","2","-"
"https://b2b-api.panasonic.eu/file_stream/pids/fileversion/1242","//media.digikey.com/Renders/Panasonic%20Renders/ERJ-2512%20Pkg.jpg","PT16XTR-ND,PT16XCT-ND,PT16XDKR-ND","ERJ-1TYJ160U","Panasonic Electronic Components","Panasonic Electronic Components","RES SMD 16 OHM 5% 1W 2512","0","0.72","0","1","Tape & Reel (TR),Cut Tape (CT),Digi-Reel®","ERJ-1T","Active","16 Ohms","±5%","1W","Thick Film","Automotive AEC-Q200","±200ppm/°C","-55°C ~ 155°C","2512 (6432 Metric)","AEC-Q200","2512","0.252"" L x 0.126"" W (6.40mm x 3.20mm)","0.028"" (0.70mm)","2","-"
"https://b2b-api.panasonic.eu/file_stream/pids/fileversion/1242","//media.digikey.com/Renders/Panasonic%20Renders/ERJ-2512%20Pkg.jpg","PT18XTR-ND,PT18XCT-ND,PT18XDKR-ND","ERJ-1TYJ180U","Panasonic Electronic Components","Panasonic Electronic Components","RES SMD 18 OHM 5% 1W 2512","3,420","0.72","0","1","Tape & Reel (TR),Cut Tape (CT),Digi-Reel®","ERJ-1T","Active","18 Ohms","±5%","1W","Thick Film","Automotive AEC-Q200","±200ppm/°C","-55°C ~ 155°C","2512 (6432 Metric)","AEC-Q200","2512","0.252"" L x 0.126"" W (6.40mm x 3.20mm)","0.028"" (0.70mm)","2","-"
"https://b2b-api.panasonic.eu/file_stream/pids/fileversion/1242","//media.digikey.com/Renders/Panasonic%20Renders/ERJ-2512%20Pkg.jpg","PT20XTR-ND,PT20XCT-ND,PT20XDKR-ND","ERJ-1TYJ200U","Panasonic Electronic Components","Panasonic Electronic Components","RES SMD 20 OHM 5% 1W 2512","11,540","0.72","0","1","Tape & Reel (TR),Cut Tape (CT),Digi-Reel®","ERJ-1T","Active","20 Ohms","±5%","1W","Thick Film","Automotive AEC-Q200","±200ppm/°C","-55°C ~ 155°C","2512 (6432 Metric)","AEC-Q200","2512","0.252"" L x 0.126"" W (6.40mm x 3.20mm)","0.028"" (0.70mm)","2","-"
"//media.digikey.com/pdf/Data%20Sheets/Panasonic%20Resistors%20Thermistors%20PDFs/ERJ-xG,14,12(Z),1T_Rev_Apr_2015.pdf","//media.digikey.com/Renders/Panasonic%20Renders/ERJ-2512%20Pkg.jpg","PT22XTR-ND,PT22XCT-ND,PT22XDKR-ND","ERJ-1TYJ220U","Panasonic Electronic Components","Panasonic Electronic Components","RES SMD 22 OHM 5% 1W 2512","0","0.72","0","1","Tape & Reel (TR),Cut Tape (CT),Digi-Reel®","ERJ-1T","Active","22 Ohms","±5%","1W","Thick Film","Automotive AEC-Q200","±200ppm/°C","-55°C ~ 155°C","2512 (6432 Metric)","AEC-Q200","2512","0.252"" L x 0.126"" W (6.40mm x 3.20mm)","0.028"" (0.70mm)","2","-"
"https://b2b-api.panasonic.eu/file_stream/pids/fileversion/1242","//media.digikey.com/Renders/Panasonic%20Renders/ERJ-2512%20Pkg.jpg","PT24XTR-ND,PT24XCT-ND,PT24XDKR-ND","ERJ-1TYJ240U","Panasonic Electronic Components","Panasonic Electronic Components","RES SMD 24 OHM 5% 1W 2512","0","0.72","0","1","Tape & Reel (TR),Cut Tape (CT),Digi-Reel®","ERJ-1T","Active","24 Ohms","±5%","1W","Thick Film","Automotive AEC-Q200","±200ppm/°C","-55°C ~ 155°C","2512 (6432 Metric)","AEC-Q200","2512","0.252"" L x 0.126"" W (6.40mm x 3.20mm)","0.028"" (0.70mm)","2","-"
"https://b2b-api.panasonic.eu/file_stream/pids/fileversion/1242","//media.digikey.com/Renders/Panasonic%20Renders/ERJ-2512%20Pkg.jpg","PT27XTR-ND,PT27XCT-ND,PT27XDKR-ND","ERJ-1TYJ270U","Panasonic Electronic Components","Panasonic Electronic Components","RES SMD 27 OHM 5% 1W 2512","708","0.72","0","1","Tape & Reel (TR),Cut Tape (CT),Digi-Reel®","ERJ-1T","Active","27 Ohms","±5%","1W","Thick Film","Automotive AEC-Q200","±200ppm/°C","-55°C ~ 155°C","2512 (6432 Metric)","AEC-Q200","2512","0.252"" L x 0.126"" W (6.40mm x 3.20mm)","0.028"" (0.70mm)","2","-"
"https://b2b-api.panasonic.eu/file_stream/pids/fileversion/1242","//media.digikey.com/Renders/Panasonic%20Renders/ERJ-2512%20Pkg.jpg","PT30XTR-ND,PT30XCT-ND,PT30XDKR-ND","ERJ-1TYJ300U","Panasonic Electronic Components","Panasonic Electronic Components","RES SMD 30 OHM 5% 1W 2512","40","0.72","0","1","Tape & Reel (TR),Cut Tape (CT),Digi-Reel®","ERJ-1T","Active","30 Ohms","±5%","1W","Thick Film","Automotive AEC-Q200","±200ppm/°C","-55°C ~ 155°C","2512 (6432 Metric)","AEC-Q200","2512","0.252"" L x 0.126"" W (6.40mm x 3.20mm)","0.028"" (0.70mm)","2","-"
"https://b2b-api.panasonic.eu/file_stream/pids/fileversion/1242","//media.digikey.com/Renders/Panasonic%20Renders/ERJ-2512%20Pkg.jpg","PT33XTR-ND,PT33XCT-ND,PT33XDKR-ND","ERJ-1TYJ330U","Panasonic Electronic Components","Panasonic Electronic Components","RES SMD 33 OHM 5% 1W 2512","19,965","0.72","0","1","Tape & Reel (TR),Cut Tape (CT),Digi-Reel®","ERJ-1T","Active","33 Ohms","±5%","1W","Thick Film","Automotive AEC-Q200","±200ppm/°C","-55°C ~ 155°C","2512 (6432 Metric)","AEC-Q200","2512","0.252"" L x 0.126"" W (6.40mm x 3.20mm)","0.028"" (0.70mm)","2","-"
"https://b2b-api.panasonic.eu/file_stream/pids/fileversion/1242","//media.digikey.com/Renders/Panasonic%20Renders/ERJ-2512%20Pkg.jpg","PT36XTR-ND,PT36XCT-ND,PT36XDKR-ND","ERJ-1TYJ360U","Panasonic Electronic Components","Panasonic Electronic Components","RES SMD 36 OHM 5% 1W 2512","8,898","0.72","0","1","Tape & Reel (TR),Cut Tape (CT),Digi-Reel®","ERJ-1T","Active","36 Ohms","±5%","1W","Thick Film","Automotive AEC-Q200","±200ppm/°C","-55°C ~ 155°C","2512 (6432 Metric)","AEC-Q200","2512","0.252"" L x 0.126"" W (6.40mm x 3.20mm)","0.028"" (0.70mm)","2","-"
"https://b2b-api.panasonic.eu/file_stream/pids/fileversion/1242","//media.digikey.com/Renders/Panasonic%20Renders/ERJ-2512%20Pkg.jpg","PT39XTR-ND,PT39XCT-ND,PT39XDKR-ND","ERJ-1TYJ390U","Panasonic Electronic Components","Panasonic Electronic Components","RES SMD 39 OHM 5% 1W 2512","112","0.72","0","1","Tape & Reel (TR),Cut Tape (CT),Digi-Reel®","ERJ-1T","Active","39 Ohms","±5%","1W","Thick Film","Automotive AEC-Q200","±200ppm/°C","-55°C ~ 155°C","2512 (6432 Metric)","AEC-Q200","2512","0.252"" L x 0.126"" W (6.40mm x 3.20mm)","0.028"" (0.70mm)","2","-"
"https://b2b-api.panasonic.eu/file_stream/pids/fileversion/1242","//media.digikey.com/Renders/Panasonic%20Renders/ERJ-2512%20Pkg.jpg","PT43XTR-ND,PT43XCT-ND,PT43XDKR-ND","ERJ-1TYJ430U","Panasonic Electronic Components","Panasonic Electronic Components","RES SMD 43 OHM 5% 1W 2512","0","0.72","0","1","Tape & Reel (TR),Cut Tape (CT),Digi-Reel®","ERJ-1T","Active","43 Ohms","±5%","1W","Thick Film","Automotive AEC-Q200","±200ppm/°C","-55°C ~ 155°C","2512 (6432 Metric)","AEC-Q200","2512","0.252"" L x 0.126"" W (6.40mm x 3.20mm)","0.028"" (0.70mm)","2","-"
"//media.digikey.com/pdf/Data%20Sheets/Panasonic%20Resistors%20Thermistors%20PDFs/ERJ-xG,14,12(Z),1T_Rev_Apr_2015.pdf","//media.digikey.com/Renders/Panasonic%20Renders/ERJ-2512%20Pkg.jpg","PT47XTR-ND,PT47XCT-ND,PT47XDKR-ND","ERJ-1TYJ470U","Panasonic Electronic Components","Panasonic Electronic Components","RES SMD 47 OHM 5% 1W 2512","1,771","0.72","0","1","Tape & Reel (TR),Cut Tape (CT),Digi-Reel®","ERJ-1T","Active","47 Ohms","±5%","1W","Thick Film","Automotive AEC-Q200","±200ppm/°C","-55°C ~ 155°C","2512 (6432 Metric)","AEC-Q200","2512","0.252"" L x 0.126"" W (6.40mm x 3.20mm)","0.028"" (0.70mm)","2","-"
"//media.digikey.com/pdf/Data%20Sheets/Panasonic%20Resistors%20Thermistors%20PDFs/ERJ-xG,14,12(Z),1T_Rev_Apr_2015.pdf","//media.digikey.com/Renders/Panasonic%20Renders/ERJ-2512%20Pkg.jpg","PT51XTR-ND,PT51XCT-ND,PT51XDKR-ND","ERJ-1TYJ510U","Panasonic Electronic Components","Panasonic Electronic Components","RES SMD 51 OHM 5% 1W 2512","10,107","0.72","0","1","Tape & Reel (TR),Cut Tape (CT),Digi-Reel®","ERJ-1T","Active","51 Ohms","±5%","1W","Thick Film","Automotive AEC-Q200","±200ppm/°C","-55°C ~ 155°C","2512 (6432 Metric)","AEC-Q200","2512","0.252"" L x 0.126"" W (6.40mm x 3.20mm)","0.028"" (0.70mm)","2","-"
"//media.digikey.com/pdf/Data%20Sheets/Panasonic%20Resistors%20Thermistors%20PDFs/ERJ-xG,14,12(Z),1T_Rev_Apr_2015.pdf","//media.digikey.com/Renders/Panasonic%20Renders/ERJ-2512%20Pkg.jpg","PT56XTR-ND,PT56XCT-ND,PT56XDKR-ND","ERJ-1TYJ560U","Panasonic Electronic Components","Panasonic Electronic Components","RES SMD 56 OHM 5% 1W 2512","2,165","0.72","0","1","Tape & Reel (TR),Cut Tape (CT),Digi-Reel®","ERJ-1T","Active","56 Ohms","±5%","1W","Thick Film","Automotive AEC-Q200","±200ppm/°C","-55°C ~ 155°C","2512 (6432 Metric)","AEC-Q200","2512","0.252"" L x 0.126"" W (6.40mm x 3.20mm)","0.028"" (0.70mm)","2","-"
"https://b2b-api.panasonic.eu/file_stream/pids/fileversion/1242","//media.digikey.com/Renders/Panasonic%20Renders/ERJ-2512%20Pkg.jpg","PT62XTR-ND,PT62XCT-ND,PT62XDKR-ND","ERJ-1TYJ620U","Panasonic Electronic Components","Panasonic Electronic Components","RES SMD 62 OHM 5% 1W 2512","116,936","0.72","0","1","Tape & Reel (TR),Cut Tape (CT),Digi-Reel®","ERJ-1T","Active","62 Ohms","±5%","1W","Thick Film","Automotive AEC-Q200","±200ppm/°C","-55°C ~ 155°C","2512 (6432 Metric)","AEC-Q200","2512","0.252"" L x 0.126"" W (6.40mm x 3.20mm)","0.028"" (0.70mm)","2","-"
"//media.digikey.com/pdf/Data%20Sheets/Panasonic%20Resistors%20Thermistors%20PDFs/ERJ-xG,14,12(Z),1T_Rev_Apr_2015.pdf","//media.digikey.com/Renders/Panasonic%20Renders/ERJ-2512%20Pkg.jpg","PT68XTR-ND,PT68XCT-ND,PT68XDKR-ND","ERJ-1TYJ680U","Panasonic Electronic Components","Panasonic Electronic Components","RES SMD 68 OHM 5% 1W 2512","0","0.72","0","1","Tape & Reel (TR),Cut Tape (CT),Digi-Reel®","ERJ-1T","Active","68 Ohms","±5%","1W","Thick Film","Automotive AEC-Q200","±200ppm/°C","-55°C ~ 155°C","2512 (6432 Metric)","AEC-Q200","2512","0.252"" L x 0.126"" W (6.40mm x 3.20mm)","0.028"" (0.70mm)","2","-"
"https://b2b-api.panasonic.eu/file_stream/pids/fileversion/1242","//media.digikey.com/Renders/Panasonic%20Renders/ERJ-2512%20Pkg.jpg","PT75XTR-ND,PT75XCT-ND,PT75XDKR-ND","ERJ-1TYJ750U","Panasonic Electronic Components","Panasonic Electronic Components","RES SMD 75 OHM 5% 1W 2512","11","0.72","0","1","Tape & Reel (TR),Cut Tape (CT),Digi-Reel®","ERJ-1T","Active","75 Ohms","±5%","1W","Thick Film","Automotive AEC-Q200","±200ppm/°C","-55°C ~ 155°C","2512 (6432 Metric)","AEC-Q200","2512","0.252"" L x 0.126"" W (6.40mm x 3.20mm)","0.028"" (0.70mm)","2","-"
"https://b2b-api.panasonic.eu/file_stream/pids/fileversion/1242","//media.digikey.com/Renders/Panasonic%20Renders/ERJ-2512%20Pkg.jpg","PT82XTR-ND,PT82XCT-ND,PT82XDKR-ND","ERJ-1TYJ820U","Panasonic Electronic Components","Panasonic Electronic Components","RES SMD 82 OHM 5% 1W 2512","3,737","0.72","0","1","Tape & Reel (TR),Cut Tape (CT),Digi-Reel®","ERJ-1T","Active","82 Ohms","±5%","1W","Thick Film","Automotive AEC-Q200","±200ppm/°C","-55°C ~ 155°C","2512 (6432 Metric)","AEC-Q200","2512","0.252"" L x 0.126"" W (6.40mm x 3.20mm)","0.028"" (0.70mm)","2","-"
"https://b2b-api.panasonic.eu/file_stream/pids/fileversion/1242","//media.digikey.com/Renders/Panasonic%20Renders/ERJ-2512%20Pkg.jpg","PT91XTR-ND,PT91XCT-ND,PT91XDKR-ND","ERJ-1TYJ910U","Panasonic Electronic Components","Panasonic Electronic Components","RES SMD 91 OHM 5% 1W 2512","3,326","0.72","0","1","Tape & Reel (TR),Cut Tape (CT),Digi-Reel®","ERJ-1T","Active","91 Ohms","±5%","1W","Thick Film","Automotive AEC-Q200","±200ppm/°C","-55°C ~ 155°C","2512 (6432 Metric)","AEC-Q200","2512","0.252"" L x 0.126"" W (6.40mm x 3.20mm)","0.028"" (0.70mm)","2","-"
"//media.digikey.com/pdf/Data%20Sheets/Panasonic%20Resistors%20Thermistors%20PDFs/ERJ-xG,14,12(Z),1T_Rev_Apr_2015.pdf","//media.digikey.com/Renders/Panasonic%20Renders/ERJ-2512%20Pkg.jpg","PT100XTR-ND,PT100XCT-ND,PT100XDKR-ND","ERJ-1TYJ101U","Panasonic Electronic Components","Panasonic Electronic Components","RES SMD 100 OHM 5% 1W 2512","0","0.72","0","1","Tape & Reel (TR),Cut Tape (CT),Digi-Reel®","ERJ-1T","Active","100 Ohms","±5%","1W","Thick Film","Automotive AEC-Q200","±200ppm/°C","-55°C ~ 155°C","2512 (6432 Metric)","AEC-Q200","2512","0.252"" L x 0.126"" W (6.40mm x 3.20mm)","0.028"" (0.70mm)","2","-"
"https://b2b-api.panasonic.eu/file_stream/pids/fileversion/1242","//media.digikey.com/Renders/Panasonic%20Renders/ERJ-2512%20Pkg.jpg","PT110XTR-ND,PT110XCT-ND,PT110XDKR-ND","ERJ-1TYJ111U","Panasonic Electronic Components","Panasonic Electronic Components","RES SMD 110 OHM 5% 1W 2512","0","0.72","0","1","Tape & Reel (TR),Cut Tape (CT),Digi-Reel®","ERJ-1T","Active","110 Ohms","±5%","1W","Thick Film","Automotive AEC-Q200","±200ppm/°C","-55°C ~ 155°C","2512 (6432 Metric)","AEC-Q200","2512","0.252"" L x 0.126"" W (6.40mm x 3.20mm)","0.028"" (0.70mm)","2","-"
"https://b2b-api.panasonic.eu/file_stream/pids/fileversion/1242","//media.digikey.com/Renders/Panasonic%20Renders/ERJ-2512%20Pkg.jpg","PT120XTR-ND,PT120XCT-ND,PT120XDKR-ND","ERJ-1TYJ121U","Panasonic Electronic Components","Panasonic Electronic Components","RES SMD 120 OHM 5% 1W 2512","0","0.72","0","1","Tape & Reel (TR),Cut Tape (CT),Digi-Reel®","ERJ-1T","Active","120 Ohms","±5%","1W","Thick Film","Automotive AEC-Q200","±200ppm/°C","-55°C ~ 155°C","2512 (6432 Metric)","AEC-Q200","2512","0.252"" L x 0.126"" W (6.40mm x 3.20mm)","0.028"" (0.70mm)","2","-"
"//media.digikey.com/pdf/Data%20Sheets/Panasonic%20Resistors%20Thermistors%20PDFs/ERJ-xG,14,12(Z),1T_Rev_Apr_2015.pdf","//media.digikey.com/Renders/Panasonic%20Renders/ERJ-2512%20Pkg.jpg","PT130XTR-ND,PT130XCT-ND,PT130XDKR-ND","ERJ-1TYJ131U","Panasonic Electronic Components","Panasonic Electronic Components","RES SMD 130 OHM 5% 1W 2512","2","0.72","0","1","Tape & Reel (TR),Cut Tape (CT),Digi-Reel®","ERJ-1T","Active","130 Ohms","±5%","1W","Thick Film","Automotive AEC-Q200","±200ppm/°C","-55°C ~ 155°C","2512 (6432 Metric)","AEC-Q200","2512","0.252"" L x 0.126"" W (6.40mm x 3.20mm)","0.028"" (0.70mm)","2","-"
"https://b2b-api.panasonic.eu/file_stream/pids/fileversion/1242","//media.digikey.com/Renders/Panasonic%20Renders/ERJ-2512%20Pkg.jpg","PT150XTR-ND,PT150XCT-ND,PT150XDKR-ND","ERJ-1TYJ151U","Panasonic Electronic Components","Panasonic Electronic Components","RES SMD 150 OHM 5% 1W 2512","24,153","0.72","0","1","Tape & Reel (TR),Cut Tape (CT),Digi-Reel®","ERJ-1T","Active","150 Ohms","±5%","1W","Thick Film","Automotive AEC-Q200","±200ppm/°C","-55°C ~ 155°C","2512 (6432 Metric)","AEC-Q200","2512","0.252"" L x 0.126"" W (6.40mm x 3.20mm)","0.028"" (0.70mm)","2","-"
"https://b2b-api.panasonic.eu/file_stream/pids/fileversion/1242","//media.digikey.com/Renders/Panasonic%20Renders/ERJ-2512%20Pkg.jpg","PT160XTR-ND,PT160XCT-ND,PT160XDKR-ND","ERJ-1TYJ161U","Panasonic Electronic Components","Panasonic Electronic Components","RES SMD 160 OHM 5% 1W 2512","7,930","0.72","0","1","Tape & Reel (TR),Cut Tape (CT),Digi-Reel®","ERJ-1T","Active","160 Ohms","±5%","1W","Thick Film","Automotive AEC-Q200","±200ppm/°C","-55°C ~ 155°C","2512 (6432 Metric)","AEC-Q200","2512","0.252"" L x 0.126"" W (6.40mm x 3.20mm)","0.028"" (0.70mm)","2","-"
"https://b2b-api.panasonic.eu/file_stream/pids/fileversion/1242","//media.digikey.com/Renders/Panasonic%20Renders/ERJ-2512%20Pkg.jpg","PT180XTR-ND,PT180XCT-ND,PT180XDKR-ND","ERJ-1TYJ181U","Panasonic Electronic Components","Panasonic Electronic Components","RES SMD 180 OHM 5% 1W 2512","2,737","0.72","0","1","Tape & Reel (TR),Cut Tape (CT),Digi-Reel®","ERJ-1T","Active","180 Ohms","±5%","1W","Thick Film","Automotive AEC-Q200","±200ppm/°C","-55°C ~ 155°C","2512 (6432 Metric)","AEC-Q200","2512","0.252"" L x 0.126"" W (6.40mm x 3.20mm)","0.028"" (0.70mm)","2","-"
"https://b2b-api.panasonic.eu/file_stream/pids/fileversion/1242","//media.digikey.com/Renders/Panasonic%20Renders/ERJ-2512%20Pkg.jpg","PT200XTR-ND,PT200XCT-ND,PT200XDKR-ND","ERJ-1TYJ201U","Panasonic Electronic Components","Panasonic Electronic Components","RES SMD 200 OHM 5% 1W 2512","8,831","0.72","0","1","Tape & Reel (TR),Cut Tape (CT),Digi-Reel®","ERJ-1T","Active","200 Ohms","±5%","1W","Thick Film","Automotive AEC-Q200","±200ppm/°C","-55°C ~ 155°C","2512 (6432 Metric)","AEC-Q200","2512","0.252"" L x 0.126"" W (6.40mm x 3.20mm)","0.028"" (0.70mm)","2","-"
"https://b2b-api.panasonic.eu/file_stream/pids/fileversion/1242","//media.digikey.com/Renders/Panasonic%20Renders/ERJ-2512%20Pkg.jpg","PT220XTR-ND,PT220XCT-ND,PT220XDKR-ND","ERJ-1TYJ221U","Panasonic Electronic Components","Panasonic Electronic Components","RES SMD 220 OHM 5% 1W 2512","0","0.72","0","1","Tape & Reel (TR),Cut Tape (CT),Digi-Reel®","ERJ-1T","Active","220 Ohms","±5%","1W","Thick Film","Automotive AEC-Q200","±200ppm/°C","-55°C ~ 155°C","2512 (6432 Metric)","AEC-Q200","2512","0.252"" L x 0.126"" W (6.40mm x 3.20mm)","0.028"" (0.70mm)","2","-"
"https://b2b-api.panasonic.eu/file_stream/pids/fileversion/1242","//media.digikey.com/Renders/Panasonic%20Renders/ERJ-2512%20Pkg.jpg","PT240XTR-ND,PT240XCT-ND,PT240XDKR-ND","ERJ-1TYJ241U","Panasonic Electronic Components","Panasonic Electronic Components","RES SMD 240 OHM 5% 1W 2512","0","0.72","0","1","Tape & Reel (TR),Cut Tape (CT),Digi-Reel®","ERJ-1T","Active","240 Ohms","±5%","1W","Thick Film","Automotive AEC-Q200","±200ppm/°C","-55°C ~ 155°C","2512 (6432 Metric)","AEC-Q200","2512","0.252"" L x 0.126"" W (6.40mm x 3.20mm)","0.028"" (0.70mm)","2","-"
"https://b2b-api.panasonic.eu/file_stream/pids/fileversion/1242","//media.digikey.com/Renders/Panasonic%20Renders/ERJ-2512%20Pkg.jpg","PT270XTR-ND,PT270XCT-ND,PT270XDKR-ND","ERJ-1TYJ271U","Panasonic Electronic Components","Panasonic Electronic Components","RES SMD 270 OHM 5% 1W 2512","2,900","0.72","0","1","Tape & Reel (TR),Cut Tape (CT),Digi-Reel®","ERJ-1T","Active","270 Ohms","±5%","1W","Thick Film","Automotive AEC-Q200","±200ppm/°C","-55°C ~ 155°C","2512 (6432 Metric)","AEC-Q200","2512","0.252"" L x 0.126"" W (6.40mm x 3.20mm)","0.028"" (0.70mm)","2","-"
"https://b2b-api.panasonic.eu/file_stream/pids/fileversion/1242","//media.digikey.com/Renders/Panasonic%20Renders/ERJ-2512%20Pkg.jpg","PT300XTR-ND,PT300XCT-ND,PT300XDKR-ND","ERJ-1TYJ301U","Panasonic Electronic Components","Panasonic Electronic Components","RES SMD 300 OHM 5% 1W 2512","45,206","0.72","0","1","Tape & Reel (TR),Cut Tape (CT),Digi-Reel®","ERJ-1T","Active","300 Ohms","±5%","1W","Thick Film","Automotive AEC-Q200","±200ppm/°C","-55°C ~ 155°C","2512 (6432 Metric)","AEC-Q200","2512","0.252"" L x 0.126"" W (6.40mm x 3.20mm)","0.028"" (0.70mm)","2","-"
"https://b2b-api.panasonic.eu/file_stream/pids/fileversion/1242","//media.digikey.com/Renders/Panasonic%20Renders/ERJ-2512%20Pkg.jpg","PT330XTR-ND,PT330XCT-ND,PT330XDKR-ND","ERJ-1TYJ331U","Panasonic Electronic Components","Panasonic Electronic Components","RES SMD 330 OHM 5% 1W 2512","0","0.72","0","1","Tape & Reel (TR),Cut Tape (CT),Digi-Reel®","ERJ-1T","Active","330 Ohms","±5%","1W","Thick Film","Automotive AEC-Q200","±200ppm/°C","-55°C ~ 155°C","2512 (6432 Metric)","AEC-Q200","2512","0.252"" L x 0.126"" W (6.40mm x 3.20mm)","0.028"" (0.70mm)","2","-"
"https://b2b-api.panasonic.eu/file_stream/pids/fileversion/1242","//media.digikey.com/Renders/Panasonic%20Renders/ERJ-2512%20Pkg.jpg","PT360XTR-ND,PT360XCT-ND,PT360XDKR-ND","ERJ-1TYJ361U","Panasonic Electronic Components","Panasonic Electronic Components","RES SMD 360 OHM 5% 1W 2512","0","0.72","0","1","Tape & Reel (TR),Cut Tape (CT),Digi-Reel®","ERJ-1T","Active","360 Ohms","±5%","1W","Thick Film","Automotive AEC-Q200","±200ppm/°C","-55°C ~ 155°C","2512 (6432 Metric)","AEC-Q200","2512","0.252"" L x 0.126"" W (6.40mm x 3.20mm)","0.028"" (0.70mm)","2","-"
"https://b2b-api.panasonic.eu/file_stream/pids/fileversion/1242","//media.digikey.com/Renders/Panasonic%20Renders/ERJ-2512%20Pkg.jpg","PT390XTR-ND,PT390XCT-ND,PT390XDKR-ND","ERJ-1TYJ391U","Panasonic Electronic Components","Panasonic Electronic Components","RES SMD 390 OHM 5% 1W 2512","562","0.72","0","1","Tape & Reel (TR),Cut Tape (CT),Digi-Reel®","ERJ-1T","Active","390 Ohms","±5%","1W","Thick Film","Automotive AEC-Q200","±200ppm/°C","-55°C ~ 155°C","2512 (6432 Metric)","AEC-Q200","2512","0.252"" L x 0.126"" W (6.40mm x 3.20mm)","0.028"" (0.70mm)","2","-"
"https://b2b-api.panasonic.eu/file_stream/pids/fileversion/1242","//media.digikey.com/Renders/Panasonic%20Renders/ERJ-2512%20Pkg.jpg","PT430XTR-ND,PT430XCT-ND,PT430XDKR-ND","ERJ-1TYJ431U","Panasonic Electronic Components","Panasonic Electronic Components","RES SMD 430 OHM 5% 1W 2512","3,338","0.72","0","1","Tape & Reel (TR),Cut Tape (CT),Digi-Reel®","ERJ-1T","Active","430 Ohms","±5%","1W","Thick Film","Automotive AEC-Q200","±200ppm/°C","-55°C ~ 155°C","2512 (6432 Metric)","AEC-Q200","2512","0.252"" L x 0.126"" W (6.40mm x 3.20mm)","0.028"" (0.70mm)","2","-"
"https://b2b-api.panasonic.eu/file_stream/pids/fileversion/1242","//media.digikey.com/Renders/Panasonic%20Renders/ERJ-2512%20Pkg.jpg","PT470XTR-ND,PT470XCT-ND,PT470XDKR-ND","ERJ-1TYJ471U","Panasonic Electronic Components","Panasonic Electronic Components","RES SMD 470 OHM 5% 1W 2512","990","0.72","0","1","Tape & Reel (TR),Cut Tape (CT),Digi-Reel®","ERJ-1T","Active","470 Ohms","±5%","1W","Thick Film","Automotive AEC-Q200","±200ppm/°C","-55°C ~ 155°C","2512 (6432 Metric)","AEC-Q200","2512","0.252"" L x 0.126"" W (6.40mm x 3.20mm)","0.028"" (0.70mm)","2","-"
"//media.digikey.com/pdf/Data%20Sheets/Panasonic%20Resistors%20Thermistors%20PDFs/ERJ-xG,14,12(Z),1T_Rev_Apr_2015.pdf","//media.digikey.com/Renders/Panasonic%20Renders/ERJ-2512%20Pkg.jpg","PT510XTR-ND,PT510XCT-ND,PT510XDKR-ND","ERJ-1TYJ511U","Panasonic Electronic Components","Panasonic Electronic Components","RES SMD 510 OHM 5% 1W 2512","0","0.72","0","1","Tape & Reel (TR),Cut Tape (CT),Digi-Reel®","ERJ-1T","Active","510 Ohms","±5%","1W","Thick Film","Automotive AEC-Q200","±200ppm/°C","-55°C ~ 155°C","2512 (6432 Metric)","AEC-Q200","2512","0.252"" L x 0.126"" W (6.40mm x 3.20mm)","0.028"" (0.70mm)","2","-"
"https://b2b-api.panasonic.eu/file_stream/pids/fileversion/1242","//media.digikey.com/Renders/Panasonic%20Renders/ERJ-2512%20Pkg.jpg","PT560XTR-ND,PT560XCT-ND,PT560XDKR-ND","ERJ-1TYJ561U","Panasonic Electronic Components","Panasonic Electronic Components","RES SMD 560 OHM 5% 1W 2512","13,131","0.72","0","1","Tape & Reel (TR),Cut Tape (CT),Digi-Reel®","ERJ-1T","Active","560 Ohms","±5%","1W","Thick Film","Automotive AEC-Q200","±200ppm/°C","-55°C ~ 155°C","2512 (6432 Metric)","AEC-Q200","2512","0.252"" L x 0.126"" W (6.40mm x 3.20mm)","0.028"" (0.70mm)","2","-"
"https://b2b-api.panasonic.eu/file_stream/pids/fileversion/1242","//media.digikey.com/Renders/Panasonic%20Renders/ERJ-2512%20Pkg.jpg","PT620XTR-ND,PT620XCT-ND,PT620XDKR-ND","ERJ-1TYJ621U","Panasonic Electronic Components","Panasonic Electronic Components","RES SMD 620 OHM 5% 1W 2512","0","0.72","0","1","Tape & Reel (TR),Cut Tape (CT),Digi-Reel®","ERJ-1T","Active","620 Ohms","±5%","1W","Thick Film","Automotive AEC-Q200","±200ppm/°C","-55°C ~ 155°C","2512 (6432 Metric)","AEC-Q200","2512","0.252"" L x 0.126"" W (6.40mm x 3.20mm)","0.028"" (0.70mm)","2","-"
"https://b2b-api.panasonic.eu/file_stream/pids/fileversion/1242","//media.digikey.com/Renders/Panasonic%20Renders/ERJ-2512%20Pkg.jpg","PT680XTR-ND,PT680XCT-ND,PT680XDKR-ND","ERJ-1TYJ681U","Panasonic Electronic Components","Panasonic Electronic Components","RES SMD 680 OHM 5% 1W 2512","0","0.72","0","1","Tape & Reel (TR),Cut Tape (CT),Digi-Reel®","ERJ-1T","Active","680 Ohms","±5%","1W","Thick Film","Automotive AEC-Q200","±200ppm/°C","-55°C ~ 155°C","2512 (6432 Metric)","AEC-Q200","2512","0.252"" L x 0.126"" W (6.40mm x 3.20mm)","0.028"" (0.70mm)","2","-"
"https://b2b-api.panasonic.eu/file_stream/pids/fileversion/1242","//media.digikey.com/Renders/Panasonic%20Renders/ERJ-2512%20Pkg.jpg","PT750XTR-ND,PT750XCT-ND,PT750XDKR-ND","ERJ-1TYJ751U","Panasonic Electronic Components","Panasonic Electronic Components","RES SMD 750 OHM 5% 1W 2512","3,500","0.72","0","1","Tape & Reel (TR),Cut Tape (CT),Digi-Reel®","ERJ-1T","Active","750 Ohms","±5%","1W","Thick Film","Automotive AEC-Q200","±200ppm/°C","-55°C ~ 155°C","2512 (6432 Metric)","AEC-Q200","2512","0.252"" L x 0.126"" W (6.40mm x 3.20mm)","0.028"" (0.70mm)","2","-"
"https://b2b-api.panasonic.eu/file_stream/pids/fileversion/1242","//media.digikey.com/Renders/Panasonic%20Renders/ERJ-2512%20Pkg.jpg","PT820XTR-ND,PT820XCT-ND,PT820XDKR-ND","ERJ-1TYJ821U","Panasonic Electronic Components","Panasonic Electronic Components","RES SMD 820 OHM 5% 1W 2512","2,941","0.72","0","1","Tape & Reel (TR),Cut Tape (CT),Digi-Reel®","ERJ-1T","Active","820 Ohms","±5%","1W","Thick Film","Automotive AEC-Q200","±200ppm/°C","-55°C ~ 155°C","2512 (6432 Metric)","AEC-Q200","2512","0.252"" L x 0.126"" W (6.40mm x 3.20mm)","0.028"" (0.70mm)","2","-"
"//media.digikey.com/pdf/Data%20Sheets/Panasonic%20Resistors%20Thermistors%20PDFs/ERJ-xG,14,12(Z),1T_Rev_Apr_2015.pdf","//media.digikey.com/Renders/Panasonic%20Renders/ERJ-2512%20Pkg.jpg","PT910XTR-ND,PT910XCT-ND,PT910XDKR-ND","ERJ-1TYJ911U","Panasonic Electronic Components","Panasonic Electronic Components","RES SMD 910 OHM 5% 1W 2512","3,869","0.72","0","1","Tape & Reel (TR),Cut Tape (CT),Digi-Reel®","ERJ-1T","Active","910 Ohms","±5%","1W","Thick Film","Automotive AEC-Q200","±200ppm/°C","-55°C ~ 155°C","2512 (6432 Metric)","AEC-Q200","2512","0.252"" L x 0.126"" W (6.40mm x 3.20mm)","0.028"" (0.70mm)","2","-"
"https://b2b-api.panasonic.eu/file_stream/pids/fileversion/1242","//media.digikey.com/Renders/Panasonic%20Renders/ERJ-2512%20Pkg.jpg","PT1.0KXTR-ND,PT1.0KXCT-ND,PT1.0KXDKR-ND","ERJ-1TYJ102U","Panasonic Electronic Components","Panasonic Electronic Components","RES SMD 1K OHM 5% 1W 2512","95,495","0.72","0","1","Tape & Reel (TR),Cut Tape (CT),Digi-Reel®","ERJ-1T","Active","1 kOhms","±5%","1W","Thick Film","Automotive AEC-Q200","±200ppm/°C","-55°C ~ 155°C","2512 (6432 Metric)","AEC-Q200","2512","0.252"" L x 0.126"" W (6.40mm x 3.20mm)","0.028"" (0.70mm)","2","-"
"https://b2b-api.panasonic.eu/file_stream/pids/fileversion/1242","//media.digikey.com/Renders/Panasonic%20Renders/ERJ-2512%20Pkg.jpg","PT1.1KXTR-ND,PT1.1KXCT-ND,PT1.1KXDKR-ND","ERJ-1TYJ112U","Panasonic Electronic Components","Panasonic Electronic Components","RES SMD 1.1K OHM 5% 1W 2512","0","0.72","0","1","Tape & Reel (TR),Cut Tape (CT),Digi-Reel®","ERJ-1T","Active","1.1 kOhms","±5%","1W","Thick Film","Automotive AEC-Q200","±200ppm/°C","-55°C ~ 155°C","2512 (6432 Metric)","AEC-Q200","2512","0.252"" L x 0.126"" W (6.40mm x 3.20mm)","0.028"" (0.70mm)","2","-"
"//media.digikey.com/pdf/Data%20Sheets/Panasonic%20Resistors%20Thermistors%20PDFs/ERJ-xG,14,12(Z),1T_Rev_Apr_2015.pdf","//media.digikey.com/Renders/Panasonic%20Renders/ERJ-2512%20Pkg.jpg","PT1.2KXTR-ND,PT1.2KXCT-ND,PT1.2KXDKR-ND","ERJ-1TYJ122U","Panasonic Electronic Components","Panasonic Electronic Components","RES SMD 1.2K OHM 5% 1W 2512","3,044","0.72","0","1","Tape & Reel (TR),Cut Tape (CT),Digi-Reel®","ERJ-1T","Active","1.2 kOhms","±5%","1W","Thick Film","Automotive AEC-Q200","±200ppm/°C","-55°C ~ 155°C","2512 (6432 Metric)","AEC-Q200","2512","0.252"" L x 0.126"" W (6.40mm x 3.20mm)","0.028"" (0.70mm)","2","-"
"https://b2b-api.panasonic.eu/file_stream/pids/fileversion/1242","//media.digikey.com/Renders/Panasonic%20Renders/ERJ-2512%20Pkg.jpg","PT1.3KXTR-ND,PT1.3KXCT-ND,PT1.3KXDKR-ND","ERJ-1TYJ132U","Panasonic Electronic Components","Panasonic Electronic Components","RES SMD 1.3K OHM 5% 1W 2512","0","0.72","0","1","Tape & Reel (TR),Cut Tape (CT),Digi-Reel®","ERJ-1T","Active","1.3 kOhms","±5%","1W","Thick Film","Automotive AEC-Q200","±200ppm/°C","-55°C ~ 155°C","2512 (6432 Metric)","AEC-Q200","2512","0.252"" L x 0.126"" W (6.40mm x 3.20mm)","0.028"" (0.70mm)","2","-"
"https://b2b-api.panasonic.eu/file_stream/pids/fileversion/1242","//media.digikey.com/Renders/Panasonic%20Renders/ERJ-2512%20Pkg.jpg","PT1.5KXTR-ND,PT1.5KXCT-ND,PT1.5KXDKR-ND","ERJ-1TYJ152U","Panasonic Electronic Components","Panasonic Electronic Components","RES SMD 1.5K OHM 5% 1W 2512","13,979","0.72","0","1","Tape & Reel (TR),Cut Tape (CT),Digi-Reel®","ERJ-1T","Active","1.5 kOhms","±5%","1W","Thick Film","Automotive AEC-Q200","±200ppm/°C","-55°C ~ 155°C","2512 (6432 Metric)","AEC-Q200","2512","0.252"" L x 0.126"" W (6.40mm x 3.20mm)","0.028"" (0.70mm)","2","-"
"https://b2b-api.panasonic.eu/file_stream/pids/fileversion/1242","//media.digikey.com/Renders/Panasonic%20Renders/ERJ-2512%20Pkg.jpg","PT1.6KXTR-ND,PT1.6KXCT-ND,PT1.6KXDKR-ND","ERJ-1TYJ162U","Panasonic Electronic Components","Panasonic Electronic Components","RES SMD 1.6K OHM 5% 1W 2512","3,974","0.72","0","1","Tape & Reel (TR),Cut Tape (CT),Digi-Reel®","ERJ-1T","Active","1.6 kOhms","±5%","1W","Thick Film","Automotive AEC-Q200","±200ppm/°C","-55°C ~ 155°C","2512 (6432 Metric)","AEC-Q200","2512","0.252"" L x 0.126"" W (6.40mm x 3.20mm)","0.028"" (0.70mm)","2","-"
"https://b2b-api.panasonic.eu/file_stream/pids/fileversion/1242","//media.digikey.com/Renders/Panasonic%20Renders/ERJ-2512%20Pkg.jpg","PT1.8KXTR-ND,PT1.8KXCT-ND,PT1.8KXDKR-ND","ERJ-1TYJ182U","Panasonic Electronic Components","Panasonic Electronic Components","RES SMD 1.8K OHM 5% 1W 2512","8,059","0.72","0","1","Tape & Reel (TR),Cut Tape (CT),Digi-Reel®","ERJ-1T","Active","1.8 kOhms","±5%","1W","Thick Film","Automotive AEC-Q200","±200ppm/°C","-55°C ~ 155°C","2512 (6432 Metric)","AEC-Q200","2512","0.252"" L x 0.126"" W (6.40mm x 3.20mm)","0.028"" (0.70mm)","2","-"
"https://b2b-api.panasonic.eu/file_stream/pids/fileversion/1242","//media.digikey.com/Renders/Panasonic%20Renders/ERJ-2512%20Pkg.jpg","PT2.0KXTR-ND,PT2.0KXCT-ND,PT2.0KXDKR-ND","ERJ-1TYJ202U","Panasonic Electronic Components","Panasonic Electronic Components","RES SMD 2K OHM 5% 1W 2512","4,685","0.72","0","1","Tape & Reel (TR),Cut Tape (CT),Digi-Reel®","ERJ-1T","Active","2 kOhms","±5%","1W","Thick Film","Automotive AEC-Q200","±200ppm/°C","-55°C ~ 155°C","2512 (6432 Metric)","AEC-Q200","2512","0.252"" L x 0.126"" W (6.40mm x 3.20mm)","0.028"" (0.70mm)","2","-"
"https://b2b-api.panasonic.eu/file_stream/pids/fileversion/1242","//media.digikey.com/Renders/Panasonic%20Renders/ERJ-2512%20Pkg.jpg","PT2.2KXTR-ND,PT2.2KXCT-ND,PT2.2KXDKR-ND","ERJ-1TYJ222U","Panasonic Electronic Components","Panasonic Electronic Components","RES SMD 2.2K OHM 5% 1W 2512","26,621","0.72","0","1","Tape & Reel (TR),Cut Tape (CT),Digi-Reel®","ERJ-1T","Active","2.2 kOhms","±5%","1W","Thick Film","Automotive AEC-Q200","±200ppm/°C","-55°C ~ 155°C","2512 (6432 Metric)","AEC-Q200","2512","0.252"" L x 0.126"" W (6.40mm x 3.20mm)","0.028"" (0.70mm)","2","-"
"https://b2b-api.panasonic.eu/file_stream/pids/fileversion/1242","//media.digikey.com/Renders/Panasonic%20Renders/ERJ-2512%20Pkg.jpg","PT2.4KXTR-ND,PT2.4KXCT-ND,PT2.4KXDKR-ND","ERJ-1TYJ242U","Panasonic Electronic Components","Panasonic Electronic Components","RES SMD 2.4K OHM 5% 1W 2512","0","0.72","0","1","Tape & Reel (TR),Cut Tape (CT),Digi-Reel®","ERJ-1T","Active","2.4 kOhms","±5%","1W","Thick Film","Automotive AEC-Q200","±200ppm/°C","-55°C ~ 155°C","2512 (6432 Metric)","AEC-Q200","2512","0.252"" L x 0.126"" W (6.40mm x 3.20mm)","0.028"" (0.70mm)","2","-"
"https://b2b-api.panasonic.eu/file_stream/pids/fileversion/1242","//media.digikey.com/Renders/Panasonic%20Renders/ERJ-2512%20Pkg.jpg","PT2.7KXTR-ND,PT2.7KXCT-ND,PT2.7KXDKR-ND","ERJ-1TYJ272U","Panasonic Electronic Components","Panasonic Electronic Components","RES SMD 2.7K OHM 5% 1W 2512","0","0.72","0","1","Tape & Reel (TR),Cut Tape (CT),Digi-Reel®","ERJ-1T","Active","2.7 kOhms","±5%","1W","Thick Film","Automotive AEC-Q200","±200ppm/°C","-55°C ~ 155°C","2512 (6432 Metric)","AEC-Q200","2512","0.252"" L x 0.126"" W (6.40mm x 3.20mm)","0.028"" (0.70mm)","2","-"
"https://b2b-api.panasonic.eu/file_stream/pids/fileversion/1242","//media.digikey.com/Renders/Panasonic%20Renders/ERJ-2512%20Pkg.jpg","PT3.0KXTR-ND,PT3.0KXCT-ND,PT3.0KXDKR-ND","ERJ-1TYJ302U","Panasonic Electronic Components","Panasonic Electronic Components","RES SMD 3K OHM 5% 1W 2512","6,978","0.72","0","1","Tape & Reel (TR),Cut Tape (CT),Digi-Reel®","ERJ-1T","Active","3 kOhms","±5%","1W","Thick Film","Automotive AEC-Q200","±200ppm/°C","-55°C ~ 155°C","2512 (6432 Metric)","AEC-Q200","2512","0.252"" L x 0.126"" W (6.40mm x 3.20mm)","0.028"" (0.70mm)","2","-"
"//media.digikey.com/pdf/Data%20Sheets/Panasonic%20Resistors%20Thermistors%20PDFs/ERJ-xG,14,12(Z),1T_Rev_Apr_2015.pdf","//media.digikey.com/Renders/Panasonic%20Renders/ERJ-2512%20Pkg.jpg","PT3.3KXTR-ND,PT3.3KXCT-ND,PT3.3KXDKR-ND","ERJ-1TYJ332U","Panasonic Electronic Components","Panasonic Electronic Components","RES SMD 3.3K OHM 5% 1W 2512","58,825","0.72","0","1","Tape & Reel (TR),Cut Tape (CT),Digi-Reel®","ERJ-1T","Active","3.3 kOhms","±5%","1W","Thick Film","Automotive AEC-Q200","±200ppm/°C","-55°C ~ 155°C","2512 (6432 Metric)","AEC-Q200","2512","0.252"" L x 0.126"" W (6.40mm x 3.20mm)","0.028"" (0.70mm)","2","-"
"https://b2b-api.panasonic.eu/file_stream/pids/fileversion/1242","//media.digikey.com/Renders/Panasonic%20Renders/ERJ-2512%20Pkg.jpg","PT3.6KXTR-ND,PT3.6KXCT-ND,PT3.6KXDKR-ND","ERJ-1TYJ362U","Panasonic Electronic Components","Panasonic Electronic Components","RES SMD 3.6K OHM 5% 1W 2512","1,670","0.72","0","1","Tape & Reel (TR),Cut Tape (CT),Digi-Reel®","ERJ-1T","Active","3.6 kOhms","±5%","1W","Thick Film","Automotive AEC-Q200","±200ppm/°C","-55°C ~ 155°C","2512 (6432 Metric)","AEC-Q200","2512","0.252"" L x 0.126"" W (6.40mm x 3.20mm)","0.028"" (0.70mm)","2","-"
"https://b2b-api.panasonic.eu/file_stream/pids/fileversion/1242","//media.digikey.com/Renders/Panasonic%20Renders/ERJ-2512%20Pkg.jpg","PT3.9KXTR-ND,PT3.9KXCT-ND,PT3.9KXDKR-ND","ERJ-1TYJ392U","Panasonic Electronic Components","Panasonic Electronic Components","RES SMD 3.9K OHM 5% 1W 2512","204,033","0.72","0","1","Tape & Reel (TR),Cut Tape (CT),Digi-Reel®","ERJ-1T","Active","3.9 kOhms","±5%","1W","Thick Film","Automotive AEC-Q200","±200ppm/°C","-55°C ~ 155°C","2512 (6432 Metric)","AEC-Q200","2512","0.252"" L x 0.126"" W (6.40mm x 3.20mm)","0.028"" (0.70mm)","2","-"
"https://b2b-api.panasonic.eu/file_stream/pids/fileversion/1242","//media.digikey.com/Renders/Panasonic%20Renders/ERJ-2512%20Pkg.jpg","PT4.3KXTR-ND,PT4.3KXCT-ND,PT4.3KXDKR-ND","ERJ-1TYJ432U","Panasonic Electronic Components","Panasonic Electronic Components","RES SMD 4.3K OHM 5% 1W 2512","15","0.72","0","1","Tape & Reel (TR),Cut Tape (CT),Digi-Reel®","ERJ-1T","Active","4.3 kOhms","±5%","1W","Thick Film","Automotive AEC-Q200","±200ppm/°C","-55°C ~ 155°C","2512 (6432 Metric)","AEC-Q200","2512","0.252"" L x 0.126"" W (6.40mm x 3.20mm)","0.028"" (0.70mm)","2","-"
"https://b2b-api.panasonic.eu/file_stream/pids/fileversion/1242","//media.digikey.com/Renders/Panasonic%20Renders/ERJ-2512%20Pkg.jpg","PT4.7KXTR-ND,PT4.7KXCT-ND,PT4.7KXDKR-ND","ERJ-1TYJ472U","Panasonic Electronic Components","Panasonic Electronic Components","RES SMD 4.7K OHM 5% 1W 2512","6,419","0.72","0","1","Tape & Reel (TR),Cut Tape (CT),Digi-Reel®","ERJ-1T","Active","4.7 kOhms","±5%","1W","Thick Film","Automotive AEC-Q200","±200ppm/°C","-55°C ~ 155°C","2512 (6432 Metric)","AEC-Q200","2512","0.252"" L x 0.126"" W (6.40mm x 3.20mm)","0.028"" (0.70mm)","2","-"
"https://b2b-api.panasonic.eu/file_stream/pids/fileversion/1242","//media.digikey.com/Renders/Panasonic%20Renders/ERJ-2512%20Pkg.jpg","PT5.1KXTR-ND,PT5.1KXCT-ND,PT5.1KXDKR-ND","ERJ-1TYJ512U","Panasonic Electronic Components","Panasonic Electronic Components","RES SMD 5.1K OHM 5% 1W 2512","7,462","0.72","0","1","Tape & Reel (TR),Cut Tape (CT),Digi-Reel®","ERJ-1T","Active","5.1 kOhms","±5%","1W","Thick Film","Automotive AEC-Q200","±200ppm/°C","-55°C ~ 155°C","2512 (6432 Metric)","AEC-Q200","2512","0.252"" L x 0.126"" W (6.40mm x 3.20mm)","0.028"" (0.70mm)","2","-"
"https://b2b-api.panasonic.eu/file_stream/pids/fileversion/1242","//media.digikey.com/Renders/Panasonic%20Renders/ERJ-2512%20Pkg.jpg","PT5.6KXTR-ND,PT5.6KXCT-ND,PT5.6KXDKR-ND","ERJ-1TYJ562U","Panasonic Electronic Components","Panasonic Electronic Components","RES SMD 5.6K OHM 5% 1W 2512","0","0.72","0","1","Tape & Reel (TR),Cut Tape (CT),Digi-Reel®","ERJ-1T","Active","5.6 kOhms","±5%","1W","Thick Film","Automotive AEC-Q200","±200ppm/°C","-55°C ~ 155°C","2512 (6432 Metric)","AEC-Q200","2512","0.252"" L x 0.126"" W (6.40mm x 3.20mm)","0.028"" (0.70mm)","2","-"
"https://b2b-api.panasonic.eu/file_stream/pids/fileversion/1242","//media.digikey.com/Renders/Panasonic%20Renders/ERJ-2512%20Pkg.jpg","PT6.2KXTR-ND,PT6.2KXCT-ND,PT6.2KXDKR-ND","ERJ-1TYJ622U","Panasonic Electronic Components","Panasonic Electronic Components","RES SMD 6.2K OHM 5% 1W 2512","3,900","0.72","0","1","Tape & Reel (TR),Cut Tape (CT),Digi-Reel®","ERJ-1T","Active","6.2 kOhms","±5%","1W","Thick Film","Automotive AEC-Q200","±200ppm/°C","-55°C ~ 155°C","2512 (6432 Metric)","AEC-Q200","2512","0.252"" L x 0.126"" W (6.40mm x 3.20mm)","0.028"" (0.70mm)","2","-"
"https://b2b-api.panasonic.eu/file_stream/pids/fileversion/1242","//media.digikey.com/Renders/Panasonic%20Renders/ERJ-2512%20Pkg.jpg","PT6.8KXTR-ND,PT6.8KXCT-ND,PT6.8KXDKR-ND","ERJ-1TYJ682U","Panasonic Electronic Components","Panasonic Electronic Components","RES SMD 6.8K OHM 5% 1W 2512","0","0.72","0","1","Tape & Reel (TR),Cut Tape (CT),Digi-Reel®","ERJ-1T","Active","6.8 kOhms","±5%","1W","Thick Film","Automotive AEC-Q200","±200ppm/°C","-55°C ~ 155°C","2512 (6432 Metric)","AEC-Q200","2512","0.252"" L x 0.126"" W (6.40mm x 3.20mm)","0.028"" (0.70mm)","2","-"
"https://b2b-api.panasonic.eu/file_stream/pids/fileversion/1242","//media.digikey.com/Renders/Panasonic%20Renders/ERJ-2512%20Pkg.jpg","PT7.5KXTR-ND,PT7.5KXCT-ND,PT7.5KXDKR-ND","ERJ-1TYJ752U","Panasonic Electronic Components","Panasonic Electronic Components","RES SMD 7.5K OHM 5% 1W 2512","621","0.72","0","1","Tape & Reel (TR),Cut Tape (CT),Digi-Reel®","ERJ-1T","Active","7.5 kOhms","±5%","1W","Thick Film","Automotive AEC-Q200","±200ppm/°C","-55°C ~ 155°C","2512 (6432 Metric)","AEC-Q200","2512","0.252"" L x 0.126"" W (6.40mm x 3.20mm)","0.028"" (0.70mm)","2","-"
"https://b2b-api.panasonic.eu/file_stream/pids/fileversion/1242","//media.digikey.com/Renders/Panasonic%20Renders/ERJ-2512%20Pkg.jpg","PT8.2KXTR-ND,PT8.2KXCT-ND,PT8.2KXDKR-ND","ERJ-1TYJ822U","Panasonic Electronic Components","Panasonic Electronic Components","RES SMD 8.2K OHM 5% 1W 2512","0","0.72","0","1","Tape & Reel (TR),Cut Tape (CT),Digi-Reel®","ERJ-1T","Active","8.2 kOhms","±5%","1W","Thick Film","Automotive AEC-Q200","±200ppm/°C","-55°C ~ 155°C","2512 (6432 Metric)","AEC-Q200","2512","0.252"" L x 0.126"" W (6.40mm x 3.20mm)","0.028"" (0.70mm)","2","-"
"https://b2b-api.panasonic.eu/file_stream/pids/fileversion/1242","//media.digikey.com/Renders/Panasonic%20Renders/ERJ-2512%20Pkg.jpg","PT9.1KXTR-ND,PT9.1KXCT-ND,PT9.1KXDKR-ND","ERJ-1TYJ912U","Panasonic Electronic Components","Panasonic Electronic Components","RES SMD 9.1K OHM 5% 1W 2512","3,579","0.72","0","1","Tape & Reel (TR),Cut Tape (CT),Digi-Reel®","ERJ-1T","Active","9.1 kOhms","±5%","1W","Thick Film","Automotive AEC-Q200","±200ppm/°C","-55°C ~ 155°C","2512 (6432 Metric)","AEC-Q200","2512","0.252"" L x 0.126"" W (6.40mm x 3.20mm)","0.028"" (0.70mm)","2","-"
"//media.digikey.com/pdf/Data%20Sheets/Panasonic%20Resistors%20Thermistors%20PDFs/ERJ-xG,14,12(Z),1T_Rev_Apr_2015.pdf","//media.digikey.com/Renders/Panasonic%20Renders/ERJ-2512%20Pkg.jpg","PT10KXTR-ND,PT10KXCT-ND,PT10KXDKR-ND","ERJ-1TYJ103U","Panasonic Electronic Components","Panasonic Electronic Components","RES SMD 10K OHM 5% 1W 2512","0","0.72","0","1","Tape & Reel (TR),Cut Tape (CT),Digi-Reel®","ERJ-1T","Active","10 kOhms","±5%","1W","Thick Film","Automotive AEC-Q200","±200ppm/°C","-55°C ~ 155°C","2512 (6432 Metric)","AEC-Q200","2512","0.252"" L x 0.126"" W (6.40mm x 3.20mm)","0.028"" (0.70mm)","2","-"
"https://b2b-api.panasonic.eu/file_stream/pids/fileversion/1242","//media.digikey.com/Renders/Panasonic%20Renders/ERJ-2512%20Pkg.jpg","PT11KXTR-ND,PT11KXCT-ND,PT11KXDKR-ND","ERJ-1TYJ113U","Panasonic Electronic Components","Panasonic Electronic Components","RES SMD 11K OHM 5% 1W 2512","5,684","0.72","0","1","Tape & Reel (TR),Cut Tape (CT),Digi-Reel®","ERJ-1T","Active","11 kOhms","±5%","1W","Thick Film","Automotive AEC-Q200","±200ppm/°C","-55°C ~ 155°C","2512 (6432 Metric)","AEC-Q200","2512","0.252"" L x 0.126"" W (6.40mm x 3.20mm)","0.028"" (0.70mm)","2","-"
"https://b2b-api.panasonic.eu/file_stream/pids/fileversion/1242","//media.digikey.com/Renders/Panasonic%20Renders/ERJ-2512%20Pkg.jpg","PT12KXTR-ND,PT12KXCT-ND,PT12KXDKR-ND","ERJ-1TYJ123U","Panasonic Electronic Components","Panasonic Electronic Components","RES SMD 12K OHM 5% 1W 2512","0","0.72","0","1","Tape & Reel (TR),Cut Tape (CT),Digi-Reel®","ERJ-1T","Active","12 kOhms","±5%","1W","Thick Film","Automotive AEC-Q200","±200ppm/°C","-55°C ~ 155°C","2512 (6432 Metric)","AEC-Q200","2512","0.252"" L x 0.126"" W (6.40mm x 3.20mm)","0.028"" (0.70mm)","2","-"
"https://b2b-api.panasonic.eu/file_stream/pids/fileversion/1242","//media.digikey.com/Renders/Panasonic%20Renders/ERJ-2512%20Pkg.jpg","PT13KXTR-ND,PT13KXCT-ND,PT13KXDKR-ND","ERJ-1TYJ133U","Panasonic Electronic Components","Panasonic Electronic Components","RES SMD 13K OHM 5% 1W 2512","19","0.72","0","1","Tape & Reel (TR),Cut Tape (CT),Digi-Reel®","ERJ-1T","Active","13 kOhms","±5%","1W","Thick Film","Automotive AEC-Q200","±200ppm/°C","-55°C ~ 155°C","2512 (6432 Metric)","AEC-Q200","2512","0.252"" L x 0.126"" W (6.40mm x 3.20mm)","0.028"" (0.70mm)","2","-"
"//media.digikey.com/pdf/Data%20Sheets/Panasonic%20Resistors%20Thermistors%20PDFs/ERJ-xG,14,12(Z),1T_Rev_Apr_2015.pdf","//media.digikey.com/Renders/Panasonic%20Renders/ERJ-2512%20Pkg.jpg","PT15KXTR-ND,PT15KXCT-ND,PT15KXDKR-ND","ERJ-1TYJ153U","Panasonic Electronic Components","Panasonic Electronic Components","RES SMD 15K OHM 5% 1W 2512","2,472","0.72","0","1","Tape & Reel (TR),Cut Tape (CT),Digi-Reel®","ERJ-1T","Active","15 kOhms","±5%","1W","Thick Film","Automotive AEC-Q200","±200ppm/°C","-55°C ~ 155°C","2512 (6432 Metric)","AEC-Q200","2512","0.252"" L x 0.126"" W (6.40mm x 3.20mm)","0.028"" (0.70mm)","2","-"
"https://b2b-api.panasonic.eu/file_stream/pids/fileversion/1242","//media.digikey.com/Renders/Panasonic%20Renders/ERJ-2512%20Pkg.jpg","PT16KXTR-ND,PT16KXCT-ND,PT16KXDKR-ND","ERJ-1TYJ163U","Panasonic Electronic Components","Panasonic Electronic Components","RES SMD 16K OHM 5% 1W 2512","0","0.72","0","1","Tape & Reel (TR),Cut Tape (CT),Digi-Reel®","ERJ-1T","Active","16 kOhms","±5%","1W","Thick Film","Automotive AEC-Q200","±200ppm/°C","-55°C ~ 155°C","2512 (6432 Metric)","AEC-Q200","2512","0.252"" L x 0.126"" W (6.40mm x 3.20mm)","0.028"" (0.70mm)","2","-"
"https://b2b-api.panasonic.eu/file_stream/pids/fileversion/1242","//media.digikey.com/Renders/Panasonic%20Renders/ERJ-2512%20Pkg.jpg","PT18KXTR-ND,PT18KXCT-ND,PT18KXDKR-ND","ERJ-1TYJ183U","Panasonic Electronic Components","Panasonic Electronic Components","RES SMD 18K OHM 5% 1W 2512","0","0.72","0","1","Tape & Reel (TR),Cut Tape (CT),Digi-Reel®","ERJ-1T","Active","18 kOhms","±5%","1W","Thick Film","Automotive AEC-Q200","±200ppm/°C","-55°C ~ 155°C","2512 (6432 Metric)","AEC-Q200","2512","0.252"" L x 0.126"" W (6.40mm x 3.20mm)","0.028"" (0.70mm)","2","-"
"https://b2b-api.panasonic.eu/file_stream/pids/fileversion/1242","//media.digikey.com/Renders/Panasonic%20Renders/ERJ-2512%20Pkg.jpg","PT20KXTR-ND,PT20KXCT-ND,PT20KXDKR-ND","ERJ-1TYJ203U","Panasonic Electronic Components","Panasonic Electronic Components","RES SMD 20K OHM 5% 1W 2512","39,042","0.72","0","1","Tape & Reel (TR),Cut Tape (CT),Digi-Reel®","ERJ-1T","Active","20 kOhms","±5%","1W","Thick Film","Automotive AEC-Q200","±200ppm/°C","-55°C ~ 155°C","2512 (6432 Metric)","AEC-Q200","2512","0.252"" L x 0.126"" W (6.40mm x 3.20mm)","0.028"" (0.70mm)","2","-"
"https://b2b-api.panasonic.eu/file_stream/pids/fileversion/1242","//media.digikey.com/Renders/Panasonic%20Renders/ERJ-2512%20Pkg.jpg","PT22KXTR-ND,PT22KXCT-ND,PT22KXDKR-ND","ERJ-1TYJ223U","Panasonic Electronic Components","Panasonic Electronic Components","RES SMD 22K OHM 5% 1W 2512","4,154","0.72","0","1","Tape & Reel (TR),Cut Tape (CT),Digi-Reel®","ERJ-1T","Active","22 kOhms","±5%","1W","Thick Film","Automotive AEC-Q200","±200ppm/°C","-55°C ~ 155°C","2512 (6432 Metric)","AEC-Q200","2512","0.252"" L x 0.126"" W (6.40mm x 3.20mm)","0.028"" (0.70mm)","2","-"
"https://b2b-api.panasonic.eu/file_stream/pids/fileversion/1242","//media.digikey.com/Renders/Panasonic%20Renders/ERJ-2512%20Pkg.jpg","PT24KXTR-ND,PT24KXCT-ND,PT24KXDKR-ND","ERJ-1TYJ243U","Panasonic Electronic Components","Panasonic Electronic Components","RES SMD 24K OHM 5% 1W 2512","0","0.72","0","1","Tape & Reel (TR),Cut Tape (CT),Digi-Reel®","ERJ-1T","Active","24 kOhms","±5%","1W","Thick Film","Automotive AEC-Q200","±200ppm/°C","-55°C ~ 155°C","2512 (6432 Metric)","AEC-Q200","2512","0.252"" L x 0.126"" W (6.40mm x 3.20mm)","0.028"" (0.70mm)","2","-"
"//media.digikey.com/pdf/Data%20Sheets/Panasonic%20Resistors%20Thermistors%20PDFs/ERJ-xG,14,12(Z),1T_Rev_Apr_2015.pdf","//media.digikey.com/Renders/Panasonic%20Renders/ERJ-2512%20Pkg.jpg","PT27KXTR-ND,PT27KXCT-ND,PT27KXDKR-ND","ERJ-1TYJ273U","Panasonic Electronic Components","Panasonic Electronic Components","RES SMD 27K OHM 5% 1W 2512","0","0.72","0","1","Tape & Reel (TR),Cut Tape (CT),Digi-Reel®","ERJ-1T","Active","27 kOhms","±5%","1W","Thick Film","Automotive AEC-Q200","±200ppm/°C","-55°C ~ 155°C","2512 (6432 Metric)","AEC-Q200","2512","0.252"" L x 0.126"" W (6.40mm x 3.20mm)","0.028"" (0.70mm)","2","-"
"https://b2b-api.panasonic.eu/file_stream/pids/fileversion/1242","//media.digikey.com/Renders/Panasonic%20Renders/ERJ-2512%20Pkg.jpg","PT30KXTR-ND,PT30KXCT-ND,PT30KXDKR-ND","ERJ-1TYJ303U","Panasonic Electronic Components","Panasonic Electronic Components","RES SMD 30K OHM 5% 1W 2512","0","0.72","0","1","Tape & Reel (TR),Cut Tape (CT),Digi-Reel®","ERJ-1T","Active","30 kOhms","±5%","1W","Thick Film","Automotive AEC-Q200","±200ppm/°C","-55°C ~ 155°C","2512 (6432 Metric)","AEC-Q200","2512","0.252"" L x 0.126"" W (6.40mm x 3.20mm)","0.028"" (0.70mm)","2","-"
"https://b2b-api.panasonic.eu/file_stream/pids/fileversion/1242","//media.digikey.com/Renders/Panasonic%20Renders/ERJ-2512%20Pkg.jpg","PT33KXTR-ND,PT33KXCT-ND,PT33KXDKR-ND","ERJ-1TYJ333U","Panasonic Electronic Components","Panasonic Electronic Components","RES SMD 33K OHM 5% 1W 2512","4,000","0.72","0","1","Tape & Reel (TR),Cut Tape (CT),Digi-Reel®","ERJ-1T","Active","33 kOhms","±5%","1W","Thick Film","Automotive AEC-Q200","±200ppm/°C","-55°C ~ 155°C","2512 (6432 Metric)","AEC-Q200","2512","0.252"" L x 0.126"" W (6.40mm x 3.20mm)","0.028"" (0.70mm)","2","-"
"https://b2b-api.panasonic.eu/file_stream/pids/fileversion/1242","//media.digikey.com/Renders/Panasonic%20Renders/ERJ-2512%20Pkg.jpg","PT36KXTR-ND,PT36KXCT-ND,PT36KXDKR-ND","ERJ-1TYJ363U","Panasonic Electronic Components","Panasonic Electronic Components","RES SMD 36K OHM 5% 1W 2512","0","0.72","0","1","Tape & Reel (TR),Cut Tape (CT),Digi-Reel®","ERJ-1T","Active","36 kOhms","±5%","1W","Thick Film","Automotive AEC-Q200","±200ppm/°C","-55°C ~ 155°C","2512 (6432 Metric)","AEC-Q200","2512","0.252"" L x 0.126"" W (6.40mm x 3.20mm)","0.028"" (0.70mm)","2","-"
"https://b2b-api.panasonic.eu/file_stream/pids/fileversion/1242","//media.digikey.com/Renders/Panasonic%20Renders/ERJ-2512%20Pkg.jpg","PT39KXTR-ND,PT39KXCT-ND,PT39KXDKR-ND","ERJ-1TYJ393U","Panasonic Electronic Components","Panasonic Electronic Components","RES SMD 39K OHM 5% 1W 2512","0","0.72","0","1","Tape & Reel (TR),Cut Tape (CT),Digi-Reel®","ERJ-1T","Active","39 kOhms","±5%","1W","Thick Film","Automotive AEC-Q200","±200ppm/°C","-55°C ~ 155°C","2512 (6432 Metric)","AEC-Q200","2512","0.252"" L x 0.126"" W (6.40mm x 3.20mm)","0.028"" (0.70mm)","2","-"
"//media.digikey.com/pdf/Data%20Sheets/Panasonic%20Resistors%20Thermistors%20PDFs/ERJ-xG,14,12(Z),1T_Rev_Apr_2015.pdf","//media.digikey.com/Renders/Panasonic%20Renders/ERJ-2512%20Pkg.jpg","PT43KXTR-ND,PT43KXCT-ND,PT43KXDKR-ND","ERJ-1TYJ433U","Panasonic Electronic Components","Panasonic Electronic Components","RES SMD 43K OHM 5% 1W 2512","63","0.72","0","1","Tape & Reel (TR),Cut Tape (CT),Digi-Reel®","ERJ-1T","Active","43 kOhms","±5%","1W","Thick Film","Automotive AEC-Q200","±200ppm/°C","-55°C ~ 155°C","2512 (6432 Metric)","AEC-Q200","2512","0.252"" L x 0.126"" W (6.40mm x 3.20mm)","0.028"" (0.70mm)","2","-"
"//media.digikey.com/pdf/Data%20Sheets/Panasonic%20Resistors%20Thermistors%20PDFs/ERJ-xG,14,12(Z),1T_Rev_Apr_2015.pdf","//media.digikey.com/Renders/Panasonic%20Renders/ERJ-2512%20Pkg.jpg","PT47KXTR-ND,PT47KXCT-ND,PT47KXDKR-ND","ERJ-1TYJ473U","Panasonic Electronic Components","Panasonic Electronic Components","RES SMD 47K OHM 5% 1W 2512","0","0.72","0","1","Tape & Reel (TR),Cut Tape (CT),Digi-Reel®","ERJ-1T","Active","47 kOhms","±5%","1W","Thick Film","Automotive AEC-Q200","±200ppm/°C","-55°C ~ 155°C","2512 (6432 Metric)","AEC-Q200","2512","0.252"" L x 0.126"" W (6.40mm x 3.20mm)","0.028"" (0.70mm)","2","-"
"https://b2b-api.panasonic.eu/file_stream/pids/fileversion/1242","//media.digikey.com/Renders/Panasonic%20Renders/ERJ-2512%20Pkg.jpg","PT51KXTR-ND,PT51KXCT-ND,PT51KXDKR-ND","ERJ-1TYJ513U","Panasonic Electronic Components","Panasonic Electronic Components","RES SMD 51K OHM 5% 1W 2512","0","0.72","0","1","Tape & Reel (TR),Cut Tape (CT),Digi-Reel®","ERJ-1T","Active","51 kOhms","±5%","1W","Thick Film","Automotive AEC-Q200","±200ppm/°C","-55°C ~ 155°C","2512 (6432 Metric)","AEC-Q200","2512","0.252"" L x 0.126"" W (6.40mm x 3.20mm)","0.028"" (0.70mm)","2","-"
"https://b2b-api.panasonic.eu/file_stream/pids/fileversion/1242","//media.digikey.com/Renders/Panasonic%20Renders/ERJ-2512%20Pkg.jpg","PT56KXTR-ND,PT56KXCT-ND,PT56KXDKR-ND","ERJ-1TYJ563U","Panasonic Electronic Components","Panasonic Electronic Components","RES SMD 56K OHM 5% 1W 2512","2,500","0.72","0","1","Tape & Reel (TR),Cut Tape (CT),Digi-Reel®","ERJ-1T","Active","56 kOhms","±5%","1W","Thick Film","Automotive AEC-Q200","±200ppm/°C","-55°C ~ 155°C","2512 (6432 Metric)","AEC-Q200","2512","0.252"" L x 0.126"" W (6.40mm x 3.20mm)","0.028"" (0.70mm)","2","-"
"https://b2b-api.panasonic.eu/file_stream/pids/fileversion/1242","//media.digikey.com/Renders/Panasonic%20Renders/ERJ-2512%20Pkg.jpg","PT62KXTR-ND,PT62KXCT-ND,PT62KXDKR-ND","ERJ-1TYJ623U","Panasonic Electronic Components","Panasonic Electronic Components","RES SMD 62K OHM 5% 1W 2512","200","0.72","0","1","Tape & Reel (TR),Cut Tape (CT),Digi-Reel®","ERJ-1T","Active","62 kOhms","±5%","1W","Thick Film","Automotive AEC-Q200","±200ppm/°C","-55°C ~ 155°C","2512 (6432 Metric)","AEC-Q200","2512","0.252"" L x 0.126"" W (6.40mm x 3.20mm)","0.028"" (0.70mm)","2","-"
"https://b2b-api.panasonic.eu/file_stream/pids/fileversion/1242","//media.digikey.com/Renders/Panasonic%20Renders/ERJ-2512%20Pkg.jpg","PT68KXTR-ND,PT68KXCT-ND,PT68KXDKR-ND","ERJ-1TYJ683U","Panasonic Electronic Components","Panasonic Electronic Components","RES SMD 68K OHM 5% 1W 2512","0","0.72","0","1","Tape & Reel (TR),Cut Tape (CT),Digi-Reel®","ERJ-1T","Active","68 kOhms","±5%","1W","Thick Film","Automotive AEC-Q200","±200ppm/°C","-55°C ~ 155°C","2512 (6432 Metric)","AEC-Q200","2512","0.252"" L x 0.126"" W (6.40mm x 3.20mm)","0.028"" (0.70mm)","2","-"
"https://b2b-api.panasonic.eu/file_stream/pids/fileversion/1242","//media.digikey.com/Renders/Panasonic%20Renders/ERJ-2512%20Pkg.jpg","PT75KXTR-ND,PT75KXCT-ND,PT75KXDKR-ND","ERJ-1TYJ753U","Panasonic Electronic Components","Panasonic Electronic Components","RES SMD 75K OHM 5% 1W 2512","10,000","0.72","0","1","Tape & Reel (TR),Cut Tape (CT),Digi-Reel®","ERJ-1T","Active","75 kOhms","±5%","1W","Thick Film","Automotive AEC-Q200","±200ppm/°C","-55°C ~ 155°C","2512 (6432 Metric)","AEC-Q200","2512","0.252"" L x 0.126"" W (6.40mm x 3.20mm)","0.028"" (0.70mm)","2","-"
"https://b2b-api.panasonic.eu/file_stream/pids/fileversion/1242","//media.digikey.com/Renders/Panasonic%20Renders/ERJ-2512%20Pkg.jpg","PT82KXTR-ND,PT82KXCT-ND,PT82KXDKR-ND","ERJ-1TYJ823U","Panasonic Electronic Components","Panasonic Electronic Components","RES SMD 82K OHM 5% 1W 2512","3,203","0.72","0","1","Tape & Reel (TR),Cut Tape (CT),Digi-Reel®","ERJ-1T","Active","82 kOhms","±5%","1W","Thick Film","Automotive AEC-Q200","±200ppm/°C","-55°C ~ 155°C","2512 (6432 Metric)","AEC-Q200","2512","0.252"" L x 0.126"" W (6.40mm x 3.20mm)","0.028"" (0.70mm)","2","-"
"https://b2b-api.panasonic.eu/file_stream/pids/fileversion/1242","//media.digikey.com/Renders/Panasonic%20Renders/ERJ-2512%20Pkg.jpg","PT91KXTR-ND,PT91KXCT-ND,PT91KXDKR-ND","ERJ-1TYJ913U","Panasonic Electronic Components","Panasonic Electronic Components","RES SMD 91K OHM 5% 1W 2512","3,910","0.72","0","1","Tape & Reel (TR),Cut Tape (CT),Digi-Reel®","ERJ-1T","Active","91 kOhms","±5%","1W","Thick Film","Automotive AEC-Q200","±200ppm/°C","-55°C ~ 155°C","2512 (6432 Metric)","AEC-Q200","2512","0.252"" L x 0.126"" W (6.40mm x 3.20mm)","0.028"" (0.70mm)","2","-"
"https://b2b-api.panasonic.eu/file_stream/pids/fileversion/1242","//media.digikey.com/Renders/Panasonic%20Renders/ERJ-2512%20Pkg.jpg","PT100KXTR-ND,PT100KXCT-ND,PT100KXDKR-ND","ERJ-1TYJ104U","Panasonic Electronic Components","Panasonic Electronic Components","RES SMD 100K OHM 5% 1W 2512","0","0.72","0","1","Tape & Reel (TR),Cut Tape (CT),Digi-Reel®","ERJ-1T","Active","100 kOhms","±5%","1W","Thick Film","Automotive AEC-Q200","±200ppm/°C","-55°C ~ 155°C","2512 (6432 Metric)","AEC-Q200","2512","0.252"" L x 0.126"" W (6.40mm x 3.20mm)","0.028"" (0.70mm)","2","-"
"https://b2b-api.panasonic.eu/file_stream/pids/fileversion/1242","//media.digikey.com/Renders/Panasonic%20Renders/ERJ-2512%20Pkg.jpg","PT110KXTR-ND,PT110KXCT-ND,PT110KXDKR-ND","ERJ-1TYJ114U","Panasonic Electronic Components","Panasonic Electronic Components","RES SMD 110K OHM 5% 1W 2512","6,098","0.72","0","1","Tape & Reel (TR),Cut Tape (CT),Digi-Reel®","ERJ-1T","Active","110 kOhms","±5%","1W","Thick Film","Automotive AEC-Q200","±200ppm/°C","-55°C ~ 155°C","2512 (6432 Metric)","AEC-Q200","2512","0.252"" L x 0.126"" W (6.40mm x 3.20mm)","0.028"" (0.70mm)","2","-"
"https://b2b-api.panasonic.eu/file_stream/pids/fileversion/1242","//media.digikey.com/Renders/Panasonic%20Renders/ERJ-2512%20Pkg.jpg","PT120KXTR-ND,PT120KXCT-ND,PT120KXDKR-ND","ERJ-1TYJ124U","Panasonic Electronic Components","Panasonic Electronic Components","RES SMD 120K OHM 5% 1W 2512","0","0.72","0","1","Tape & Reel (TR),Cut Tape (CT),Digi-Reel®","ERJ-1T","Active","120 kOhms","±5%","1W","Thick Film","Automotive AEC-Q200","±200ppm/°C","-55°C ~ 155°C","2512 (6432 Metric)","AEC-Q200","2512","0.252"" L x 0.126"" W (6.40mm x 3.20mm)","0.028"" (0.70mm)","2","-"
"https://b2b-api.panasonic.eu/file_stream/pids/fileversion/1242","//media.digikey.com/Renders/Panasonic%20Renders/ERJ-2512%20Pkg.jpg","PT130KXTR-ND,PT130KXCT-ND,PT130KXDKR-ND","ERJ-1TYJ134U","Panasonic Electronic Components","Panasonic Electronic Components","RES SMD 130K OHM 5% 1W 2512","7,200","0.72","0","1","Tape & Reel (TR),Cut Tape (CT),Digi-Reel®","ERJ-1T","Active","130 kOhms","±5%","1W","Thick Film","Automotive AEC-Q200","±200ppm/°C","-55°C ~ 155°C","2512 (6432 Metric)","AEC-Q200","2512","0.252"" L x 0.126"" W (6.40mm x 3.20mm)","0.028"" (0.70mm)","2","-"
"https://b2b-api.panasonic.eu/file_stream/pids/fileversion/1242","//media.digikey.com/Renders/Panasonic%20Renders/ERJ-2512%20Pkg.jpg","PT150KXTR-ND,PT150KXCT-ND,PT150KXDKR-ND","ERJ-1TYJ154U","Panasonic Electronic Components","Panasonic Electronic Components","RES SMD 150K OHM 5% 1W 2512","0","0.72","0","1","Tape & Reel (TR),Cut Tape (CT),Digi-Reel®","ERJ-1T","Active","150 kOhms","±5%","1W","Thick Film","Automotive AEC-Q200","±200ppm/°C","-55°C ~ 155°C","2512 (6432 Metric)","AEC-Q200","2512","0.252"" L x 0.126"" W (6.40mm x 3.20mm)","0.028"" (0.70mm)","2","-"
"https://b2b-api.panasonic.eu/file_stream/pids/fileversion/1242","//media.digikey.com/Renders/Panasonic%20Renders/ERJ-2512%20Pkg.jpg","PT160KXTR-ND,PT160KXCT-ND,PT160KXDKR-ND","ERJ-1TYJ164U","Panasonic Electronic Components","Panasonic Electronic Components","RES SMD 160K OHM 5% 1W 2512","0","0.72","0","1","Tape & Reel (TR),Cut Tape (CT),Digi-Reel®","ERJ-1T","Active","160 kOhms","±5%","1W","Thick Film","Automotive AEC-Q200","±200ppm/°C","-55°C ~ 155°C","2512 (6432 Metric)","AEC-Q200","2512","0.252"" L x 0.126"" W (6.40mm x 3.20mm)","0.028"" (0.70mm)","2","-"
"https://b2b-api.panasonic.eu/file_stream/pids/fileversion/1242","//media.digikey.com/Renders/Panasonic%20Renders/ERJ-2512%20Pkg.jpg","PT180KXTR-ND,PT180KXCT-ND,PT180KXDKR-ND","ERJ-1TYJ184U","Panasonic Electronic Components","Panasonic Electronic Components","RES SMD 180K OHM 5% 1W 2512","4,719","0.72","0","1","Tape & Reel (TR),Cut Tape (CT),Digi-Reel®","ERJ-1T","Active","180 kOhms","±5%","1W","Thick Film","Automotive AEC-Q200","±200ppm/°C","-55°C ~ 155°C","2512 (6432 Metric)","AEC-Q200","2512","0.252"" L x 0.126"" W (6.40mm x 3.20mm)","0.028"" (0.70mm)","2","-"
"https://b2b-api.panasonic.eu/file_stream/pids/fileversion/1242","//media.digikey.com/Renders/Panasonic%20Renders/ERJ-2512%20Pkg.jpg","PT200KXTR-ND,PT200KXCT-ND,PT200KXDKR-ND","ERJ-1TYJ204U","Panasonic Electronic Components","Panasonic Electronic Components","RES SMD 200K OHM 5% 1W 2512","2,895","0.72","0","1","Tape & Reel (TR),Cut Tape (CT),Digi-Reel®","ERJ-1T","Active","200 kOhms","±5%","1W","Thick Film","Automotive AEC-Q200","±200ppm/°C","-55°C ~ 155°C","2512 (6432 Metric)","AEC-Q200","2512","0.252"" L x 0.126"" W (6.40mm x 3.20mm)","0.028"" (0.70mm)","2","-"
"https://b2b-api.panasonic.eu/file_stream/pids/fileversion/1242","//media.digikey.com/Renders/Panasonic%20Renders/ERJ-2512%20Pkg.jpg","PT220KXTR-ND,PT220KXCT-ND,PT220KXDKR-ND","ERJ-1TYJ224U","Panasonic Electronic Components","Panasonic Electronic Components","RES SMD 220K OHM 5% 1W 2512","5,293","0.72","0","1","Tape & Reel (TR),Cut Tape (CT),Digi-Reel®","ERJ-1T","Active","220 kOhms","±5%","1W","Thick Film","Automotive AEC-Q200","±200ppm/°C","-55°C ~ 155°C","2512 (6432 Metric)","AEC-Q200","2512","0.252"" L x 0.126"" W (6.40mm x 3.20mm)","0.028"" (0.70mm)","2","-"
"https://b2b-api.panasonic.eu/file_stream/pids/fileversion/1242","//media.digikey.com/Renders/Panasonic%20Renders/ERJ-2512%20Pkg.jpg","PT240KXTR-ND,PT240KXCT-ND,PT240KXDKR-ND","ERJ-1TYJ244U","Panasonic Electronic Components","Panasonic Electronic Components","RES SMD 240K OHM 5% 1W 2512","0","0.72","0","1","Tape & Reel (TR),Cut Tape (CT),Digi-Reel®","ERJ-1T","Active","240 kOhms","±5%","1W","Thick Film","Automotive AEC-Q200","±200ppm/°C","-55°C ~ 155°C","2512 (6432 Metric)","AEC-Q200","2512","0.252"" L x 0.126"" W (6.40mm x 3.20mm)","0.028"" (0.70mm)","2","-"
"https://b2b-api.panasonic.eu/file_stream/pids/fileversion/1242","//media.digikey.com/Renders/Panasonic%20Renders/ERJ-2512%20Pkg.jpg","PT270KXTR-ND,PT270KXCT-ND,PT270KXDKR-ND","ERJ-1TYJ274U","Panasonic Electronic Components","Panasonic Electronic Components","RES SMD 270K OHM 5% 1W 2512","0","0.72","0","1","Tape & Reel (TR),Cut Tape (CT),Digi-Reel®","ERJ-1T","Active","270 kOhms","±5%","1W","Thick Film","Automotive AEC-Q200","±200ppm/°C","-55°C ~ 155°C","2512 (6432 Metric)","AEC-Q200","2512","0.252"" L x 0.126"" W (6.40mm x 3.20mm)","0.028"" (0.70mm)","2","-"
"https://b2b-api.panasonic.eu/file_stream/pids/fileversion/1242","//media.digikey.com/Renders/Panasonic%20Renders/ERJ-2512%20Pkg.jpg","PT300KXTR-ND,PT300KXCT-ND,PT300KXDKR-ND","ERJ-1TYJ304U","Panasonic Electronic Components","Panasonic Electronic Components","RES SMD 300K OHM 5% 1W 2512","3,098","0.72","0","1","Tape & Reel (TR),Cut Tape (CT),Digi-Reel®","ERJ-1T","Active","300 kOhms","±5%","1W","Thick Film","Automotive AEC-Q200","±200ppm/°C","-55°C ~ 155°C","2512 (6432 Metric)","AEC-Q200","2512","0.252"" L x 0.126"" W (6.40mm x 3.20mm)","0.028"" (0.70mm)","2","-"
"//media.digikey.com/pdf/Data%20Sheets/Panasonic%20Resistors%20Thermistors%20PDFs/ERJ-xG,14,12(Z),1T_Rev_Apr_2015.pdf","//media.digikey.com/Renders/Panasonic%20Renders/ERJ-2512%20Pkg.jpg","PT330KXTR-ND,PT330KXCT-ND,PT330KXDKR-ND","ERJ-1TYJ334U","Panasonic Electronic Components","Panasonic Electronic Components","RES SMD 330K OHM 5% 1W 2512","8,820","0.72","0","1","Tape & Reel (TR),Cut Tape (CT),Digi-Reel®","ERJ-1T","Active","330 kOhms","±5%","1W","Thick Film","Automotive AEC-Q200","±200ppm/°C","-55°C ~ 155°C","2512 (6432 Metric)","AEC-Q200","2512","0.252"" L x 0.126"" W (6.40mm x 3.20mm)","0.028"" (0.70mm)","2","-"
"https://b2b-api.panasonic.eu/file_stream/pids/fileversion/1242","//media.digikey.com/Renders/Panasonic%20Renders/ERJ-2512%20Pkg.jpg","PT360KXTR-ND,PT360KXCT-ND,PT360KXDKR-ND","ERJ-1TYJ364U","Panasonic Electronic Components","Panasonic Electronic Components","RES SMD 360K OHM 5% 1W 2512","1,299","0.72","0","1","Tape & Reel (TR),Cut Tape (CT),Digi-Reel®","ERJ-1T","Active","360 kOhms","±5%","1W","Thick Film","Automotive AEC-Q200","±200ppm/°C","-55°C ~ 155°C","2512 (6432 Metric)","AEC-Q200","2512","0.252"" L x 0.126"" W (6.40mm x 3.20mm)","0.028"" (0.70mm)","2","-"
"https://b2b-api.panasonic.eu/file_stream/pids/fileversion/1242","//media.digikey.com/Renders/Panasonic%20Renders/ERJ-2512%20Pkg.jpg","PT390KXTR-ND,PT390KXCT-ND,PT390KXDKR-ND","ERJ-1TYJ394U","Panasonic Electronic Components","Panasonic Electronic Components","RES SMD 390K OHM 5% 1W 2512","6,038","0.72","0","1","Tape & Reel (TR),Cut Tape (CT),Digi-Reel®","ERJ-1T","Active","390 kOhms","±5%","1W","Thick Film","Automotive AEC-Q200","±200ppm/°C","-55°C ~ 155°C","2512 (6432 Metric)","AEC-Q200","2512","0.252"" L x 0.126"" W (6.40mm x 3.20mm)","0.028"" (0.70mm)","2","-"
"//media.digikey.com/pdf/Data%20Sheets/Panasonic%20Resistors%20Thermistors%20PDFs/ERJ-xG,14,12(Z),1T_Rev_Apr_2015.pdf","//media.digikey.com/Renders/Panasonic%20Renders/ERJ-2512%20Pkg.jpg","PT430KXTR-ND,PT430KXCT-ND,PT430KXDKR-ND","ERJ-1TYJ434U","Panasonic Electronic Components","Panasonic Electronic Components","RES SMD 430K OHM 5% 1W 2512","3,998","0.72","0","1","Tape & Reel (TR),Cut Tape (CT),Digi-Reel®","ERJ-1T","Active","430 kOhms","±5%","1W","Thick Film","Automotive AEC-Q200","±200ppm/°C","-55°C ~ 155°C","2512 (6432 Metric)","AEC-Q200","2512","0.252"" L x 0.126"" W (6.40mm x 3.20mm)","0.028"" (0.70mm)","2","-"
"https://b2b-api.panasonic.eu/file_stream/pids/fileversion/1242","//media.digikey.com/Renders/Panasonic%20Renders/ERJ-2512%20Pkg.jpg","PT470KXTR-ND,PT470KXCT-ND,PT470KXDKR-ND","ERJ-1TYJ474U","Panasonic Electronic Components","Panasonic Electronic Components","RES SMD 470K OHM 5% 1W 2512","50","0.72","0","1","Tape & Reel (TR),Cut Tape (CT),Digi-Reel®","ERJ-1T","Active","470 kOhms","±5%","1W","Thick Film","Automotive AEC-Q200","±200ppm/°C","-55°C ~ 155°C","2512 (6432 Metric)","AEC-Q200","2512","0.252"" L x 0.126"" W (6.40mm x 3.20mm)","0.028"" (0.70mm)","2","-"
"https://b2b-api.panasonic.eu/file_stream/pids/fileversion/1242","//media.digikey.com/Renders/Panasonic%20Renders/ERJ-2512%20Pkg.jpg","PT510KXTR-ND,PT510KXCT-ND,PT510KXDKR-ND","ERJ-1TYJ514U","Panasonic Electronic Components","Panasonic Electronic Components","RES SMD 510K OHM 5% 1W 2512","0","0.72","0","1","Tape & Reel (TR),Cut Tape (CT),Digi-Reel®","ERJ-1T","Active","510 kOhms","±5%","1W","Thick Film","Automotive AEC-Q200","±200ppm/°C","-55°C ~ 155°C","2512 (6432 Metric)","AEC-Q200","2512","0.252"" L x 0.126"" W (6.40mm x 3.20mm)","0.028"" (0.70mm)","2","-"
"https://b2b-api.panasonic.eu/file_stream/pids/fileversion/1242","//media.digikey.com/Renders/Panasonic%20Renders/ERJ-2512%20Pkg.jpg","PT560KXTR-ND,PT560KXCT-ND,PT560KXDKR-ND","ERJ-1TYJ564U","Panasonic Electronic Components","Panasonic Electronic Components","RES SMD 560K OHM 5% 1W 2512","7,020","0.72","0","1","Tape & Reel (TR),Cut Tape (CT),Digi-Reel®","ERJ-1T","Active","560 kOhms","±5%","1W","Thick Film","Automotive AEC-Q200","±200ppm/°C","-55°C ~ 155°C","2512 (6432 Metric)","AEC-Q200","2512","0.252"" L x 0.126"" W (6.40mm x 3.20mm)","0.028"" (0.70mm)","2","-"
"//media.digikey.com/pdf/Data%20Sheets/Panasonic%20Resistors%20Thermistors%20PDFs/ERJ-xG,14,12(Z),1T_Rev_Apr_2015.pdf","//media.digikey.com/Renders/Panasonic%20Renders/ERJ-2512%20Pkg.jpg","PT620KXTR-ND,PT620KXCT-ND,PT620KXDKR-ND","ERJ-1TYJ624U","Panasonic Electronic Components","Panasonic Electronic Components","RES SMD 620K OHM 5% 1W 2512","0","0.72","0","1","Tape & Reel (TR),Cut Tape (CT),Digi-Reel®","ERJ-1T","Active","620 kOhms","±5%","1W","Thick Film","Automotive AEC-Q200","±200ppm/°C","-55°C ~ 155°C","2512 (6432 Metric)","AEC-Q200","2512","0.252"" L x 0.126"" W (6.40mm x 3.20mm)","0.028"" (0.70mm)","2","-"
"https://b2b-api.panasonic.eu/file_stream/pids/fileversion/1242","//media.digikey.com/Renders/Panasonic%20Renders/ERJ-2512%20Pkg.jpg","PT680KXTR-ND,PT680KXCT-ND,PT680KXDKR-ND","ERJ-1TYJ684U","Panasonic Electronic Components","Panasonic Electronic Components","RES SMD 680K OHM 5% 1W 2512","1,557","0.72","0","1","Tape & Reel (TR),Cut Tape (CT),Digi-Reel®","ERJ-1T","Active","680 kOhms","±5%","1W","Thick Film","Automotive AEC-Q200","±200ppm/°C","-55°C ~ 155°C","2512 (6432 Metric)","AEC-Q200","2512","0.252"" L x 0.126"" W (6.40mm x 3.20mm)","0.028"" (0.70mm)","2","-"
"https://b2b-api.panasonic.eu/file_stream/pids/fileversion/1242","//media.digikey.com/Renders/Panasonic%20Renders/ERJ-2512%20Pkg.jpg","PT750KXTR-ND,PT750KXCT-ND,PT750KXDKR-ND","ERJ-1TYJ754U","Panasonic Electronic Components","Panasonic Electronic Components","RES SMD 750K OHM 5% 1W 2512","3,706","0.72","0","1","Tape & Reel (TR),Cut Tape (CT),Digi-Reel®","ERJ-1T","Active","750 kOhms","±5%","1W","Thick Film","Automotive AEC-Q200","±200ppm/°C","-55°C ~ 155°C","2512 (6432 Metric)","AEC-Q200","2512","0.252"" L x 0.126"" W (6.40mm x 3.20mm)","0.028"" (0.70mm)","2","-"
"https://b2b-api.panasonic.eu/file_stream/pids/fileversion/1242","//media.digikey.com/Renders/Panasonic%20Renders/ERJ-2512%20Pkg.jpg","PT820KXTR-ND,PT820KXCT-ND,PT820KXDKR-ND","ERJ-1TYJ824U","Panasonic Electronic Components","Panasonic Electronic Components","RES SMD 820K OHM 5% 1W 2512","0","0.72","0","1","Tape & Reel (TR),Cut Tape (CT),Digi-Reel®","ERJ-1T","Active","820 kOhms","±5%","1W","Thick Film","Automotive AEC-Q200","±200ppm/°C","-55°C ~ 155°C","2512 (6432 Metric)","AEC-Q200","2512","0.252"" L x 0.126"" W (6.40mm x 3.20mm)","0.028"" (0.70mm)","2","-"
"https://b2b-api.panasonic.eu/file_stream/pids/fileversion/1242","//media.digikey.com/Renders/Panasonic%20Renders/ERJ-2512%20Pkg.jpg","PT910KXTR-ND,PT910KXCT-ND,PT910KXDKR-ND","ERJ-1TYJ914U","Panasonic Electronic Components","Panasonic Electronic Components","RES SMD 910K OHM 5% 1W 2512","10,910","0.72","0","1","Tape & Reel (TR),Cut Tape (CT),Digi-Reel®","ERJ-1T","Active","910 kOhms","±5%","1W","Thick Film","Automotive AEC-Q200","±200ppm/°C","-55°C ~ 155°C","2512 (6432 Metric)","AEC-Q200","2512","0.252"" L x 0.126"" W (6.40mm x 3.20mm)","0.028"" (0.70mm)","2","-"
"https://b2b-api.panasonic.eu/file_stream/pids/fileversion/1242","//media.digikey.com/Renders/Panasonic%20Renders/ERJ-2512%20Pkg.jpg","PT1.0MXTR-ND,PT1.0MXCT-ND,PT1.0MXDKR-ND","ERJ-1TYJ105U","Panasonic Electronic Components","Panasonic Electronic Components","RES SMD 1M OHM 5% 1W 2512","0","0.72","0","1","Tape & Reel (TR),Cut Tape (CT),Digi-Reel®","ERJ-1T","Active","1 MOhms","±5%","1W","Thick Film","Automotive AEC-Q200","±200ppm/°C","-55°C ~ 155°C","2512 (6432 Metric)","AEC-Q200","2512","0.252"" L x 0.126"" W (6.40mm x 3.20mm)","0.028"" (0.70mm)","2","-"
"https://b2b-api.panasonic.eu/file_stream/pids/fileversion/1242","//media.digikey.com/Renders/Panasonic%20Renders/ERJ-2512%20Pkg.jpg","PT1.1MXTR-ND,PT1.1MXCT-ND,PT1.1MXDKR-ND","ERJ-1TYJ115U","Panasonic Electronic Components","Panasonic Electronic Components","RES SMD 1.1M OHM 5% 1W 2512","5,791","0.72","0","1","Tape & Reel (TR),Cut Tape (CT),Digi-Reel®","ERJ-1T","Active","1.1 MOhms","±5%","1W","Thick Film","Automotive AEC-Q200","-400/ +150ppm/°C","-55°C ~ 155°C","2512 (6432 Metric)","AEC-Q200","2512","0.252"" L x 0.126"" W (6.40mm x 3.20mm)","0.028"" (0.70mm)","2","-"
"https://b2b-api.panasonic.eu/file_stream/pids/fileversion/1242","//media.digikey.com/Renders/Panasonic%20Renders/ERJ-2512%20Pkg.jpg","PT1.2MXTR-ND,PT1.2MXCT-ND,PT1.2MXDKR-ND","ERJ-1TYJ125U","Panasonic Electronic Components","Panasonic Electronic Components","RES SMD 1.2M OHM 5% 1W 2512","809","0.72","0","1","Tape & Reel (TR),Cut Tape (CT),Digi-Reel®","ERJ-1T","Active","1.2 MOhms","±5%","1W","Thick Film","Automotive AEC-Q200","-400/ +150ppm/°C","-55°C ~ 155°C","2512 (6432 Metric)","AEC-Q200","2512","0.252"" L x 0.126"" W (6.40mm x 3.20mm)","0.028"" (0.70mm)","2","-"
"https://b2b-api.panasonic.eu/file_stream/pids/fileversion/1242","//media.digikey.com/Renders/Panasonic%20Renders/ERJ-2512%20Pkg.jpg","PT1.3MXTR-ND,PT1.3MXCT-ND,PT1.3MXDKR-ND","ERJ-1TYJ135U","Panasonic Electronic Components","Panasonic Electronic Components","RES SMD 1.3M OHM 5% 1W 2512","7,048","0.63","0","1","Tape & Reel (TR),Cut Tape (CT),Digi-Reel®","ERJ-1T","Active","1.3 MOhms","±5%","1W","Thick Film","Automotive AEC-Q200","-400/ +150ppm/°C","-55°C ~ 155°C","2512 (6432 Metric)","AEC-Q200","2512","0.252"" L x 0.126"" W (6.40mm x 3.20mm)","0.028"" (0.70mm)","2","-"
"https://b2b-api.panasonic.eu/file_stream/pids/fileversion/1242","//media.digikey.com/Renders/Panasonic%20Renders/ERJ-2512%20Pkg.jpg","PT1.5MXTR-ND,PT1.5MXCT-ND,PT1.5MXDKR-ND","ERJ-1TYJ155U","Panasonic Electronic Components","Panasonic Electronic Components","RES SMD 1.5M OHM 5% 1W 2512","2,245","0.72","0","1","Tape & Reel (TR),Cut Tape (CT),Digi-Reel®","ERJ-1T","Active","1.5 MOhms","±5%","1W","Thick Film","Automotive AEC-Q200","-400/ +150ppm/°C","-55°C ~ 155°C","2512 (6432 Metric)","AEC-Q200","2512","0.252"" L x 0.126"" W (6.40mm x 3.20mm)","0.028"" (0.70mm)","2","-"
"//media.digikey.com/pdf/Data%20Sheets/Panasonic%20Resistors%20Thermistors%20PDFs/ERJ-xG,14,12(Z),1T_Rev_Apr_2015.pdf","//media.digikey.com/Renders/Panasonic%20Renders/ERJ-2512%20Pkg.jpg","PT1.6MXTR-ND,PT1.6MXCT-ND,PT1.6MXDKR-ND","ERJ-1TYJ165U","Panasonic Electronic Components","Panasonic Electronic Components","RES SMD 1.6M OHM 5% 1W 2512","10","0.72","0","1","Tape & Reel (TR),Cut Tape (CT),Digi-Reel®","ERJ-1T","Active","1.6 MOhms","±5%","1W","Thick Film","Automotive AEC-Q200","-400/ +150ppm/°C","-55°C ~ 155°C","2512 (6432 Metric)","AEC-Q200","2512","0.252"" L x 0.126"" W (6.40mm x 3.20mm)","0.028"" (0.70mm)","2","-"
"https://b2b-api.panasonic.eu/file_stream/pids/fileversion/1242","//media.digikey.com/Renders/Panasonic%20Renders/ERJ-2512%20Pkg.jpg","PT1.8MXTR-ND,PT1.8MXCT-ND,PT1.8MXDKR-ND","ERJ-1TYJ185U","Panasonic Electronic Components","Panasonic Electronic Components","RES SMD 1.8M OHM 5% 1W 2512","4,600","0.72","0","1","Tape & Reel (TR),Cut Tape (CT),Digi-Reel®","ERJ-1T","Active","1.8 MOhms","±5%","1W","Thick Film","Automotive AEC-Q200","-400/ +150ppm/°C","-55°C ~ 155°C","2512 (6432 Metric)","AEC-Q200","2512","0.252"" L x 0.126"" W (6.40mm x 3.20mm)","0.028"" (0.70mm)","2","-"
"https://b2b-api.panasonic.eu/file_stream/pids/fileversion/1242","//media.digikey.com/Renders/Panasonic%20Renders/ERJ-2512%20Pkg.jpg","PT2.0MXTR-ND,PT2.0MXCT-ND,PT2.0MXDKR-ND","ERJ-1TYJ205U","Panasonic Electronic Components","Panasonic Electronic Components","RES SMD 2M OHM 5% 1W 2512","1,066","0.72","0","1","Tape & Reel (TR),Cut Tape (CT),Digi-Reel®","ERJ-1T","Active","2 MOhms","±5%","1W","Thick Film","Automotive AEC-Q200","-400/ +150ppm/°C","-55°C ~ 155°C","2512 (6432 Metric)","AEC-Q200","2512","0.252"" L x 0.126"" W (6.40mm x 3.20mm)","0.028"" (0.70mm)","2","-"
"https://b2b-api.panasonic.eu/file_stream/pids/fileversion/1242","//media.digikey.com/Renders/Panasonic%20Renders/ERJ-2512%20Pkg.jpg","PT2.2MXTR-ND,PT2.2MXCT-ND,PT2.2MXDKR-ND","ERJ-1TYJ225U","Panasonic Electronic Components","Panasonic Electronic Components","RES SMD 2.2M OHM 5% 1W 2512","0","0.72","0","1","Tape & Reel (TR),Cut Tape (CT),Digi-Reel®","ERJ-1T","Active","2.2 MOhms","±5%","1W","Thick Film","Automotive AEC-Q200","-400/ +150ppm/°C","-55°C ~ 155°C","2512 (6432 Metric)","AEC-Q200","2512","0.252"" L x 0.126"" W (6.40mm x 3.20mm)","0.028"" (0.70mm)","2","-"
