Datasheet,Image,DK Part #,Mfr Part #,Mfr,Supplier,Description,Stock,Price,@ qty,Min Qty, Package,Series,Product Status,"Resistance","Tolerance","Power (Watts)","Composition","Features","Temperature Coefficient","Operating Temperature","Package / Case","Ratings","Supplier Device Package","Size / Dimension","Height - Seated (Max)","Number of Terminations","Failure Rate"
"https://www.vishay.com/docs/20043/crcwhpe3.pdf","//media.digikey.com/Photos/Vishay%20Dale%20Photos/MFG_CRCW-HP_e3_Series.jpg","CRCW121024K0FKEAHP-ND","CRCW121024K0FKEAHP","Vishay Dale","Vishay Dale","RES SMD 24K OHM 1% 3/4W 1210","0","0.15122","0","5000","Tape & Reel (TR)","CRCW-HP","Active","24 kOhms","±1%","0.75W, 3/4W","Thick Film","Automotive AEC-Q200, Pulse Withstanding","±100ppm/°C","-55°C ~ 155°C","1210 (3225 Metric)","AEC-Q200","1210","0.126"" L x 0.098"" W (3.20mm x 2.50mm)","0.028"" (0.70mm)","2","-"
"https://www.vishay.com/docs/20043/crcwhpe3.pdf","//media.digikey.com/Photos/Vishay%20Dale%20Photos/MFG_CRCW-HP_e3_Series.jpg","CRCW121024K3FKEAHP-ND","CRCW121024K3FKEAHP","Vishay Dale","Vishay Dale","RES SMD 24.3K OHM 1% 3/4W 1210","0","0.15122","0","5000","Tape & Reel (TR)","CRCW-HP","Active","24.3 kOhms","±1%","0.75W, 3/4W","Thick Film","Automotive AEC-Q200, Pulse Withstanding","±100ppm/°C","-55°C ~ 155°C","1210 (3225 Metric)","AEC-Q200","1210","0.126"" L x 0.098"" W (3.20mm x 2.50mm)","0.028"" (0.70mm)","2","-"
"https://www.vishay.com/docs/20043/crcwhpe3.pdf","//media.digikey.com/Photos/Vishay%20Dale%20Photos/MFG_CRCW-HP_e3_Series.jpg","CRCW121024K9FKEAHP-ND","CRCW121024K9FKEAHP","Vishay Dale","Vishay Dale","RES SMD 24.9K OHM 1% 3/4W 1210","0","0.08073","0","5000","Tape & Reel (TR)","CRCW-HP","Active","24.9 kOhms","±1%","0.75W, 3/4W","Thick Film","Automotive AEC-Q200, Pulse Withstanding","±100ppm/°C","-55°C ~ 155°C","1210 (3225 Metric)","AEC-Q200","1210","0.126"" L x 0.098"" W (3.20mm x 2.50mm)","0.028"" (0.70mm)","2","-"
"https://www.vishay.com/docs/20043/crcwhpe3.pdf","//media.digikey.com/Photos/Vishay%20Dale%20Photos/MFG_CRCW-HP_e3_Series.jpg","CRCW121025K5FKEAHP-ND","CRCW121025K5FKEAHP","Vishay Dale","Vishay Dale","RES SMD 25.5K OHM 1% 3/4W 1210","0","0.08073","0","5000","Tape & Reel (TR)","CRCW-HP","Active","25.5 kOhms","±1%","0.75W, 3/4W","Thick Film","Automotive AEC-Q200, Pulse Withstanding","±100ppm/°C","-55°C ~ 155°C","1210 (3225 Metric)","AEC-Q200","1210","0.126"" L x 0.098"" W (3.20mm x 2.50mm)","0.028"" (0.70mm)","2","-"
"https://www.vishay.com/docs/20043/crcwhpe3.pdf","//media.digikey.com/Photos/Vishay%20Dale%20Photos/MFG_CRCW-HP_e3_Series.jpg","CRCW121026K1FKEAHP-ND","CRCW121026K1FKEAHP","Vishay Dale","Vishay Dale","RES SMD 26.1K OHM 1% 3/4W 1210","0","0.15122","0","5000","Tape & Reel (TR)","CRCW-HP","Active","26.1 kOhms","±1%","0.75W, 3/4W","Thick Film","Automotive AEC-Q200, Pulse Withstanding","±100ppm/°C","-55°C ~ 155°C","1210 (3225 Metric)","AEC-Q200","1210","0.126"" L x 0.098"" W (3.20mm x 2.50mm)","0.028"" (0.70mm)","2","-"
"https://www.vishay.com/docs/20043/crcwhpe3.pdf","//media.digikey.com/Photos/Vishay%20Dale%20Photos/MFG_CRCW-HP_e3_Series.jpg","CRCW121026K7FKEAHP-ND","CRCW121026K7FKEAHP","Vishay Dale","Vishay Dale","RES SMD 26.7K OHM 1% 3/4W 1210","0","0.15122","0","5000","Tape & Reel (TR)","CRCW-HP","Active","26.7 kOhms","±1%","0.75W, 3/4W","Thick Film","Automotive AEC-Q200, Pulse Withstanding","±100ppm/°C","-55°C ~ 155°C","1210 (3225 Metric)","AEC-Q200","1210","0.126"" L x 0.098"" W (3.20mm x 2.50mm)","0.028"" (0.70mm)","2","-"
"https://www.vishay.com/docs/20043/crcwhpe3.pdf","//media.digikey.com/Photos/Vishay%20Dale%20Photos/MFG_CRCW-HP_e3_Series.jpg","CRCW121027K0FKEAHP-ND","CRCW121027K0FKEAHP","Vishay Dale","Vishay Dale","RES SMD 27K OHM 1% 3/4W 1210","0","0.15122","0","5000","Tape & Reel (TR)","CRCW-HP","Active","27 kOhms","±1%","0.75W, 3/4W","Thick Film","Automotive AEC-Q200, Pulse Withstanding","±100ppm/°C","-55°C ~ 155°C","1210 (3225 Metric)","AEC-Q200","1210","0.126"" L x 0.098"" W (3.20mm x 2.50mm)","0.028"" (0.70mm)","2","-"
"https://www.vishay.com/docs/20043/crcwhpe3.pdf","//media.digikey.com/Photos/Vishay%20Dale%20Photos/MFG_CRCW-HP_e3_Series.jpg","CRCW121027K4FKEAHP-ND","CRCW121027K4FKEAHP","Vishay Dale","Vishay Dale","RES SMD 27.4K OHM 1% 3/4W 1210","0","0.15122","0","5000","Tape & Reel (TR)","CRCW-HP","Active","27.4 kOhms","±1%","0.75W, 3/4W","Thick Film","Automotive AEC-Q200, Pulse Withstanding","±100ppm/°C","-55°C ~ 155°C","1210 (3225 Metric)","AEC-Q200","1210","0.126"" L x 0.098"" W (3.20mm x 2.50mm)","0.028"" (0.70mm)","2","-"
"https://www.vishay.com/docs/20043/crcwhpe3.pdf","//media.digikey.com/Photos/Vishay%20Dale%20Photos/MFG_CRCW-HP_e3_Series.jpg","CRCW121028K0FKEAHP-ND","CRCW121028K0FKEAHP","Vishay Dale","Vishay Dale","RES SMD 28K OHM 1% 3/4W 1210","0","0.08073","0","5000","Tape & Reel (TR)","CRCW-HP","Active","28 kOhms","±1%","0.75W, 3/4W","Thick Film","Automotive AEC-Q200, Pulse Withstanding","±100ppm/°C","-55°C ~ 155°C","1210 (3225 Metric)","AEC-Q200","1210","0.126"" L x 0.098"" W (3.20mm x 2.50mm)","0.028"" (0.70mm)","2","-"
"https://www.vishay.com/docs/20043/crcwhpe3.pdf","//media.digikey.com/Photos/Vishay%20Dale%20Photos/MFG_CRCW-HP_e3_Series.jpg","CRCW121028K7FKEAHP-ND","CRCW121028K7FKEAHP","Vishay Dale","Vishay Dale","RES SMD 28.7K OHM 1% 3/4W 1210","0","0.08073","0","5000","Tape & Reel (TR)","CRCW-HP","Active","28.7 kOhms","±1%","0.75W, 3/4W","Thick Film","Automotive AEC-Q200, Pulse Withstanding","±100ppm/°C","-55°C ~ 155°C","1210 (3225 Metric)","AEC-Q200","1210","0.126"" L x 0.098"" W (3.20mm x 2.50mm)","0.028"" (0.70mm)","2","-"
"https://www.vishay.com/docs/20043/crcwhpe3.pdf","//media.digikey.com/Photos/Vishay%20Dale%20Photos/MFG_CRCW-HP_e3_Series.jpg","541-29.4KDTR-ND,541-29.4KDCT-ND,541-29.4KDDKR-ND","CRCW121029K4FKEAHP","Vishay Dale","Vishay Dale","RES SMD 29.4K OHM 1% 3/4W 1210","0","0.66","0","1","Tape & Reel (TR),Cut Tape (CT),Digi-Reel®","CRCW-HP","Active","29.4 kOhms","±1%","0.75W, 3/4W","Thick Film","Automotive AEC-Q200, Pulse Withstanding","±100ppm/°C","-55°C ~ 155°C","1210 (3225 Metric)","AEC-Q200","1210","0.126"" L x 0.098"" W (3.20mm x 2.50mm)","0.028"" (0.70mm)","2","-"
"https://www.vishay.com/docs/20043/crcwhpe3.pdf","//media.digikey.com/Photos/Vishay%20Dale%20Photos/MFG_CRCW-HP_e3_Series.jpg","CRCW121030K0FKEAHP-ND","CRCW121030K0FKEAHP","Vishay Dale","Vishay Dale","RES SMD 30K OHM 1% 3/4W 1210","0","0.15122","0","5000","Tape & Reel (TR)","CRCW-HP","Active","30 kOhms","±1%","0.75W, 3/4W","Thick Film","Automotive AEC-Q200, Pulse Withstanding","±100ppm/°C","-55°C ~ 155°C","1210 (3225 Metric)","AEC-Q200","1210","0.126"" L x 0.098"" W (3.20mm x 2.50mm)","0.028"" (0.70mm)","2","-"
"https://www.vishay.com/docs/20043/crcwhpe3.pdf","//media.digikey.com/Photos/Vishay%20Dale%20Photos/MFG_CRCW-HP_e3_Series.jpg","CRCW121030K1FKEAHP-ND","CRCW121030K1FKEAHP","Vishay Dale","Vishay Dale","RES SMD 30.1K OHM 1% 3/4W 1210","0","0.15122","0","5000","Tape & Reel (TR)","CRCW-HP","Active","30.1 kOhms","±1%","0.75W, 3/4W","Thick Film","Automotive AEC-Q200, Pulse Withstanding","±100ppm/°C","-55°C ~ 155°C","1210 (3225 Metric)","AEC-Q200","1210","0.126"" L x 0.098"" W (3.20mm x 2.50mm)","0.028"" (0.70mm)","2","-"
"https://www.vishay.com/docs/20043/crcwhpe3.pdf","//media.digikey.com/Photos/Vishay%20Dale%20Photos/MFG_CRCW-HP_e3_Series.jpg","CRCW121030K9FKEAHP-ND","CRCW121030K9FKEAHP","Vishay Dale","Vishay Dale","RES SMD 30.9K OHM 1% 3/4W 1210","0","0.15122","0","5000","Tape & Reel (TR)","CRCW-HP","Active","30.9 kOhms","±1%","0.75W, 3/4W","Thick Film","Automotive AEC-Q200, Pulse Withstanding","±100ppm/°C","-55°C ~ 155°C","1210 (3225 Metric)","AEC-Q200","1210","0.126"" L x 0.098"" W (3.20mm x 2.50mm)","0.028"" (0.70mm)","2","-"
"https://www.vishay.com/docs/20043/crcwhpe3.pdf","//media.digikey.com/Photos/Vishay%20Dale%20Photos/MFG_CRCW-HP_e3_Series.jpg","CRCW121031K6FKEAHP-ND","CRCW121031K6FKEAHP","Vishay Dale","Vishay Dale","RES SMD 31.6K OHM 1% 3/4W 1210","0","0.08073","0","5000","Tape & Reel (TR)","CRCW-HP","Active","31.6 kOhms","±1%","0.75W, 3/4W","Thick Film","Automotive AEC-Q200, Pulse Withstanding","±100ppm/°C","-55°C ~ 155°C","1210 (3225 Metric)","AEC-Q200","1210","0.126"" L x 0.098"" W (3.20mm x 2.50mm)","0.028"" (0.70mm)","2","-"
"https://www.vishay.com/docs/20043/crcwhpe3.pdf","//media.digikey.com/Photos/Vishay%20Dale%20Photos/MFG_CRCW-HP_e3_Series.jpg","CRCW121032K4FKEAHP-ND","CRCW121032K4FKEAHP","Vishay Dale","Vishay Dale","RES SMD 32.4K OHM 1% 3/4W 1210","0","0.08073","0","5000","Tape & Reel (TR)","CRCW-HP","Active","32.4 kOhms","±1%","0.75W, 3/4W","Thick Film","Automotive AEC-Q200, Pulse Withstanding","±100ppm/°C","-55°C ~ 155°C","1210 (3225 Metric)","AEC-Q200","1210","0.126"" L x 0.098"" W (3.20mm x 2.50mm)","0.028"" (0.70mm)","2","-"
"https://www.vishay.com/docs/20043/crcwhpe3.pdf","//media.digikey.com/Photos/Vishay%20Dale%20Photos/MFG_CRCW-HP_e3_Series.jpg","CRCW121033K0FKEAHP-ND","CRCW121033K0FKEAHP","Vishay Dale","Vishay Dale","RES SMD 33K OHM 1% 3/4W 1210","0","0.15122","0","5000","Tape & Reel (TR)","CRCW-HP","Active","33 kOhms","±1%","0.75W, 3/4W","Thick Film","Automotive AEC-Q200, Pulse Withstanding","±100ppm/°C","-55°C ~ 155°C","1210 (3225 Metric)","AEC-Q200","1210","0.126"" L x 0.098"" W (3.20mm x 2.50mm)","0.028"" (0.70mm)","2","-"
"https://www.vishay.com/docs/20043/crcwhpe3.pdf","//media.digikey.com/Photos/Vishay%20Dale%20Photos/MFG_CRCW-HP_e3_Series.jpg","CRCW121033K2FKEAHP-ND","CRCW121033K2FKEAHP","Vishay Dale","Vishay Dale","RES SMD 33.2K OHM 1% 3/4W 1210","0","0.08073","0","5000","Tape & Reel (TR)","CRCW-HP","Active","33.2 kOhms","±1%","0.75W, 3/4W","Thick Film","Automotive AEC-Q200, Pulse Withstanding","±100ppm/°C","-55°C ~ 155°C","1210 (3225 Metric)","AEC-Q200","1210","0.126"" L x 0.098"" W (3.20mm x 2.50mm)","0.028"" (0.70mm)","2","-"
"https://www.vishay.com/docs/20043/crcwhpe3.pdf","//media.digikey.com/Photos/Vishay%20Dale%20Photos/MFG_CRCW-HP_e3_Series.jpg","CRCW121034K0FKEAHP-ND","CRCW121034K0FKEAHP","Vishay Dale","Vishay Dale","RES SMD 34K OHM 1% 3/4W 1210","0","0.08073","0","5000","Tape & Reel (TR)","CRCW-HP","Active","34 kOhms","±1%","0.75W, 3/4W","Thick Film","Automotive AEC-Q200, Pulse Withstanding","±100ppm/°C","-55°C ~ 155°C","1210 (3225 Metric)","AEC-Q200","1210","0.126"" L x 0.098"" W (3.20mm x 2.50mm)","0.028"" (0.70mm)","2","-"
"https://www.vishay.com/docs/20043/crcwhpe3.pdf","//media.digikey.com/Photos/Vishay%20Dale%20Photos/MFG_CRCW-HP_e3_Series.jpg","CRCW121034K8FKEAHP-ND","CRCW121034K8FKEAHP","Vishay Dale","Vishay Dale","RES SMD 34.8K OHM 1% 3/4W 1210","0","0.08073","0","5000","Tape & Reel (TR)","CRCW-HP","Active","34.8 kOhms","±1%","0.75W, 3/4W","Thick Film","Automotive AEC-Q200, Pulse Withstanding","±100ppm/°C","-55°C ~ 155°C","1210 (3225 Metric)","AEC-Q200","1210","0.126"" L x 0.098"" W (3.20mm x 2.50mm)","0.028"" (0.70mm)","2","-"
"https://www.vishay.com/docs/20043/crcwhpe3.pdf","//media.digikey.com/Photos/Vishay%20Dale%20Photos/MFG_CRCW-HP_e3_Series.jpg","CRCW121035K7FKEAHP-ND","CRCW121035K7FKEAHP","Vishay Dale","Vishay Dale","RES SMD 35.7K OHM 1% 3/4W 1210","0","0.08073","0","5000","Tape & Reel (TR)","CRCW-HP","Active","35.7 kOhms","±1%","0.75W, 3/4W","Thick Film","Automotive AEC-Q200, Pulse Withstanding","±100ppm/°C","-55°C ~ 155°C","1210 (3225 Metric)","AEC-Q200","1210","0.126"" L x 0.098"" W (3.20mm x 2.50mm)","0.028"" (0.70mm)","2","-"
"https://www.vishay.com/docs/20043/crcwhpe3.pdf","//media.digikey.com/Photos/Vishay%20Dale%20Photos/MFG_CRCW-HP_e3_Series.jpg","CRCW121036K0FKEAHP-ND","CRCW121036K0FKEAHP","Vishay Dale","Vishay Dale","RES SMD 36K OHM 1% 3/4W 1210","0","0.15122","0","5000","Tape & Reel (TR)","CRCW-HP","Active","36 kOhms","±1%","0.75W, 3/4W","Thick Film","Automotive AEC-Q200, Pulse Withstanding","±100ppm/°C","-55°C ~ 155°C","1210 (3225 Metric)","AEC-Q200","1210","0.126"" L x 0.098"" W (3.20mm x 2.50mm)","0.028"" (0.70mm)","2","-"
"https://www.vishay.com/docs/20043/crcwhpe3.pdf","//media.digikey.com/Photos/Vishay%20Dale%20Photos/MFG_CRCW-HP_e3_Series.jpg","CRCW121036K5FKEAHP-ND","CRCW121036K5FKEAHP","Vishay Dale","Vishay Dale","RES SMD 36.5K OHM 1% 3/4W 1210","0","0.08073","0","5000","Tape & Reel (TR)","CRCW-HP","Active","36.5 kOhms","±1%","0.75W, 3/4W","Thick Film","Automotive AEC-Q200, Pulse Withstanding","±100ppm/°C","-55°C ~ 155°C","1210 (3225 Metric)","AEC-Q200","1210","0.126"" L x 0.098"" W (3.20mm x 2.50mm)","0.028"" (0.70mm)","2","-"
"https://www.vishay.com/docs/20043/crcwhpe3.pdf","//media.digikey.com/Photos/Vishay%20Dale%20Photos/MFG_CRCW-HP_e3_Series.jpg","CRCW121037K4FKEAHP-ND","CRCW121037K4FKEAHP","Vishay Dale","Vishay Dale","RES SMD 37.4K OHM 1% 3/4W 1210","0","0.15122","0","5000","Tape & Reel (TR)","CRCW-HP","Active","37.4 kOhms","±1%","0.75W, 3/4W","Thick Film","Automotive AEC-Q200, Pulse Withstanding","±100ppm/°C","-55°C ~ 155°C","1210 (3225 Metric)","AEC-Q200","1210","0.126"" L x 0.098"" W (3.20mm x 2.50mm)","0.028"" (0.70mm)","2","-"
"https://www.vishay.com/docs/20043/crcwhpe3.pdf","//media.digikey.com/Photos/Vishay%20Dale%20Photos/MFG_CRCW-HP_e3_Series.jpg","CRCW121038K3FKEAHP-ND","CRCW121038K3FKEAHP","Vishay Dale","Vishay Dale","RES SMD 38.3K OHM 1% 3/4W 1210","0","0.08073","0","5000","Tape & Reel (TR)","CRCW-HP","Active","38.3 kOhms","±1%","0.75W, 3/4W","Thick Film","Automotive AEC-Q200, Pulse Withstanding","±100ppm/°C","-55°C ~ 155°C","1210 (3225 Metric)","AEC-Q200","1210","0.126"" L x 0.098"" W (3.20mm x 2.50mm)","0.028"" (0.70mm)","2","-"
"https://www.vishay.com/docs/20043/crcwhpe3.pdf","//media.digikey.com/Photos/Vishay%20Dale%20Photos/MFG_CRCW-HP_e3_Series.jpg","CRCW121039K0FKEAHPTR-ND,CRCW121039K0FKEAHPCT-ND,CRCW121039K0FKEAHPDKR-ND","CRCW121039K0FKEAHP","Vishay Dale","Vishay Dale","RES SMD 39K OHM 1% 3/4W 1210","0","0.15122","0","5000","Tape & Reel (TR),Cut Tape (CT),Digi-Reel®","CRCW-HP","Active","39 kOhms","±1%","0.75W, 3/4W","Thick Film","Automotive AEC-Q200, Pulse Withstanding","±100ppm/°C","-55°C ~ 155°C","1210 (3225 Metric)","AEC-Q200","1210","0.126"" L x 0.098"" W (3.20mm x 2.50mm)","0.028"" (0.70mm)","2","-"
"https://www.vishay.com/docs/20043/crcwhpe3.pdf","//media.digikey.com/Photos/Vishay%20Dale%20Photos/MFG_CRCW-HP_e3_Series.jpg","CRCW121039K2FKEAHP-ND","CRCW121039K2FKEAHP","Vishay Dale","Vishay Dale","RES SMD 39.2K OHM 1% 3/4W 1210","0","0.08073","0","5000","Tape & Reel (TR)","CRCW-HP","Active","39.2 kOhms","±1%","0.75W, 3/4W","Thick Film","Automotive AEC-Q200, Pulse Withstanding","±100ppm/°C","-55°C ~ 155°C","1210 (3225 Metric)","AEC-Q200","1210","0.126"" L x 0.098"" W (3.20mm x 2.50mm)","0.028"" (0.70mm)","2","-"
"https://www.vishay.com/docs/20043/crcwhpe3.pdf","//media.digikey.com/Photos/Vishay%20Dale%20Photos/MFG_CRCW-HP_e3_Series.jpg","CRCW121040K2FKEAHP-ND","CRCW121040K2FKEAHP","Vishay Dale","Vishay Dale","RES SMD 40.2K OHM 1% 3/4W 1210","0","0.15122","0","5000","Tape & Reel (TR)","CRCW-HP","Active","40.2 kOhms","±1%","0.75W, 3/4W","Thick Film","Automotive AEC-Q200, Pulse Withstanding","±100ppm/°C","-55°C ~ 155°C","1210 (3225 Metric)","AEC-Q200","1210","0.126"" L x 0.098"" W (3.20mm x 2.50mm)","0.028"" (0.70mm)","2","-"
"https://www.vishay.com/docs/20043/crcwhpe3.pdf","//media.digikey.com/Photos/Vishay%20Dale%20Photos/MFG_CRCW-HP_e3_Series.jpg","CRCW121041K2FKEAHP-ND","CRCW121041K2FKEAHP","Vishay Dale","Vishay Dale","RES SMD 41.2K OHM 1% 3/4W 1210","0","0.08073","0","5000","Tape & Reel (TR)","CRCW-HP","Active","41.2 kOhms","±1%","0.75W, 3/4W","Thick Film","Automotive AEC-Q200, Pulse Withstanding","±100ppm/°C","-55°C ~ 155°C","1210 (3225 Metric)","AEC-Q200","1210","0.126"" L x 0.098"" W (3.20mm x 2.50mm)","0.028"" (0.70mm)","2","-"
"https://www.vishay.com/docs/20043/crcwhpe3.pdf","//media.digikey.com/Photos/Vishay%20Dale%20Photos/MFG_CRCW-HP_e3_Series.jpg","CRCW121042K2FKEAHP-ND","CRCW121042K2FKEAHP","Vishay Dale","Vishay Dale","RES SMD 42.2K OHM 1% 3/4W 1210","0","0.08073","0","5000","Tape & Reel (TR)","CRCW-HP","Active","42.2 kOhms","±1%","0.75W, 3/4W","Thick Film","Automotive AEC-Q200, Pulse Withstanding","±100ppm/°C","-55°C ~ 155°C","1210 (3225 Metric)","AEC-Q200","1210","0.126"" L x 0.098"" W (3.20mm x 2.50mm)","0.028"" (0.70mm)","2","-"
"https://www.vishay.com/docs/20043/crcwhpe3.pdf","//media.digikey.com/Photos/Vishay%20Dale%20Photos/MFG_CRCW-HP_e3_Series.jpg","541-43.0KDTR-ND,541-43.0KDCT-ND,541-43.0KDDKR-ND","CRCW121043K0FKEAHP","Vishay Dale","Vishay Dale","RES SMD 43K OHM 1% 3/4W 1210","107","0.66","0","1","Tape & Reel (TR),Cut Tape (CT),Digi-Reel®","CRCW-HP","Active","43 kOhms","±1%","0.75W, 3/4W","Thick Film","Automotive AEC-Q200, Pulse Withstanding","±100ppm/°C","-55°C ~ 155°C","1210 (3225 Metric)","AEC-Q200","1210","0.126"" L x 0.098"" W (3.20mm x 2.50mm)","0.028"" (0.70mm)","2","-"
"https://www.vishay.com/docs/20043/crcwhpe3.pdf","//media.digikey.com/Photos/Vishay%20Dale%20Photos/MFG_CRCW-HP_e3_Series.jpg","CRCW121043K2FKEAHP-ND","CRCW121043K2FKEAHP","Vishay Dale","Vishay Dale","RES SMD 43.2K OHM 1% 3/4W 1210","0","0.08073","0","5000","Tape & Reel (TR)","CRCW-HP","Active","43.2 kOhms","±1%","0.75W, 3/4W","Thick Film","Automotive AEC-Q200, Pulse Withstanding","±100ppm/°C","-55°C ~ 155°C","1210 (3225 Metric)","AEC-Q200","1210","0.126"" L x 0.098"" W (3.20mm x 2.50mm)","0.028"" (0.70mm)","2","-"
"https://www.vishay.com/docs/20043/crcwhpe3.pdf","//media.digikey.com/Photos/Vishay%20Dale%20Photos/MFG_CRCW-HP_e3_Series.jpg","CRCW121044K2FKEAHP-ND","CRCW121044K2FKEAHP","Vishay Dale","Vishay Dale","RES SMD 44.2K OHM 1% 3/4W 1210","0","0.15122","0","5000","Tape & Reel (TR)","CRCW-HP","Active","44.2 kOhms","±1%","0.75W, 3/4W","Thick Film","Automotive AEC-Q200, Pulse Withstanding","±100ppm/°C","-55°C ~ 155°C","1210 (3225 Metric)","AEC-Q200","1210","0.126"" L x 0.098"" W (3.20mm x 2.50mm)","0.028"" (0.70mm)","2","-"
"https://www.vishay.com/docs/20043/crcwhpe3.pdf","//media.digikey.com/Photos/Vishay%20Dale%20Photos/MFG_CRCW-HP_e3_Series.jpg","CRCW121045K3FKEAHP-ND","CRCW121045K3FKEAHP","Vishay Dale","Vishay Dale","RES SMD 45.3K OHM 1% 3/4W 1210","0","0.08073","0","5000","Tape & Reel (TR)","CRCW-HP","Active","45.3 kOhms","±1%","0.75W, 3/4W","Thick Film","Automotive AEC-Q200, Pulse Withstanding","±100ppm/°C","-55°C ~ 155°C","1210 (3225 Metric)","AEC-Q200","1210","0.126"" L x 0.098"" W (3.20mm x 2.50mm)","0.028"" (0.70mm)","2","-"
"https://www.vishay.com/docs/20043/crcwhpe3.pdf","//media.digikey.com/Photos/Vishay%20Dale%20Photos/MFG_CRCW-HP_e3_Series.jpg","CRCW121046K4FKEAHP-ND","CRCW121046K4FKEAHP","Vishay Dale","Vishay Dale","RES SMD 46.4K OHM 1% 3/4W 1210","0","0.08073","0","5000","Tape & Reel (TR)","CRCW-HP","Active","46.4 kOhms","±1%","0.75W, 3/4W","Thick Film","Automotive AEC-Q200, Pulse Withstanding","±100ppm/°C","-55°C ~ 155°C","1210 (3225 Metric)","AEC-Q200","1210","0.126"" L x 0.098"" W (3.20mm x 2.50mm)","0.028"" (0.70mm)","2","-"
"https://www.vishay.com/docs/20043/crcwhpe3.pdf","//media.digikey.com/Photos/Vishay%20Dale%20Photos/MFG_CRCW-HP_e3_Series.jpg","541-47.0KDTR-ND,541-47.0KDCT-ND,541-47.0KDDKR-ND","CRCW121047K0FKEAHP","Vishay Dale","Vishay Dale","RES SMD 47K OHM 1% 3/4W 1210","0","0.66","0","1","Tape & Reel (TR),Cut Tape (CT),Digi-Reel®","CRCW-HP","Active","47 kOhms","±1%","0.75W, 3/4W","Thick Film","Automotive AEC-Q200, Pulse Withstanding","±100ppm/°C","-55°C ~ 155°C","1210 (3225 Metric)","AEC-Q200","1210","0.126"" L x 0.098"" W (3.20mm x 2.50mm)","0.028"" (0.70mm)","2","-"
"https://www.vishay.com/docs/20043/crcwhpe3.pdf","//media.digikey.com/Photos/Vishay%20Dale%20Photos/MFG_CRCW-HP_e3_Series.jpg","CRCW121047K5FKEAHP-ND","CRCW121047K5FKEAHP","Vishay Dale","Vishay Dale","RES SMD 47.5K OHM 1% 3/4W 1210","0","0.08073","0","5000","Tape & Reel (TR)","CRCW-HP","Active","47.5 kOhms","±1%","0.75W, 3/4W","Thick Film","Automotive AEC-Q200, Pulse Withstanding","±100ppm/°C","-55°C ~ 155°C","1210 (3225 Metric)","AEC-Q200","1210","0.126"" L x 0.098"" W (3.20mm x 2.50mm)","0.028"" (0.70mm)","2","-"
"https://www.vishay.com/docs/20043/crcwhpe3.pdf","//media.digikey.com/Photos/Vishay%20Dale%20Photos/MFG_CRCW-HP_e3_Series.jpg","CRCW121048K7FKEAHP-ND","CRCW121048K7FKEAHP","Vishay Dale","Vishay Dale","RES SMD 48.7K OHM 1% 3/4W 1210","0","0.08073","0","5000","Tape & Reel (TR)","CRCW-HP","Active","48.7 kOhms","±1%","0.75W, 3/4W","Thick Film","Automotive AEC-Q200, Pulse Withstanding","±100ppm/°C","-55°C ~ 155°C","1210 (3225 Metric)","AEC-Q200","1210","0.126"" L x 0.098"" W (3.20mm x 2.50mm)","0.028"" (0.70mm)","2","-"
"https://www.vishay.com/docs/20043/crcwhpe3.pdf","//media.digikey.com/Photos/Vishay%20Dale%20Photos/MFG_CRCW-HP_e3_Series.jpg","CRCW121049K9FKEAHP-ND","CRCW121049K9FKEAHP","Vishay Dale","Vishay Dale","RES SMD 49.9K OHM 1% 3/4W 1210","0","0.08073","0","5000","Tape & Reel (TR)","CRCW-HP","Active","49.9 kOhms","±1%","0.75W, 3/4W","Thick Film","Automotive AEC-Q200, Pulse Withstanding","±100ppm/°C","-55°C ~ 155°C","1210 (3225 Metric)","AEC-Q200","1210","0.126"" L x 0.098"" W (3.20mm x 2.50mm)","0.028"" (0.70mm)","2","-"
"https://www.vishay.com/docs/20043/crcwhpe3.pdf","//media.digikey.com/Photos/Vishay%20Dale%20Photos/MFG_CRCW-HP_e3_Series.jpg","CRCW121051K0FKEAHP-ND","CRCW121051K0FKEAHP","Vishay Dale","Vishay Dale","RES SMD 51K OHM 1% 3/4W 1210","0","0.15122","0","5000","Tape & Reel (TR)","CRCW-HP","Active","51 kOhms","±1%","0.75W, 3/4W","Thick Film","Automotive AEC-Q200, Pulse Withstanding","±100ppm/°C","-55°C ~ 155°C","1210 (3225 Metric)","AEC-Q200","1210","0.126"" L x 0.098"" W (3.20mm x 2.50mm)","0.028"" (0.70mm)","2","-"
"https://www.vishay.com/docs/20043/crcwhpe3.pdf","//media.digikey.com/Photos/Vishay%20Dale%20Photos/MFG_CRCW-HP_e3_Series.jpg","CRCW121051K1FKEAHP-ND","CRCW121051K1FKEAHP","Vishay Dale","Vishay Dale","RES SMD 51.1K OHM 1% 3/4W 1210","0","0.08073","0","5000","Tape & Reel (TR)","CRCW-HP","Active","51.1 kOhms","±1%","0.75W, 3/4W","Thick Film","Automotive AEC-Q200, Pulse Withstanding","±100ppm/°C","-55°C ~ 155°C","1210 (3225 Metric)","AEC-Q200","1210","0.126"" L x 0.098"" W (3.20mm x 2.50mm)","0.028"" (0.70mm)","2","-"
"https://www.vishay.com/docs/20043/crcwhpe3.pdf","//media.digikey.com/Photos/Vishay%20Dale%20Photos/MFG_CRCW-HP_e3_Series.jpg","CRCW121052K3FKEAHP-ND","CRCW121052K3FKEAHP","Vishay Dale","Vishay Dale","RES SMD 52.3K OHM 1% 3/4W 1210","0","0.08073","0","5000","Tape & Reel (TR)","CRCW-HP","Active","52.3 kOhms","±1%","0.75W, 3/4W","Thick Film","Automotive AEC-Q200, Pulse Withstanding","±100ppm/°C","-55°C ~ 155°C","1210 (3225 Metric)","AEC-Q200","1210","0.126"" L x 0.098"" W (3.20mm x 2.50mm)","0.028"" (0.70mm)","2","-"
"https://www.vishay.com/docs/20043/crcwhpe3.pdf","//media.digikey.com/Photos/Vishay%20Dale%20Photos/MFG_CRCW-HP_e3_Series.jpg","CRCW121053K6FKEAHP-ND","CRCW121053K6FKEAHP","Vishay Dale","Vishay Dale","RES SMD 53.6K OHM 1% 3/4W 1210","0","0.08073","0","5000","Tape & Reel (TR)","CRCW-HP","Active","53.6 kOhms","±1%","0.75W, 3/4W","Thick Film","Automotive AEC-Q200, Pulse Withstanding","±100ppm/°C","-55°C ~ 155°C","1210 (3225 Metric)","AEC-Q200","1210","0.126"" L x 0.098"" W (3.20mm x 2.50mm)","0.028"" (0.70mm)","2","-"
"https://www.vishay.com/docs/20043/crcwhpe3.pdf","//media.digikey.com/Photos/Vishay%20Dale%20Photos/MFG_CRCW-HP_e3_Series.jpg","CRCW121054K9FKEAHP-ND","CRCW121054K9FKEAHP","Vishay Dale","Vishay Dale","RES SMD 54.9K OHM 1% 3/4W 1210","0","0.08073","0","5000","Tape & Reel (TR)","CRCW-HP","Active","54.9 kOhms","±1%","0.75W, 3/4W","Thick Film","Automotive AEC-Q200, Pulse Withstanding","±100ppm/°C","-55°C ~ 155°C","1210 (3225 Metric)","AEC-Q200","1210","0.126"" L x 0.098"" W (3.20mm x 2.50mm)","0.028"" (0.70mm)","2","-"
"https://www.vishay.com/docs/20043/crcwhpe3.pdf","//media.digikey.com/Photos/Vishay%20Dale%20Photos/MFG_CRCW-HP_e3_Series.jpg","CRCW121056K0FKEAHP-ND","CRCW121056K0FKEAHP","Vishay Dale","Vishay Dale","RES SMD 56K OHM 1% 3/4W 1210","0","0.08073","0","5000","Tape & Reel (TR)","CRCW-HP","Active","56 kOhms","±1%","0.75W, 3/4W","Thick Film","Automotive AEC-Q200, Pulse Withstanding","±100ppm/°C","-55°C ~ 155°C","1210 (3225 Metric)","AEC-Q200","1210","0.126"" L x 0.098"" W (3.20mm x 2.50mm)","0.028"" (0.70mm)","2","-"
"https://www.vishay.com/docs/20043/crcwhpe3.pdf","//media.digikey.com/Photos/Vishay%20Dale%20Photos/MFG_CRCW-HP_e3_Series.jpg","CRCW121056K2FKEAHP-ND","CRCW121056K2FKEAHP","Vishay Dale","Vishay Dale","RES SMD 56.2K OHM 1% 3/4W 1210","0","0.08073","0","5000","Tape & Reel (TR)","CRCW-HP","Active","56.2 kOhms","±1%","0.75W, 3/4W","Thick Film","Automotive AEC-Q200, Pulse Withstanding","±100ppm/°C","-55°C ~ 155°C","1210 (3225 Metric)","AEC-Q200","1210","0.126"" L x 0.098"" W (3.20mm x 2.50mm)","0.028"" (0.70mm)","2","-"
"https://www.vishay.com/docs/20043/crcwhpe3.pdf","//media.digikey.com/Photos/Vishay%20Dale%20Photos/MFG_CRCW-HP_e3_Series.jpg","CRCW121057K6FKEAHP-ND","CRCW121057K6FKEAHP","Vishay Dale","Vishay Dale","RES SMD 57.6K OHM 1% 3/4W 1210","0","0.08073","0","5000","Tape & Reel (TR)","CRCW-HP","Active","57.6 kOhms","±1%","0.75W, 3/4W","Thick Film","Automotive AEC-Q200, Pulse Withstanding","±100ppm/°C","-55°C ~ 155°C","1210 (3225 Metric)","AEC-Q200","1210","0.126"" L x 0.098"" W (3.20mm x 2.50mm)","0.028"" (0.70mm)","2","-"
"https://www.vishay.com/docs/20043/crcwhpe3.pdf","//media.digikey.com/Photos/Vishay%20Dale%20Photos/MFG_CRCW-HP_e3_Series.jpg","CRCW121059K0FKEAHP-ND","CRCW121059K0FKEAHP","Vishay Dale","Vishay Dale","RES SMD 59K OHM 1% 3/4W 1210","0","0.08073","0","5000","Tape & Reel (TR)","CRCW-HP","Active","59 kOhms","±1%","0.75W, 3/4W","Thick Film","Automotive AEC-Q200, Pulse Withstanding","±100ppm/°C","-55°C ~ 155°C","1210 (3225 Metric)","AEC-Q200","1210","0.126"" L x 0.098"" W (3.20mm x 2.50mm)","0.028"" (0.70mm)","2","-"
"https://www.vishay.com/docs/20043/crcwhpe3.pdf","//media.digikey.com/Photos/Vishay%20Dale%20Photos/MFG_CRCW-HP_e3_Series.jpg","CRCW121060K4FKEAHP-ND","CRCW121060K4FKEAHP","Vishay Dale","Vishay Dale","RES SMD 60.4K OHM 1% 3/4W 1210","0","0.08073","0","5000","Tape & Reel (TR)","CRCW-HP","Active","60.4 kOhms","±1%","0.75W, 3/4W","Thick Film","Automotive AEC-Q200, Pulse Withstanding","±100ppm/°C","-55°C ~ 155°C","1210 (3225 Metric)","AEC-Q200","1210","0.126"" L x 0.098"" W (3.20mm x 2.50mm)","0.028"" (0.70mm)","2","-"
"https://www.vishay.com/docs/20043/crcwhpe3.pdf","//media.digikey.com/Photos/Vishay%20Dale%20Photos/MFG_CRCW-HP_e3_Series.jpg","CRCW121061K9FKEAHP-ND","CRCW121061K9FKEAHP","Vishay Dale","Vishay Dale","RES SMD 61.9K OHM 1% 3/4W 1210","0","0.08073","0","5000","Tape & Reel (TR)","CRCW-HP","Active","61.9 kOhms","±1%","0.75W, 3/4W","Thick Film","Automotive AEC-Q200, Pulse Withstanding","±100ppm/°C","-55°C ~ 155°C","1210 (3225 Metric)","AEC-Q200","1210","0.126"" L x 0.098"" W (3.20mm x 2.50mm)","0.028"" (0.70mm)","2","-"
"https://www.vishay.com/docs/20043/crcwhpe3.pdf","//media.digikey.com/Photos/Vishay%20Dale%20Photos/MFG_CRCW-HP_e3_Series.jpg","CRCW121062K0FKEAHP-ND","CRCW121062K0FKEAHP","Vishay Dale","Vishay Dale","RES SMD 62K OHM 1% 3/4W 1210","0","0.08073","0","5000","Tape & Reel (TR)","CRCW-HP","Active","62 kOhms","±1%","0.75W, 3/4W","Thick Film","Automotive AEC-Q200, Pulse Withstanding","±100ppm/°C","-55°C ~ 155°C","1210 (3225 Metric)","AEC-Q200","1210","0.126"" L x 0.098"" W (3.20mm x 2.50mm)","0.028"" (0.70mm)","2","-"
"https://www.vishay.com/docs/20043/crcwhpe3.pdf","//media.digikey.com/Photos/Vishay%20Dale%20Photos/MFG_CRCW-HP_e3_Series.jpg","CRCW121063K4FKEAHP-ND","CRCW121063K4FKEAHP","Vishay Dale","Vishay Dale","RES SMD 63.4K OHM 1% 3/4W 1210","0","0.08073","0","5000","Tape & Reel (TR)","CRCW-HP","Active","63.4 kOhms","±1%","0.75W, 3/4W","Thick Film","Automotive AEC-Q200, Pulse Withstanding","±100ppm/°C","-55°C ~ 155°C","1210 (3225 Metric)","AEC-Q200","1210","0.126"" L x 0.098"" W (3.20mm x 2.50mm)","0.028"" (0.70mm)","2","-"
"https://www.vishay.com/docs/20043/crcwhpe3.pdf","//media.digikey.com/Photos/Vishay%20Dale%20Photos/MFG_CRCW-HP_e3_Series.jpg","CRCW121064K9FKEAHP-ND","CRCW121064K9FKEAHP","Vishay Dale","Vishay Dale","RES SMD 64.9K OHM 1% 3/4W 1210","0","0.08073","0","5000","Tape & Reel (TR)","CRCW-HP","Active","64.9 kOhms","±1%","0.75W, 3/4W","Thick Film","Automotive AEC-Q200, Pulse Withstanding","±100ppm/°C","-55°C ~ 155°C","1210 (3225 Metric)","AEC-Q200","1210","0.126"" L x 0.098"" W (3.20mm x 2.50mm)","0.028"" (0.70mm)","2","-"
"https://www.vishay.com/docs/20043/crcwhpe3.pdf","//media.digikey.com/Photos/Vishay%20Dale%20Photos/MFG_CRCW-HP_e3_Series.jpg","CRCW121066K5FKEAHP-ND","CRCW121066K5FKEAHP","Vishay Dale","Vishay Dale","RES SMD 66.5K OHM 1% 3/4W 1210","0","0.08073","0","5000","Tape & Reel (TR)","CRCW-HP","Active","66.5 kOhms","±1%","0.75W, 3/4W","Thick Film","Automotive AEC-Q200, Pulse Withstanding","±100ppm/°C","-55°C ~ 155°C","1210 (3225 Metric)","AEC-Q200","1210","0.126"" L x 0.098"" W (3.20mm x 2.50mm)","0.028"" (0.70mm)","2","-"
"https://www.vishay.com/docs/20043/crcwhpe3.pdf","//media.digikey.com/Photos/Vishay%20Dale%20Photos/MFG_CRCW-HP_e3_Series.jpg","CRCW121068K0FKEAHP-ND","CRCW121068K0FKEAHP","Vishay Dale","Vishay Dale","RES SMD 68K OHM 1% 3/4W 1210","0","0.15122","0","5000","Tape & Reel (TR)","CRCW-HP","Active","68 kOhms","±1%","0.75W, 3/4W","Thick Film","Automotive AEC-Q200, Pulse Withstanding","±100ppm/°C","-55°C ~ 155°C","1210 (3225 Metric)","AEC-Q200","1210","0.126"" L x 0.098"" W (3.20mm x 2.50mm)","0.028"" (0.70mm)","2","-"
"https://www.vishay.com/docs/20043/crcwhpe3.pdf","//media.digikey.com/Photos/Vishay%20Dale%20Photos/MFG_CRCW-HP_e3_Series.jpg","CRCW121068K1FKEAHP-ND","CRCW121068K1FKEAHP","Vishay Dale","Vishay Dale","RES SMD 68.1K OHM 1% 3/4W 1210","0","0.08073","0","5000","Tape & Reel (TR)","CRCW-HP","Active","68.1 kOhms","±1%","0.75W, 3/4W","Thick Film","Automotive AEC-Q200, Pulse Withstanding","±100ppm/°C","-55°C ~ 155°C","1210 (3225 Metric)","AEC-Q200","1210","0.126"" L x 0.098"" W (3.20mm x 2.50mm)","0.028"" (0.70mm)","2","-"
"https://www.vishay.com/docs/20043/crcwhpe3.pdf","//media.digikey.com/Photos/Vishay%20Dale%20Photos/MFG_CRCW-HP_e3_Series.jpg","CRCW121069K8FKEAHP-ND","CRCW121069K8FKEAHP","Vishay Dale","Vishay Dale","RES SMD 69.8K OHM 1% 3/4W 1210","0","0.08073","0","5000","Tape & Reel (TR)","CRCW-HP","Active","69.8 kOhms","±1%","0.75W, 3/4W","Thick Film","Automotive AEC-Q200, Pulse Withstanding","±100ppm/°C","-55°C ~ 155°C","1210 (3225 Metric)","AEC-Q200","1210","0.126"" L x 0.098"" W (3.20mm x 2.50mm)","0.028"" (0.70mm)","2","-"
"https://www.vishay.com/docs/20043/crcwhpe3.pdf","//media.digikey.com/Photos/Vishay%20Dale%20Photos/MFG_CRCW-HP_e3_Series.jpg","CRCW121071K5FKEAHP-ND","CRCW121071K5FKEAHP","Vishay Dale","Vishay Dale","RES SMD 71.5K OHM 1% 3/4W 1210","0","0.15122","0","5000","Tape & Reel (TR)","CRCW-HP","Active","71.5 kOhms","±1%","0.75W, 3/4W","Thick Film","Automotive AEC-Q200, Pulse Withstanding","±100ppm/°C","-55°C ~ 155°C","1210 (3225 Metric)","AEC-Q200","1210","0.126"" L x 0.098"" W (3.20mm x 2.50mm)","0.028"" (0.70mm)","2","-"
"https://www.vishay.com/docs/20043/crcwhpe3.pdf","//media.digikey.com/Photos/Vishay%20Dale%20Photos/MFG_CRCW-HP_e3_Series.jpg","CRCW121073K2FKEAHP-ND","CRCW121073K2FKEAHP","Vishay Dale","Vishay Dale","RES SMD 73.2K OHM 1% 3/4W 1210","0","0.08073","0","5000","Tape & Reel (TR)","CRCW-HP","Active","73.2 kOhms","±1%","0.75W, 3/4W","Thick Film","Automotive AEC-Q200, Pulse Withstanding","±100ppm/°C","-55°C ~ 155°C","1210 (3225 Metric)","AEC-Q200","1210","0.126"" L x 0.098"" W (3.20mm x 2.50mm)","0.028"" (0.70mm)","2","-"
"https://www.vishay.com/docs/20043/crcwhpe3.pdf","//media.digikey.com/Photos/Vishay%20Dale%20Photos/MFG_CRCW-HP_e3_Series.jpg","CRCW121075K0FKEAHP-ND","CRCW121075K0FKEAHP","Vishay Dale","Vishay Dale","RES SMD 75K OHM 1% 3/4W 1210","0","0.15122","0","5000","Tape & Reel (TR)","CRCW-HP","Active","75 kOhms","±1%","0.75W, 3/4W","Thick Film","Automotive AEC-Q200, Pulse Withstanding","±100ppm/°C","-55°C ~ 155°C","1210 (3225 Metric)","AEC-Q200","1210","0.126"" L x 0.098"" W (3.20mm x 2.50mm)","0.028"" (0.70mm)","2","-"
"https://www.vishay.com/docs/20043/crcwhpe3.pdf","//media.digikey.com/Photos/Vishay%20Dale%20Photos/MFG_CRCW-HP_e3_Series.jpg","CRCW121076K8FKEAHP-ND","CRCW121076K8FKEAHP","Vishay Dale","Vishay Dale","RES SMD 76.8K OHM 1% 3/4W 1210","0","0.08073","0","5000","Tape & Reel (TR)","CRCW-HP","Active","76.8 kOhms","±1%","0.75W, 3/4W","Thick Film","Automotive AEC-Q200, Pulse Withstanding","±100ppm/°C","-55°C ~ 155°C","1210 (3225 Metric)","AEC-Q200","1210","0.126"" L x 0.098"" W (3.20mm x 2.50mm)","0.028"" (0.70mm)","2","-"
"https://www.vishay.com/docs/20043/crcwhpe3.pdf","//media.digikey.com/Photos/Vishay%20Dale%20Photos/MFG_CRCW-HP_e3_Series.jpg","CRCW121078K7FKEAHP-ND","CRCW121078K7FKEAHP","Vishay Dale","Vishay Dale","RES SMD 78.7K OHM 1% 3/4W 1210","0","0.08073","0","5000","Tape & Reel (TR)","CRCW-HP","Active","78.7 kOhms","±1%","0.75W, 3/4W","Thick Film","Automotive AEC-Q200, Pulse Withstanding","±100ppm/°C","-55°C ~ 155°C","1210 (3225 Metric)","AEC-Q200","1210","0.126"" L x 0.098"" W (3.20mm x 2.50mm)","0.028"" (0.70mm)","2","-"
"https://www.vishay.com/docs/20043/crcwhpe3.pdf","//media.digikey.com/Photos/Vishay%20Dale%20Photos/MFG_CRCW-HP_e3_Series.jpg","CRCW121080K6FKEAHP-ND","CRCW121080K6FKEAHP","Vishay Dale","Vishay Dale","RES SMD 80.6K OHM 1% 3/4W 1210","0","0.15122","0","5000","Tape & Reel (TR)","CRCW-HP","Active","80.6 kOhms","±1%","0.75W, 3/4W","Thick Film","Automotive AEC-Q200, Pulse Withstanding","±100ppm/°C","-55°C ~ 155°C","1210 (3225 Metric)","AEC-Q200","1210","0.126"" L x 0.098"" W (3.20mm x 2.50mm)","0.028"" (0.70mm)","2","-"
"https://www.vishay.com/docs/20043/crcwhpe3.pdf","//media.digikey.com/Photos/Vishay%20Dale%20Photos/MFG_CRCW-HP_e3_Series.jpg","CRCW121082K0FKEAHP-ND","CRCW121082K0FKEAHP","Vishay Dale","Vishay Dale","RES SMD 82K OHM 1% 3/4W 1210","0","0.08073","0","5000","Tape & Reel (TR)","CRCW-HP","Active","82 kOhms","±1%","0.75W, 3/4W","Thick Film","Automotive AEC-Q200, Pulse Withstanding","±100ppm/°C","-55°C ~ 155°C","1210 (3225 Metric)","AEC-Q200","1210","0.126"" L x 0.098"" W (3.20mm x 2.50mm)","0.028"" (0.70mm)","2","-"
"https://www.vishay.com/docs/20043/crcwhpe3.pdf","//media.digikey.com/Photos/Vishay%20Dale%20Photos/MFG_CRCW-HP_e3_Series.jpg","CRCW121082K5FKEAHP-ND","CRCW121082K5FKEAHP","Vishay Dale","Vishay Dale","RES SMD 82.5K OHM 1% 3/4W 1210","0","0.15122","0","5000","Tape & Reel (TR)","CRCW-HP","Active","82.5 kOhms","±1%","0.75W, 3/4W","Thick Film","Automotive AEC-Q200, Pulse Withstanding","±100ppm/°C","-55°C ~ 155°C","1210 (3225 Metric)","AEC-Q200","1210","0.126"" L x 0.098"" W (3.20mm x 2.50mm)","0.028"" (0.70mm)","2","-"
"https://www.vishay.com/docs/20043/crcwhpe3.pdf","//media.digikey.com/Photos/Vishay%20Dale%20Photos/MFG_CRCW-HP_e3_Series.jpg","CRCW121084K5FKEAHP-ND","CRCW121084K5FKEAHP","Vishay Dale","Vishay Dale","RES SMD 84.5K OHM 1% 3/4W 1210","0","0.08073","0","5000","Tape & Reel (TR)","CRCW-HP","Active","84.5 kOhms","±1%","0.75W, 3/4W","Thick Film","Automotive AEC-Q200, Pulse Withstanding","±100ppm/°C","-55°C ~ 155°C","1210 (3225 Metric)","AEC-Q200","1210","0.126"" L x 0.098"" W (3.20mm x 2.50mm)","0.028"" (0.70mm)","2","-"
"https://www.vishay.com/docs/20043/crcwhpe3.pdf","//media.digikey.com/Photos/Vishay%20Dale%20Photos/MFG_CRCW-HP_e3_Series.jpg","CRCW121086K6FKEAHP-ND","CRCW121086K6FKEAHP","Vishay Dale","Vishay Dale","RES SMD 86.6K OHM 1% 3/4W 1210","0","0.08073","0","5000","Tape & Reel (TR)","CRCW-HP","Active","86.6 kOhms","±1%","0.75W, 3/4W","Thick Film","Automotive AEC-Q200, Pulse Withstanding","±100ppm/°C","-55°C ~ 155°C","1210 (3225 Metric)","AEC-Q200","1210","0.126"" L x 0.098"" W (3.20mm x 2.50mm)","0.028"" (0.70mm)","2","-"
"https://www.vishay.com/docs/20043/crcwhpe3.pdf","//media.digikey.com/Photos/Vishay%20Dale%20Photos/MFG_CRCW-HP_e3_Series.jpg","CRCW121088K7FKEAHP-ND","CRCW121088K7FKEAHP","Vishay Dale","Vishay Dale","RES SMD 88.7K OHM 1% 3/4W 1210","0","0.15122","0","5000","Tape & Reel (TR)","CRCW-HP","Active","88.7 kOhms","±1%","0.75W, 3/4W","Thick Film","Automotive AEC-Q200, Pulse Withstanding","±100ppm/°C","-55°C ~ 155°C","1210 (3225 Metric)","AEC-Q200","1210","0.126"" L x 0.098"" W (3.20mm x 2.50mm)","0.028"" (0.70mm)","2","-"
"https://www.vishay.com/docs/20043/crcwhpe3.pdf","//media.digikey.com/Photos/Vishay%20Dale%20Photos/MFG_CRCW-HP_e3_Series.jpg","CRCW121090K9FKEAHP-ND","CRCW121090K9FKEAHP","Vishay Dale","Vishay Dale","RES SMD 90.9K OHM 1% 3/4W 1210","0","0.15122","0","5000","Tape & Reel (TR)","CRCW-HP","Active","90.9 kOhms","±1%","0.75W, 3/4W","Thick Film","Automotive AEC-Q200, Pulse Withstanding","±100ppm/°C","-55°C ~ 155°C","1210 (3225 Metric)","AEC-Q200","1210","0.126"" L x 0.098"" W (3.20mm x 2.50mm)","0.028"" (0.70mm)","2","-"
"https://www.vishay.com/docs/20043/crcwhpe3.pdf","//media.digikey.com/Photos/Vishay%20Dale%20Photos/MFG_CRCW-HP_e3_Series.jpg","CRCW121091K0FKEAHP-ND","CRCW121091K0FKEAHP","Vishay Dale","Vishay Dale","RES SMD 91K OHM 1% 3/4W 1210","0","0.08073","0","5000","Tape & Reel (TR)","CRCW-HP","Active","91 kOhms","±1%","0.75W, 3/4W","Thick Film","Automotive AEC-Q200, Pulse Withstanding","±100ppm/°C","-55°C ~ 155°C","1210 (3225 Metric)","AEC-Q200","1210","0.126"" L x 0.098"" W (3.20mm x 2.50mm)","0.028"" (0.70mm)","2","-"
"https://www.vishay.com/docs/20043/crcwhpe3.pdf","//media.digikey.com/Photos/Vishay%20Dale%20Photos/MFG_CRCW-HP_e3_Series.jpg","CRCW121093K1FKEAHP-ND","CRCW121093K1FKEAHP","Vishay Dale","Vishay Dale","RES SMD 93.1K OHM 1% 3/4W 1210","0","0.08073","0","5000","Tape & Reel (TR)","CRCW-HP","Active","93.1 kOhms","±1%","0.75W, 3/4W","Thick Film","Automotive AEC-Q200, Pulse Withstanding","±100ppm/°C","-55°C ~ 155°C","1210 (3225 Metric)","AEC-Q200","1210","0.126"" L x 0.098"" W (3.20mm x 2.50mm)","0.028"" (0.70mm)","2","-"
"https://www.vishay.com/docs/20043/crcwhpe3.pdf","//media.digikey.com/Photos/Vishay%20Dale%20Photos/MFG_CRCW-HP_e3_Series.jpg","CRCW121095K3FKEAHP-ND","CRCW121095K3FKEAHP","Vishay Dale","Vishay Dale","RES SMD 95.3K OHM 1% 3/4W 1210","0","0.08073","0","5000","Tape & Reel (TR)","CRCW-HP","Active","95.3 kOhms","±1%","0.75W, 3/4W","Thick Film","Automotive AEC-Q200, Pulse Withstanding","±100ppm/°C","-55°C ~ 155°C","1210 (3225 Metric)","AEC-Q200","1210","0.126"" L x 0.098"" W (3.20mm x 2.50mm)","0.028"" (0.70mm)","2","-"
"https://www.vishay.com/docs/20043/crcwhpe3.pdf","//media.digikey.com/Photos/Vishay%20Dale%20Photos/MFG_CRCW-HP_e3_Series.jpg","CRCW121097K6FKEAHP-ND","CRCW121097K6FKEAHP","Vishay Dale","Vishay Dale","RES SMD 97.6K OHM 1% 3/4W 1210","0","0.08073","0","5000","Tape & Reel (TR)","CRCW-HP","Active","97.6 kOhms","±1%","0.75W, 3/4W","Thick Film","Automotive AEC-Q200, Pulse Withstanding","±100ppm/°C","-55°C ~ 155°C","1210 (3225 Metric)","AEC-Q200","1210","0.126"" L x 0.098"" W (3.20mm x 2.50mm)","0.028"" (0.70mm)","2","-"
"https://www.vishay.com/docs/20043/crcwhpe3.pdf","//media.digikey.com/Photos/Vishay%20Dale%20Photos/MFG_CRCW-HP_e3_Series.jpg","541-100KDTR-ND,541-100KDCT-ND,541-100KDDKR-ND","CRCW1210100KFKEAHP","Vishay Dale","Vishay Dale","RES SMD 100K OHM 1% 3/4W 1210","0","0.66","0","1","Tape & Reel (TR),Cut Tape (CT),Digi-Reel®","CRCW-HP","Active","100 kOhms","±1%","0.75W, 3/4W","Thick Film","Automotive AEC-Q200, Pulse Withstanding","±100ppm/°C","-55°C ~ 155°C","1210 (3225 Metric)","AEC-Q200","1210","0.126"" L x 0.098"" W (3.20mm x 2.50mm)","0.028"" (0.70mm)","2","-"
"https://www.vishay.com/docs/20043/crcwhpe3.pdf","//media.digikey.com/Photos/Vishay%20Dale%20Photos/MFG_CRCW-HP_e3_Series.jpg","CRCW1210102KFKEAHP-ND","CRCW1210102KFKEAHP","Vishay Dale","Vishay Dale","RES SMD 102K OHM 1% 3/4W 1210","0","0.08073","0","5000","Tape & Reel (TR)","CRCW-HP","Active","102 kOhms","±1%","0.75W, 3/4W","Thick Film","Automotive AEC-Q200, Pulse Withstanding","±100ppm/°C","-55°C ~ 155°C","1210 (3225 Metric)","AEC-Q200","1210","0.126"" L x 0.098"" W (3.20mm x 2.50mm)","0.028"" (0.70mm)","2","-"
"https://www.vishay.com/docs/20043/crcwhpe3.pdf","//media.digikey.com/Photos/Vishay%20Dale%20Photos/MFG_CRCW-HP_e3_Series.jpg","CRCW1210105KFKEAHP-ND","CRCW1210105KFKEAHP","Vishay Dale","Vishay Dale","RES SMD 105K OHM 1% 3/4W 1210","0","0.08073","0","5000","Tape & Reel (TR)","CRCW-HP","Active","105 kOhms","±1%","0.75W, 3/4W","Thick Film","Automotive AEC-Q200, Pulse Withstanding","±100ppm/°C","-55°C ~ 155°C","1210 (3225 Metric)","AEC-Q200","1210","0.126"" L x 0.098"" W (3.20mm x 2.50mm)","0.028"" (0.70mm)","2","-"
"https://www.vishay.com/docs/20043/crcwhpe3.pdf","//media.digikey.com/Photos/Vishay%20Dale%20Photos/MFG_CRCW-HP_e3_Series.jpg","CRCW1210107KFKEAHP-ND","CRCW1210107KFKEAHP","Vishay Dale","Vishay Dale","RES SMD 107K OHM 1% 3/4W 1210","0","0.08073","0","5000","Tape & Reel (TR)","CRCW-HP","Active","107 kOhms","±1%","0.75W, 3/4W","Thick Film","Automotive AEC-Q200, Pulse Withstanding","±100ppm/°C","-55°C ~ 155°C","1210 (3225 Metric)","AEC-Q200","1210","0.126"" L x 0.098"" W (3.20mm x 2.50mm)","0.028"" (0.70mm)","2","-"
"https://www.vishay.com/docs/20043/crcwhpe3.pdf","//media.digikey.com/Photos/Vishay%20Dale%20Photos/MFG_CRCW-HP_e3_Series.jpg","CRCW1210110KFKEAHP-ND","CRCW1210110KFKEAHP","Vishay Dale","Vishay Dale","RES SMD 110K OHM 1% 3/4W 1210","0","0.08073","0","5000","Tape & Reel (TR)","CRCW-HP","Active","110 kOhms","±1%","0.75W, 3/4W","Thick Film","Automotive AEC-Q200, Pulse Withstanding","±100ppm/°C","-55°C ~ 155°C","1210 (3225 Metric)","AEC-Q200","1210","0.126"" L x 0.098"" W (3.20mm x 2.50mm)","0.028"" (0.70mm)","2","-"
"https://www.vishay.com/docs/20043/crcwhpe3.pdf","//media.digikey.com/Photos/Vishay%20Dale%20Photos/MFG_CRCW-HP_e3_Series.jpg","CRCW1210113KFKEAHP-ND","CRCW1210113KFKEAHP","Vishay Dale","Vishay Dale","RES SMD 113K OHM 1% 3/4W 1210","0","0.08073","0","5000","Tape & Reel (TR)","CRCW-HP","Active","113 kOhms","±1%","0.75W, 3/4W","Thick Film","Automotive AEC-Q200, Pulse Withstanding","±100ppm/°C","-55°C ~ 155°C","1210 (3225 Metric)","AEC-Q200","1210","0.126"" L x 0.098"" W (3.20mm x 2.50mm)","0.028"" (0.70mm)","2","-"
"https://www.vishay.com/docs/20043/crcwhpe3.pdf","//media.digikey.com/Photos/Vishay%20Dale%20Photos/MFG_CRCW-HP_e3_Series.jpg","CRCW1210115KFKEAHP-ND","CRCW1210115KFKEAHP","Vishay Dale","Vishay Dale","RES SMD 115K OHM 1% 3/4W 1210","0","0.08073","0","5000","Tape & Reel (TR)","CRCW-HP","Active","115 kOhms","±1%","0.75W, 3/4W","Thick Film","Automotive AEC-Q200, Pulse Withstanding","±100ppm/°C","-55°C ~ 155°C","1210 (3225 Metric)","AEC-Q200","1210","0.126"" L x 0.098"" W (3.20mm x 2.50mm)","0.028"" (0.70mm)","2","-"
"https://www.vishay.com/docs/20043/crcwhpe3.pdf","//media.digikey.com/Photos/Vishay%20Dale%20Photos/MFG_CRCW-HP_e3_Series.jpg","CRCW1210118KFKEAHP-ND","CRCW1210118KFKEAHP","Vishay Dale","Vishay Dale","RES SMD 118K OHM 1% 3/4W 1210","0","0.08073","0","5000","Tape & Reel (TR)","CRCW-HP","Active","118 kOhms","±1%","0.75W, 3/4W","Thick Film","Automotive AEC-Q200, Pulse Withstanding","±100ppm/°C","-55°C ~ 155°C","1210 (3225 Metric)","AEC-Q200","1210","0.126"" L x 0.098"" W (3.20mm x 2.50mm)","0.028"" (0.70mm)","2","-"
"https://www.vishay.com/docs/20043/crcwhpe3.pdf","//media.digikey.com/Photos/Vishay%20Dale%20Photos/MFG_CRCW-HP_e3_Series.jpg","CRCW1210120KFKEAHP-ND","CRCW1210120KFKEAHP","Vishay Dale","Vishay Dale","RES SMD 120K OHM 1% 3/4W 1210","0","0.08073","0","5000","Tape & Reel (TR)","CRCW-HP","Active","120 kOhms","±1%","0.75W, 3/4W","Thick Film","Automotive AEC-Q200, Pulse Withstanding","±100ppm/°C","-55°C ~ 155°C","1210 (3225 Metric)","AEC-Q200","1210","0.126"" L x 0.098"" W (3.20mm x 2.50mm)","0.028"" (0.70mm)","2","-"
"https://www.vishay.com/docs/20043/crcwhpe3.pdf","//media.digikey.com/Photos/Vishay%20Dale%20Photos/MFG_CRCW-HP_e3_Series.jpg","CRCW1210121KFKEAHP-ND","CRCW1210121KFKEAHP","Vishay Dale","Vishay Dale","RES SMD 121K OHM 1% 3/4W 1210","0","0.08073","0","5000","Tape & Reel (TR)","CRCW-HP","Active","121 kOhms","±1%","0.75W, 3/4W","Thick Film","Automotive AEC-Q200, Pulse Withstanding","±100ppm/°C","-55°C ~ 155°C","1210 (3225 Metric)","AEC-Q200","1210","0.126"" L x 0.098"" W (3.20mm x 2.50mm)","0.028"" (0.70mm)","2","-"
"https://www.vishay.com/docs/20043/crcwhpe3.pdf","//media.digikey.com/Photos/Vishay%20Dale%20Photos/MFG_CRCW-HP_e3_Series.jpg","CRCW1210124KFKEAHP-ND","CRCW1210124KFKEAHP","Vishay Dale","Vishay Dale","RES SMD 124K OHM 1% 3/4W 1210","0","0.15122","0","5000","Tape & Reel (TR)","CRCW-HP","Active","124 kOhms","±1%","0.75W, 3/4W","Thick Film","Automotive AEC-Q200, Pulse Withstanding","±100ppm/°C","-55°C ~ 155°C","1210 (3225 Metric)","AEC-Q200","1210","0.126"" L x 0.098"" W (3.20mm x 2.50mm)","0.028"" (0.70mm)","2","-"
"https://www.vishay.com/docs/20043/crcwhpe3.pdf","//media.digikey.com/Photos/Vishay%20Dale%20Photos/MFG_CRCW-HP_e3_Series.jpg","CRCW1210127KFKEAHP-ND","CRCW1210127KFKEAHP","Vishay Dale","Vishay Dale","RES SMD 127K OHM 1% 3/4W 1210","0","0.08073","0","5000","Tape & Reel (TR)","CRCW-HP","Active","127 kOhms","±1%","0.75W, 3/4W","Thick Film","Automotive AEC-Q200, Pulse Withstanding","±100ppm/°C","-55°C ~ 155°C","1210 (3225 Metric)","AEC-Q200","1210","0.126"" L x 0.098"" W (3.20mm x 2.50mm)","0.028"" (0.70mm)","2","-"
"https://www.vishay.com/docs/20043/crcwhpe3.pdf","//media.digikey.com/Photos/Vishay%20Dale%20Photos/MFG_CRCW-HP_e3_Series.jpg","CRCW1210130KFKEAHP-ND","CRCW1210130KFKEAHP","Vishay Dale","Vishay Dale","RES SMD 130K OHM 1% 3/4W 1210","0","0.15122","0","5000","Tape & Reel (TR)","CRCW-HP","Active","130 kOhms","±1%","0.75W, 3/4W","Thick Film","Automotive AEC-Q200, Pulse Withstanding","±100ppm/°C","-55°C ~ 155°C","1210 (3225 Metric)","AEC-Q200","1210","0.126"" L x 0.098"" W (3.20mm x 2.50mm)","0.028"" (0.70mm)","2","-"
"https://www.vishay.com/docs/20043/crcwhpe3.pdf","//media.digikey.com/Photos/Vishay%20Dale%20Photos/MFG_CRCW-HP_e3_Series.jpg","CRCW1210133KFKEAHP-ND","CRCW1210133KFKEAHP","Vishay Dale","Vishay Dale","RES SMD 133K OHM 1% 3/4W 1210","0","0.08073","0","5000","Tape & Reel (TR)","CRCW-HP","Active","133 kOhms","±1%","0.75W, 3/4W","Thick Film","Automotive AEC-Q200, Pulse Withstanding","±100ppm/°C","-55°C ~ 155°C","1210 (3225 Metric)","AEC-Q200","1210","0.126"" L x 0.098"" W (3.20mm x 2.50mm)","0.028"" (0.70mm)","2","-"
"https://www.vishay.com/docs/20043/crcwhpe3.pdf","//media.digikey.com/Photos/Vishay%20Dale%20Photos/MFG_CRCW-HP_e3_Series.jpg","CRCW1210137KFKEAHP-ND","CRCW1210137KFKEAHP","Vishay Dale","Vishay Dale","RES SMD 137K OHM 1% 3/4W 1210","0","0.08073","0","5000","Tape & Reel (TR)","CRCW-HP","Active","137 kOhms","±1%","0.75W, 3/4W","Thick Film","Automotive AEC-Q200, Pulse Withstanding","±100ppm/°C","-55°C ~ 155°C","1210 (3225 Metric)","AEC-Q200","1210","0.126"" L x 0.098"" W (3.20mm x 2.50mm)","0.028"" (0.70mm)","2","-"
"https://www.vishay.com/docs/20043/crcwhpe3.pdf","//media.digikey.com/Photos/Vishay%20Dale%20Photos/MFG_CRCW-HP_e3_Series.jpg","541-140KDTR-ND,541-140KDCT-ND,541-140KDDKR-ND","CRCW1210140KFKEAHP","Vishay Dale","Vishay Dale","RES SMD 140K OHM 1% 3/4W 1210","8,942","0.66","0","1","Tape & Reel (TR),Cut Tape (CT),Digi-Reel®","CRCW-HP","Active","140 kOhms","±1%","0.75W, 3/4W","Thick Film","Automotive AEC-Q200, Pulse Withstanding","±100ppm/°C","-55°C ~ 155°C","1210 (3225 Metric)","AEC-Q200","1210","0.126"" L x 0.098"" W (3.20mm x 2.50mm)","0.028"" (0.70mm)","2","-"
"https://www.vishay.com/docs/20043/crcwhpe3.pdf","//media.digikey.com/Photos/Vishay%20Dale%20Photos/MFG_CRCW-HP_e3_Series.jpg","CRCW1210143KFKEAHP-ND","CRCW1210143KFKEAHP","Vishay Dale","Vishay Dale","RES SMD 143K OHM 1% 3/4W 1210","0","0.08073","0","5000","Tape & Reel (TR)","CRCW-HP","Active","143 kOhms","±1%","0.75W, 3/4W","Thick Film","Automotive AEC-Q200, Pulse Withstanding","±100ppm/°C","-55°C ~ 155°C","1210 (3225 Metric)","AEC-Q200","1210","0.126"" L x 0.098"" W (3.20mm x 2.50mm)","0.028"" (0.70mm)","2","-"
"https://www.vishay.com/docs/20043/crcwhpe3.pdf","//media.digikey.com/Photos/Vishay%20Dale%20Photos/MFG_CRCW-HP_e3_Series.jpg","CRCW1210147KFKEAHP-ND","CRCW1210147KFKEAHP","Vishay Dale","Vishay Dale","RES SMD 147K OHM 1% 3/4W 1210","0","0.08073","0","5000","Tape & Reel (TR)","CRCW-HP","Active","147 kOhms","±1%","0.75W, 3/4W","Thick Film","Automotive AEC-Q200, Pulse Withstanding","±100ppm/°C","-55°C ~ 155°C","1210 (3225 Metric)","AEC-Q200","1210","0.126"" L x 0.098"" W (3.20mm x 2.50mm)","0.028"" (0.70mm)","2","-"
"https://www.vishay.com/docs/20043/crcwhpe3.pdf","//media.digikey.com/Photos/Vishay%20Dale%20Photos/MFG_CRCW-HP_e3_Series.jpg","CRCW1210150KFKEAHP-ND","CRCW1210150KFKEAHP","Vishay Dale","Vishay Dale","RES SMD 150K OHM 1% 3/4W 1210","0","0.15122","0","5000","Tape & Reel (TR)","CRCW-HP","Active","150 kOhms","±1%","0.75W, 3/4W","Thick Film","Automotive AEC-Q200, Pulse Withstanding","±100ppm/°C","-55°C ~ 155°C","1210 (3225 Metric)","AEC-Q200","1210","0.126"" L x 0.098"" W (3.20mm x 2.50mm)","0.028"" (0.70mm)","2","-"
"https://www.vishay.com/docs/20043/crcwhpe3.pdf","//media.digikey.com/Photos/Vishay%20Dale%20Photos/MFG_CRCW-HP_e3_Series.jpg","CRCW1210154KFKEAHP-ND","CRCW1210154KFKEAHP","Vishay Dale","Vishay Dale","RES SMD 154K OHM 1% 3/4W 1210","0","0.15122","0","5000","Tape & Reel (TR)","CRCW-HP","Active","154 kOhms","±1%","0.75W, 3/4W","Thick Film","Automotive AEC-Q200, Pulse Withstanding","±100ppm/°C","-55°C ~ 155°C","1210 (3225 Metric)","AEC-Q200","1210","0.126"" L x 0.098"" W (3.20mm x 2.50mm)","0.028"" (0.70mm)","2","-"
"https://www.vishay.com/docs/20043/crcwhpe3.pdf","//media.digikey.com/Photos/Vishay%20Dale%20Photos/MFG_CRCW-HP_e3_Series.jpg","CRCW1210158KFKEAHP-ND","CRCW1210158KFKEAHP","Vishay Dale","Vishay Dale","RES SMD 158K OHM 1% 3/4W 1210","0","0.08073","0","5000","Tape & Reel (TR)","CRCW-HP","Active","158 kOhms","±1%","0.75W, 3/4W","Thick Film","Automotive AEC-Q200, Pulse Withstanding","±100ppm/°C","-55°C ~ 155°C","1210 (3225 Metric)","AEC-Q200","1210","0.126"" L x 0.098"" W (3.20mm x 2.50mm)","0.028"" (0.70mm)","2","-"
"https://www.vishay.com/docs/20043/crcwhpe3.pdf","//media.digikey.com/Photos/Vishay%20Dale%20Photos/MFG_CRCW-HP_e3_Series.jpg","CRCW1210160KFKEAHP-ND","CRCW1210160KFKEAHP","Vishay Dale","Vishay Dale","RES SMD 160K OHM 1% 3/4W 1210","0","0.08073","0","5000","Tape & Reel (TR)","CRCW-HP","Active","160 kOhms","±1%","0.75W, 3/4W","Thick Film","Automotive AEC-Q200, Pulse Withstanding","±100ppm/°C","-55°C ~ 155°C","1210 (3225 Metric)","AEC-Q200","1210","0.126"" L x 0.098"" W (3.20mm x 2.50mm)","0.028"" (0.70mm)","2","-"
"https://www.vishay.com/docs/20043/crcwhpe3.pdf","//media.digikey.com/Photos/Vishay%20Dale%20Photos/MFG_CRCW-HP_e3_Series.jpg","CRCW1210162KFKEAHP-ND","CRCW1210162KFKEAHP","Vishay Dale","Vishay Dale","RES SMD 162K OHM 1% 3/4W 1210","0","0.08073","0","5000","Tape & Reel (TR)","CRCW-HP","Active","162 kOhms","±1%","0.75W, 3/4W","Thick Film","Automotive AEC-Q200, Pulse Withstanding","±100ppm/°C","-55°C ~ 155°C","1210 (3225 Metric)","AEC-Q200","1210","0.126"" L x 0.098"" W (3.20mm x 2.50mm)","0.028"" (0.70mm)","2","-"
"https://www.vishay.com/docs/20043/crcwhpe3.pdf","//media.digikey.com/Photos/Vishay%20Dale%20Photos/MFG_CRCW-HP_e3_Series.jpg","CRCW1210165KFKEAHP-ND","CRCW1210165KFKEAHP","Vishay Dale","Vishay Dale","RES SMD 165K OHM 1% 3/4W 1210","0","0.08073","0","5000","Tape & Reel (TR)","CRCW-HP","Active","165 kOhms","±1%","0.75W, 3/4W","Thick Film","Automotive AEC-Q200, Pulse Withstanding","±100ppm/°C","-55°C ~ 155°C","1210 (3225 Metric)","AEC-Q200","1210","0.126"" L x 0.098"" W (3.20mm x 2.50mm)","0.028"" (0.70mm)","2","-"
"https://www.vishay.com/docs/20043/crcwhpe3.pdf","//media.digikey.com/Photos/Vishay%20Dale%20Photos/MFG_CRCW-HP_e3_Series.jpg","CRCW1210169KFKEAHP-ND","CRCW1210169KFKEAHP","Vishay Dale","Vishay Dale","RES SMD 169K OHM 1% 3/4W 1210","0","0.08073","0","5000","Tape & Reel (TR)","CRCW-HP","Active","169 kOhms","±1%","0.75W, 3/4W","Thick Film","Automotive AEC-Q200, Pulse Withstanding","±100ppm/°C","-55°C ~ 155°C","1210 (3225 Metric)","AEC-Q200","1210","0.126"" L x 0.098"" W (3.20mm x 2.50mm)","0.028"" (0.70mm)","2","-"
"https://www.vishay.com/docs/20043/crcwhpe3.pdf","//media.digikey.com/Photos/Vishay%20Dale%20Photos/MFG_CRCW-HP_e3_Series.jpg","CRCW1210174KFKEAHP-ND","CRCW1210174KFKEAHP","Vishay Dale","Vishay Dale","RES SMD 174K OHM 1% 3/4W 1210","0","0.08073","0","5000","Tape & Reel (TR)","CRCW-HP","Active","174 kOhms","±1%","0.75W, 3/4W","Thick Film","Automotive AEC-Q200, Pulse Withstanding","±100ppm/°C","-55°C ~ 155°C","1210 (3225 Metric)","AEC-Q200","1210","0.126"" L x 0.098"" W (3.20mm x 2.50mm)","0.028"" (0.70mm)","2","-"
"https://www.vishay.com/docs/20043/crcwhpe3.pdf","//media.digikey.com/Photos/Vishay%20Dale%20Photos/MFG_CRCW-HP_e3_Series.jpg","CRCW1210178KFKEAHP-ND","CRCW1210178KFKEAHP","Vishay Dale","Vishay Dale","RES SMD 178K OHM 1% 3/4W 1210","0","0.08073","0","5000","Tape & Reel (TR)","CRCW-HP","Active","178 kOhms","±1%","0.75W, 3/4W","Thick Film","Automotive AEC-Q200, Pulse Withstanding","±100ppm/°C","-55°C ~ 155°C","1210 (3225 Metric)","AEC-Q200","1210","0.126"" L x 0.098"" W (3.20mm x 2.50mm)","0.028"" (0.70mm)","2","-"
